slug,name,positions,age,team,games_played,games_started,minutes_played,made_field_goals,attempted_field_goals,made_three_point_field_goals,attempted_three_point_field_goals,made_free_throws,attempted_free_throws,offensive_rebounds,defensive_rebounds,assists,steals,blocks,turnovers,personal_fouls,points
abdulta01,Tariq Abdul-Wahad,SHOOTING GUARD,28,DALLAS MAVERICKS,14,0,204,27,58,0,1,3,6,14,26,21,6,3,7,26,57
abdursh01,Shareef Abdur-Rahim,POWER FORWARD,26,ATLANTA HAWKS,81,81,3087,566,1183,21,60,455,541,175,502,242,87,38,212,240,1608
alexaco02,Courtney Alexander,POINT GUARD,25,NEW ORLEANS HORNETS,66,7,1360,193,505,19,57,118,146,39,79,79,31,6,68,125,523
allenma01,Malik Allen,POWER FORWARD,24,MIAMI HEAT,80,73,2318,335,790,0,4,97,121,134,291,54,37,78,128,234,767
allenra02,Ray Allen,SHOOTING GUARD,27,MILWAUKEE BUCKS,47,46,1683,351,803,123,311,178,195,45,173,164,57,11,117,149,1003
allenra02,Ray Allen,SHOOTING GUARD,27,SEATTLE SUPERSONICS,29,29,1197,247,560,78,222,138,150,49,114,170,46,3,81,71,710
alstora01,Rafer Alston,POINT GUARD,26,TORONTO RAPTORS,47,4,980,139,335,51,130,37,54,21,86,192,38,15,86,120,366
amaecjo01,John Amaechi,CENTER,32,UTAH JAZZ,50,1,474,37,118,0,0,25,52,26,51,21,14,7,34,50,99
anderch01,Chris Andersen,CENTER,24,DENVER NUGGETS,59,3,907,114,285,0,1,77,140,109,165,32,30,60,60,90,305
anderde01,Derek Anderson,POINT GUARD,28,PORTLAND TRAIL BLAZERS,76,76,2556,355,832,116,331,231,269,53,211,325,90,16,128,141,1057
anderke01,Kenny Anderson,POINT GUARD,32,SEATTLE SUPERSONICS,38,1,689,102,232,0,5,29,35,17,70,121,40,1,33,63,233
anderke01,Kenny Anderson,POINT GUARD,32,NEW ORLEANS HORNETS,23,1,446,61,150,1,2,16,22,14,31,77,18,4,42,43,139
andersh01,Shandon Anderson,SMALL FORWARD,29,NEW YORK KNICKS,82,9,1731,248,537,52,140,139,190,64,190,87,73,20,114,177,687
archiro01,Robert Archibald,POWER FORWARD,22,MEMPHIS GRIZZLIES,12,0,72,6,20,0,0,7,18,6,11,3,0,3,7,9,19
arenagi01,Gilbert Arenas,POINT GUARD,21,GOLDEN STATE WARRIORS,82,82,2866,509,1180,109,313,370,468,97,289,514,124,17,290,260,1497
armstbr01,Brandon Armstrong,SHOOTING GUARD,22,NEW JERSEY NETS,17,0,69,9,27,1,6,5,6,0,4,2,3,1,5,8,24
armstda01,Darrell Armstrong,POINT GUARD,34,ORLANDO MAGIC,82,23,2350,263,643,78,232,165,188,91,204,323,135,13,160,167,769
arroyca01,Carlos Arroyo,POINT GUARD,23,UTAH JAZZ,44,0,287,50,109,3,7,18,22,11,15,53,12,1,30,28,121
atkinch01,Chucky Atkins,POINT GUARD,28,DETROIT PISTONS,65,7,1398,168,465,86,242,40,49,21,75,175,27,4,77,108,462
augmost01,Stacey Augmon,SHOOTING GUARD,34,NEW ORLEANS HORNETS,70,3,862,79,192,0,7,54,72,26,93,69,27,9,40,80,212
bagarda01,Dalibor Bagarić,CENTER,22,CHICAGO BULLS,10,0,76,8,26,0,0,3,4,7,13,4,3,3,5,11,19
bakervi01,Vin Baker,CENTER,31,BOSTON CELTICS,52,9,942,99,207,0,4,72,107,90,108,29,22,30,61,146,270
barrybr01,Brent Barry,SHOOTING GUARD,31,SEATTLE SUPERSONICS,75,68,2480,264,577,118,293,128,161,48,253,384,113,15,142,199,774
barryjo01,Jon Barry,SHOOTING GUARD,33,DETROIT PISTONS,80,0,1473,191,424,87,214,86,100,33,147,206,63,14,81,104,555
bastoma01,Maceo Baston,POWER FORWARD,27,TORONTO RAPTORS,16,0,106,15,25,0,0,10,12,4,19,0,4,11,6,16,40
bateeme01,Mengke Bateer,CENTER,27,SAN ANTONIO SPURS,12,0,46,4,17,1,3,0,2,2,8,4,0,0,6,14,9
batismi01,Mike Batiste,POWER FORWARD,25,MEMPHIS GRIZZLIES,75,2,1248,197,467,18,81,69,88,82,175,52,42,16,69,120,481
battito01,Tony Battie,CENTER,26,BOSTON CELTICS,67,62,1683,199,369,1,5,88,118,148,285,49,33,81,48,197,487
battish01,Shane Battier,SMALL FORWARD,24,MEMPHIS GRIZZLIES,78,47,2383,275,569,86,216,120,145,128,217,105,102,88,68,207,756
baxtelo01,Lonny Baxter,CENTER,24,CHICAGO BULLS,55,0,682,96,206,0,2,70,103,65,100,16,9,22,46,135,262
bellra01,Raja Bell,SHOOTING GUARD,26,DALLAS MAVERICKS,75,32,1173,93,211,21,51,23,34,47,98,57,52,8,43,134,230
bendejo01,Jonathan Bender,SMALL FORWARD,22,INDIANA PACERS,46,2,819,112,254,19,53,60,84,42,91,42,8,56,42,86,303
benjaco01,Corey Benjamin,SHOOTING GUARD,24,ATLANTA HAWKS,9,0,152,13,43,2,13,12,16,10,21,10,1,2,6,20,40
besttr01,Travis Best,POINT GUARD,30,MIAMI HEAT,72,52,1807,231,583,36,109,105,123,26,121,255,44,7,106,174,603
bibbymi01,Mike Bibby,POINT GUARD,24,SACRAMENTO KINGS,55,55,1835,329,700,56,137,161,187,34,113,285,72,8,127,93,875
billuch01,Chauncey Billups,POINT GUARD,26,DETROIT PISTONS,74,74,2327,366,870,149,380,318,362,38,235,287,63,15,134,136,1199
blounco01,Corie Blount,CENTER,34,CHICAGO BULLS,50,3,836,65,134,0,0,20,35,68,137,50,33,19,43,121,150
blounma01,Mark Blount,CENTER,27,DENVER NUGGETS,54,24,885,105,267,0,0,71,99,62,121,35,22,51,70,112,281
blounma01,Mark Blount,CENTER,27,BOSTON CELTICS,27,7,518,45,80,0,0,30,40,49,76,21,20,17,33,75,120
boothca01,Calvin Booth,CENTER,26,SEATTLE SUPERSONICS,47,0,575,52,119,0,2,34,47,32,77,12,11,33,22,74,138
boozeca01,Carlos Boozer,POWER FORWARD,21,CLEVELAND CAVALIERS,81,54,2049,331,618,0,1,148,192,202,407,106,59,50,103,224,810
boumtru01,Ruben Boumtje-Boumtje,CENTER,24,PORTLAND TRAIL BLAZERS,2,0,5,0,1,0,0,0,0,1,0,1,1,0,0,0,0
bowenbr01,Bruce Bowen,SMALL FORWARD,31,SAN ANTONIO SPURS,82,82,2566,223,479,101,229,36,89,59,180,113,66,42,72,195,583
bowenry01,Ryan Bowen,SHOOTING GUARD,27,DENVER NUGGETS,62,31,996,97,197,2,7,27,41,78,79,54,65,29,43,82,223
boykiea01,Earl Boykins,POINT GUARD,26,GOLDEN STATE WARRIORS,68,0,1321,199,464,29,77,173,200,35,53,221,38,4,73,75,600
bradlmi01,Michael Bradley,POWER FORWARD,23,TORONTO RAPTORS,67,11,1314,151,314,1,6,35,67,162,247,67,16,32,76,125,338
bradlsh01,Shawn Bradley,CENTER,30,DALLAS MAVERICKS,81,39,1731,201,375,0,1,141,175,151,325,54,65,170,67,242,543
brandel01,Elton Brand,POWER FORWARD,23,LOS ANGELES CLIPPERS,62,61,2454,451,899,0,1,244,356,283,420,157,71,158,161,204,1146
bremejr01,J.R. Bremer,POINT GUARD,22,BOSTON CELTICS,64,41,1503,171,464,101,286,85,111,18,127,164,38,3,59,80,528
breweja01,Jamison Brewer,POINT GUARD,22,INDIANA PACERS,10,0,80,9,17,0,2,4,9,5,4,18,2,1,6,11,22
brezepr01,Primož Brezec,CENTER,23,INDIANA PACERS,22,1,111,15,38,0,1,12,20,13,10,4,2,4,7,16,42
brownda02,Damone Brown,POWER FORWARD,23,TORONTO RAPTORS,5,3,115,11,35,0,2,6,8,3,12,3,1,0,6,14,28
brownde02,Devin Brown,SHOOTING GUARD,24,SAN ANTONIO SPURS,7,0,22,5,10,0,0,2,2,4,3,2,0,0,5,3,12
brownde02,Devin Brown,SHOOTING GUARD,24,DENVER NUGGETS,3,2,71,7,25,0,1,4,6,4,7,5,4,1,4,11,18
brownke01,Kedrick Brown,SMALL FORWARD,21,BOSTON CELTICS,51,5,666,61,171,3,39,20,32,45,95,20,34,13,23,68,145
brownkw01,Kwame Brown,CENTER,20,WASHINGTON WIZARDS,80,20,1773,224,502,0,3,145,217,128,298,58,50,80,110,159,593
brownpj01,P.J. Brown,POWER FORWARD,33,NEW ORLEANS HORNETS,78,78,2609,319,601,0,3,194,232,243,458,147,67,80,98,203,832
brownra02,Randy Brown,POINT GUARD,34,PHOENIX SUNS,32,0,262,16,43,0,0,9,12,3,23,35,17,2,17,36,41
brownti01,Tierre Brown,POINT GUARD,23,CLEVELAND CAVALIERS,15,0,168,27,59,0,1,11,14,8,22,39,13,0,22,9,65
brunsri01,Rick Brunson,POINT GUARD,30,CHICAGO BULLS,17,0,196,23,50,4,6,10,12,4,15,36,10,3,17,20,60
bryanko01,Kobe Bryant,SHOOTING GUARD,24,LOS ANGELES LAKERS,82,82,3401,868,1924,124,324,601,713,106,458,481,181,67,288,218,2461
bryanma01,Mark Bryant,POWER FORWARD,37,PHILADELPHIA 76ERS,11,0,77,5,17,0,0,2,2,7,9,1,1,1,5,12,12
bryanma01,Mark Bryant,POWER FORWARD,37,DENVER NUGGETS,3,0,14,0,1,0,0,1,2,1,1,2,0,0,2,4,1
bryanma01,Mark Bryant,POWER FORWARD,37,BOSTON CELTICS,2,0,9,0,1,0,0,0,0,0,2,1,0,0,0,2,0
buckngr01,Greg Buckner,SHOOTING GUARD,26,PHILADELPHIA 76ERS,75,5,1514,185,398,15,55,65,81,72,144,96,72,16,62,203,450
burkepa01,Pat Burke,CENTER,29,ORLANDO MAGIC,62,8,783,113,296,1,7,40,58,57,89,23,19,25,47,99,267
butleca01,Caron Butler,SMALL FORWARD,22,MIAMI HEAT,78,78,2858,429,1032,34,107,309,375,135,262,213,137,31,192,230,1201
butlera01,Rasual Butler,SHOOTING GUARD,23,MIAMI HEAT,72,28,1514,207,572,50,171,76,104,29,157,93,21,43,77,105,540
caffeja01,Jason Caffey,POWER FORWARD,29,MILWAUKEE BUCKS,51,16,894,113,248,0,0,69,106,68,108,38,19,15,56,122,295
cambyma01,Marcus Camby,CENTER,28,DENVER NUGGETS,29,9,616,93,227,2,5,33,50,75,133,47,20,40,27,69,221
campbel01,Elden Campbell,CENTER,34,NEW ORLEANS HORNETS,41,1,685,101,247,0,1,93,115,34,108,42,24,31,42,102,295
campbel01,Elden Campbell,CENTER,34,SEATTLE SUPERSONICS,15,0,184,16,48,0,0,16,21,13,26,9,9,8,8,27,48
cardibr01,Brian Cardinal,POWER FORWARD,25,WASHINGTON WIZARDS,5,0,15,1,4,0,1,2,2,3,2,1,0,0,1,0,4
cartean01,Anthony Carter,POINT GUARD,27,MIAMI HEAT,49,26,912,83,233,0,8,33,50,12,71,203,45,5,81,70,199
cartevi01,Vince Carter,SHOOTING GUARD,26,TORONTO RAPTORS,43,42,1471,355,760,45,131,129,160,59,129,143,48,41,74,121,884
cassesa01,Sam Cassell,POINT GUARD,33,MILWAUKEE BUCKS,78,77,2700,546,1162,59,163,385,447,57,285,450,88,14,177,216,1536
catoke01,Kelvin Cato,CENTER,28,HOUSTON ROCKETS,73,5,1247,133,256,0,4,66,124,132,296,20,38,85,56,176,332
chandty01,Tyson Chandler,CENTER,20,CHICAGO BULLS,75,68,1827,257,484,0,0,177,291,169,345,76,37,106,135,220,691
cheanca01,Calbert Cheaney,SHOOTING GUARD,31,UTAH JAZZ,81,74,2351,325,651,10,25,40,69,73,211,163,65,13,108,225,700
childch01,Chris Childs,POINT GUARD,35,NEW JERSEY NETS,12,0,106,6,20,1,6,2,3,3,2,16,8,1,6,17,15
chrisdo01,Doug Christie,SHOOTING GUARD,32,SACRAMENTO KINGS,80,80,2710,267,557,73,185,141,174,61,281,376,180,37,144,186,748
clarkke01,Keon Clark,CENTER,27,SACRAMENTO KINGS,80,11,1780,226,451,0,4,84,128,138,313,80,38,150,94,227,536
claxtsp01,Speedy Claxton,POINT GUARD,24,SAN ANTONIO SPURS,30,0,471,67,145,0,11,39,57,22,34,75,22,7,35,43,173
cleavma01,Mateen Cleaves,POINT GUARD,25,SACRAMENTO KINGS,12,0,55,6,23,1,1,3,4,1,7,10,2,0,14,6,16
colemde01,Derrick Coleman,CENTER,35,PHILADELPHIA 76ERS,64,35,1742,223,498,22,67,134,171,151,299,87,53,69,96,171,602
colesbi01,Bimbo Coles,POINT GUARD,34,CLEVELAND CAVALIERS,21,11,516,34,119,7,25,27,34,10,38,56,11,4,18,43,102
colesbi01,Bimbo Coles,POINT GUARD,34,BOSTON CELTICS,14,0,175,22,49,0,7,8,8,1,10,16,6,0,10,17,52
collija02,Jason Collier,CENTER,25,HOUSTON ROCKETS,13,3,104,17,36,0,0,2,2,12,17,1,2,1,2,10,36
collija03,Jarron Collins,CENTER,24,UTAH JAZZ,22,7,421,38,86,0,1,44,62,32,28,14,5,6,19,70,120
collija04,Jason Collins,CENTER,24,NEW JERSEY NETS,81,66,1900,140,338,0,4,180,236,136,232,87,47,44,85,252,460
crawfch01,Chris Crawford,POWER FORWARD,27,ATLANTA HAWKS,5,0,38,8,13,1,3,7,8,3,4,1,2,3,2,7,24
crawfja01,Jamal Crawford,POINT GUARD,22,CHICAGO BULLS,80,31,1992,334,808,86,242,104,129,21,164,334,77,25,134,126,858
croshau01,Austin Croshere,POWER FORWARD,27,INDIANA PACERS,49,0,633,86,209,27,69,53,65,40,115,56,6,13,28,48,252
crottjo01,John Crotty,POINT GUARD,33,DENVER NUGGETS,12,0,180,14,41,4,13,9,15,1,14,29,3,0,9,16,41
curryed01,Eddy Curry,CENTER,20,CHICAGO BULLS,81,48,1571,335,573,0,0,179,287,116,237,37,18,62,137,226,849
currymi01,Michael Curry,SMALL FORWARD,34,DETROIT PISTONS,78,77,1555,92,229,16,54,36,45,16,111,104,44,4,43,163,236
dampier01,Erick Dampier,CENTER,27,GOLDEN STATE WARRIORS,82,82,1978,259,522,0,2,155,222,248,295,58,27,154,112,242,673
daniean01,Antonio Daniels,SHOOTING GUARD,27,PORTLAND TRAIL BLAZERS,67,2,872,84,186,18,59,65,76,11,61,85,33,9,32,43,251
davisan01,Antonio Davis,CENTER,34,TORONTO RAPTORS,53,52,1894,261,641,0,0,216,280,130,307,131,23,62,118,150,738
davisba01,Baron Davis,POINT GUARD,23,NEW ORLEANS HORNETS,50,47,1889,332,798,99,283,93,131,56,130,320,91,22,140,148,856
davisda01,Dale Davis,CENTER,33,PORTLAND TRAIL BLAZERS,78,78,2282,237,438,0,0,105,166,233,331,94,51,70,71,189,579
davisem01,Emanual Davis,SHOOTING GUARD,34,ATLANTA HAWKS,24,1,340,32,88,7,29,17,22,5,38,36,12,2,25,28,88
davishu01,Hubert Davis,SHOOTING GUARD,32,DETROIT PISTONS,43,1,328,31,79,12,36,5,6,6,30,29,5,0,11,23,79
davisri01,Ricky Davis,SHOOTING GUARD,23,CLEVELAND CAVALIERS,79,76,3131,602,1470,74,204,348,465,97,293,436,125,36,277,180,1626
declean01,Andrew DeClercq,CENTER,29,ORLANDO MAGIC,77,21,1327,149,279,0,0,67,104,142,197,52,39,36,84,258,365
delkto01,Tony Delk,POINT GUARD,29,BOSTON CELTICS,67,39,1873,233,560,120,304,68,87,41,191,146,72,10,69,124,654
dickada01,Dan Dickau,POINT GUARD,24,ATLANTA HAWKS,50,0,515,70,170,22,61,21,26,9,34,85,14,2,53,66,183
dickemi01,Michael Dickerson,SHOOTING GUARD,27,MEMPHIS GRIZZLIES,6,1,87,10,24,4,11,5,5,1,5,8,5,1,6,16,29
diopde01,DeSagana Diop,POWER FORWARD,21,CLEVELAND CAVALIERS,80,1,943,54,154,0,0,11,30,63,152,43,33,81,56,148,119
divacvl01,Vlade Divac,CENTER,34,SACRAMENTO KINGS,80,80,2384,305,655,6,25,179,251,157,417,274,83,105,152,239,795
dixonju01,Juan Dixon,POINT GUARD,24,WASHINGTON WIZARDS,42,3,647,104,271,25,84,37,46,13,59,40,26,3,42,54,270
doleami01,Michael Doleac,CENTER,25,NEW YORK KNICKS,75,0,1041,146,343,0,0,36,46,65,154,42,16,16,49,150,328
doolike01,Keyon Dooling,SHOOTING GUARD,22,LOS ANGELES CLIPPERS,55,1,969,128,329,50,139,44,57,9,63,89,24,6,60,93,350
drewbr01,Bryce Drew,POINT GUARD,28,NEW ORLEANS HORNETS,13,0,79,8,27,3,7,0,0,4,9,11,2,0,3,2,19
drobnpr01,Predrag Drobnjak,CENTER,27,SEATTLE SUPERSONICS,82,69,1984,325,789,30,85,91,115,111,209,86,48,38,65,180,771
dudlech02,Chris Dudley,CENTER,37,PORTLAND TRAIL BLAZERS,3,0,11,0,1,0,0,0,0,2,0,0,0,0,0,3,0
duncati01,Tim Duncan,POWER FORWARD,26,SAN ANTONIO SPURS,81,81,3181,714,1392,6,22,450,634,259,784,316,55,237,248,231,1884
dunlemi02,Mike Dunleavy,SMALL FORWARD,22,GOLDEN STATE WARRIORS,82,3,1305,168,417,52,150,78,100,66,148,106,53,19,86,120,466
eisleho01,Howard Eisley,POINT GUARD,30,NEW YORK KNICKS,82,76,2243,262,628,131,337,89,105,24,162,444,71,9,149,222,744
ellisla01,LaPhonso Ellis,POWER FORWARD,32,MIAMI HEAT,55,3,784,100,262,27,107,50,66,44,113,15,15,15,31,88,277
elyme01,Melvin Ely,CENTER,24,LOS ANGELES CLIPPERS,52,7,802,92,186,0,0,52,74,64,110,15,10,32,50,95,236
eschmev01,Evan Eschmeyer,CENTER,27,DALLAS MAVERICKS,17,3,135,7,19,0,0,3,4,10,19,6,10,7,6,35,17
evansre01,Reggie Evans,POWER FORWARD,22,SEATTLE SUPERSONICS,67,60,1365,66,140,0,0,80,154,167,278,34,38,11,52,173,212
ferryda01,Danny Ferry,SMALL FORWARD,36,SAN ANTONIO SPURS,64,1,601,44,124,21,60,10,13,20,55,21,7,9,27,55,119
finlemi01,Michael Finley,SMALL FORWARD,29,DALLAS MAVERICKS,69,69,2642,507,1193,119,322,198,230,107,295,205,76,21,114,105,1331
fishede01,Derek Fisher,POINT GUARD,28,LOS ANGELES LAKERS,82,82,2829,339,775,85,212,100,125,40,199,298,93,15,94,195,863
fizerma01,Marcus Fizer,POWER FORWARD,24,CHICAGO BULLS,38,0,809,178,383,1,6,88,134,80,136,48,14,17,57,89,445
fordal02,Alton Ford,POWER FORWARD,21,PHOENIX SUNS,11,0,31,3,9,0,0,1,3,0,6,1,0,0,2,7,7
fortejo01,Joseph Forte,SHOOTING GUARD,21,SEATTLE SUPERSONICS,17,0,86,10,35,0,3,4,6,4,7,11,4,0,10,6,24
fortsda01,Danny Fortson,POWER FORWARD,26,GOLDEN STATE WARRIORS,17,0,223,20,54,0,1,19,29,28,45,12,9,0,15,43,59
fostegr01,Greg Foster,CENTER,34,TORONTO RAPTORS,29,9,539,47,122,1,4,26,32,30,72,13,1,9,30,82,121
fosteje01,Jeff Foster,CENTER,26,INDIANA PACERS,77,2,802,64,178,0,2,34,63,118,161,51,28,21,34,103,162
fowlktr01,Tremaine Fowlkes,SMALL FORWARD,26,LOS ANGELES CLIPPERS,37,10,573,56,128,2,9,50,59,41,62,23,25,2,20,63,164
foxri01,Rick Fox,SMALL FORWARD,33,LOS ANGELES LAKERS,76,75,2181,262,621,105,280,52,69,64,259,253,69,14,121,215,681
foylead01,Adonal Foyle,CENTER,27,GOLDEN STATE WARRIORS,82,0,1787,185,345,0,1,70,104,176,314,37,40,205,73,214,440
francst01,Steve Francis,POINT GUARD,25,HOUSTON ROCKETS,81,81,3318,571,1312,85,240,476,595,159,340,502,141,41,299,251,1703
fundela01,Lawrence Funderburke,POWER FORWARD,32,SACRAMENTO KINGS,27,0,229,32,72,0,0,10,17,17,38,8,1,11,6,25,74
gadzuda01,Dan Gadzuric,CENTER,24,MILWAUKEE BUCKS,49,30,760,70,145,0,1,29,56,66,131,9,22,52,27,125,169
garneke01,Kevin Garnett,POWER FORWARD,26,MINNESOTA TIMBERWOLVES,82,82,3321,743,1481,20,71,377,502,244,858,495,113,129,229,199,1883
garripa01,Pat Garrity,POWER FORWARD,26,ORLANDO MAGIC,81,53,2584,312,744,161,407,83,100,72,234,121,62,20,77,255,868
gasolpa01,Pau Gasol,POWER FORWARD,22,MEMPHIS GRIZZLIES,82,82,2948,569,1116,1,10,416,565,192,528,229,34,148,213,220,1555
georgde01,Devean George,SMALL FORWARD,25,LOS ANGELES LAKERS,71,7,1613,180,461,49,132,83,105,91,195,92,56,38,65,180,492
gillke01,Kendall Gill,SHOOTING GUARD,34,MINNESOTA TIMBERWOLVES,82,34,2068,286,677,19,59,123,161,51,197,156,78,15,108,176,714
ginobma01,Manu Ginóbili,SHOOTING GUARD,25,SAN ANTONIO SPURS,69,5,1431,174,397,51,148,126,171,47,114,138,96,17,100,170,525
giricgo01,Gordan Giriček,SHOOTING GUARD,25,MEMPHIS GRIZZLIES,49,35,1187,207,478,46,130,88,107,18,90,70,22,6,94,104,548
giricgo01,Gordan Giriček,SMALL FORWARD,25,ORLANDO MAGIC,27,27,961,143,325,39,119,62,76,18,112,67,30,2,51,55,387
glovedi01,Dion Glover,SHOOTING GUARD,24,ATLANTA HAWKS,76,42,1890,277,648,56,158,127,162,62,220,141,71,15,108,146,737
goldwan01,Anthony Goldwire,POINT GUARD,31,SAN ANTONIO SPURS,10,0,51,5,18,2,8,0,2,0,3,3,3,0,2,5,12
goldwan01,Anthony Goldwire,POINT GUARD,31,WASHINGTON WIZARDS,5,0,34,4,7,1,1,4,5,0,3,1,0,0,4,1,13
goodedr01,Drew Gooden,SMALL FORWARD,21,MEMPHIS GRIZZLIES,51,29,1329,255,576,14,46,92,132,105,190,63,38,22,105,121,616
goodedr01,Drew Gooden,POWER FORWARD,21,ORLANDO MAGIC,19,18,544,100,201,0,2,59,80,58,102,20,15,13,45,51,259
grantbr01,Brian Grant,CENTER,30,MIAMI HEAT,82,82,2641,344,676,0,0,158,205,241,596,104,63,47,129,300,846
grantho01,Horace Grant,POWER FORWARD,37,ORLANDO MAGIC,5,1,85,13,25,0,0,0,0,2,6,7,3,0,1,5,26
griffad01,Adrian Griffin,SHOOTING GUARD,28,DALLAS MAVERICKS,74,48,1373,146,337,6,24,27,32,88,176,105,77,6,47,157,325
griffed01,Eddie Griffin,POWER FORWARD,20,HOUSTON ROCKETS,77,66,1890,271,678,64,192,58,94,138,323,86,52,111,76,136,664
guglito01,Tom Gugliotta,POWER FORWARD,33,PHOENIX SUNS,27,11,447,60,132,0,1,9,9,25,75,31,14,5,31,35,129
guytoaj01,A.J. Guyton,POINT GUARD,24,GOLDEN STATE WARRIORS,2,0,9,0,4,0,1,0,0,0,0,2,1,0,1,0,0
haislma01,Marcus Haislip,POWER FORWARD,22,MILWAUKEE BUCKS,39,8,441,66,153,3,12,26,38,21,32,9,7,18,21,55,161
hamda01,Darvin Ham,SHOOTING GUARD,29,ATLANTA HAWKS,75,1,926,71,159,0,3,38,79,73,80,38,16,19,65,127,180
hamilri01,Richard Hamilton,SHOOTING GUARD,24,DETROIT PISTONS,82,82,2640,570,1286,32,119,440,528,88,230,208,64,13,200,249,1612
hamilze01,Zendon Hamilton,CENTER,27,TORONTO RAPTORS,3,0,12,2,5,0,0,2,2,1,3,0,1,0,1,2,6
hardaan01,Anfernee Hardaway,SHOOTING GUARD,31,PHOENIX SUNS,58,51,1777,256,573,26,73,77,97,66,192,235,66,26,145,150,615
hardati01,Tim Hardaway,POINT GUARD,36,INDIANA PACERS,10,0,127,18,49,11,31,2,4,1,14,24,9,0,11,8,49
harprma01,Matt Harpring,SMALL FORWARD,26,UTAH JAZZ,78,69,2557,521,1020,66,160,262,331,190,324,133,73,17,160,217,1370
harriad01,Adam Harrington,SHOOTING GUARD,22,DALLAS MAVERICKS,13,0,37,4,17,1,3,2,2,0,2,2,1,1,2,2,11
harriad01,Adam Harrington,SHOOTING GUARD,22,DENVER NUGGETS,6,0,74,7,20,4,11,1,2,1,5,10,1,0,0,6,19
harrial01,Al Harrington,SMALL FORWARD,22,INDIANA PACERS,82,37,2467,389,896,13,46,211,274,159,352,125,71,33,163,280,1002
harriju01,Junior Harrington,POINT GUARD,22,DENVER NUGGETS,82,51,2003,169,467,7,28,73,112,44,206,277,80,15,157,250,418
harriot01,Othella Harrington,POWER FORWARD,29,NEW YORK KNICKS,74,64,1850,225,443,0,0,123,150,165,311,62,12,23,90,231,573
harrilu01,Lucious Harris,SHOOTING GUARD,32,NEW JERSEY NETS,77,25,1973,298,721,47,136,152,189,63,169,155,53,8,71,95,795
harvean01,Antonio Harvey,POWER FORWARD,32,ATLANTA HAWKS,4,0,32,2,5,0,0,0,0,1,5,0,1,4,3,7,4
harvedo01,Donnell Harvey,SMALL FORWARD,22,DENVER NUGGETS,77,27,1613,246,551,1,7,118,176,125,284,100,48,27,123,203,611
hassetr01,Trenton Hassell,SHOOTING GUARD,23,CHICAGO BULLS,82,53,1999,144,392,13,40,41,55,37,218,151,45,61,83,197,342
hastoki01,Kirk Haston,SMALL FORWARD,23,NEW ORLEANS HORNETS,12,0,57,2,17,0,3,2,4,0,7,3,0,5,7,10,6
hawkiju01,Juaquin Hawkins,SHOOTING GUARD,29,HOUSTON ROCKETS,58,10,685,57,148,10,24,10,20,16,62,47,29,6,29,57,134
haywobr01,Brendan Haywood,CENTER,23,WASHINGTON WIZARDS,81,69,1930,173,339,0,0,155,245,192,212,29,32,119,65,225,501
hendeal01,Alan Henderson,CENTER,30,ATLANTA HAWKS,82,3,1494,153,327,0,2,88,138,156,242,41,33,32,61,168,394
hilarne01,Nenê,CENTER,20,DENVER NUGGETS,80,53,2258,321,619,0,3,197,341,208,283,149,127,65,181,295,839
hillgr01,Grant Hill,SMALL FORWARD,30,ORLANDO MAGIC,29,29,843,151,307,1,4,118,144,40,166,122,28,13,84,46,421
hillty01,Tyrone Hill,POWER FORWARD,34,CLEVELAND CAVALIERS,32,25,855,85,197,0,0,33,45,70,197,32,31,19,52,104,203
hillty01,Tyrone Hill,POWER FORWARD,34,PHILADELPHIA 76ERS,24,18,496,44,109,0,0,21,35,56,68,9,15,7,16,68,109
hoibefr01,Fred Hoiberg,SHOOTING GUARD,30,CHICAGO BULLS,63,0,784,49,126,5,21,41,50,11,126,70,40,5,25,59,144
horryro01,Robert Horry,POWER FORWARD,32,LOS ANGELES LAKERS,80,26,2343,184,476,51,177,103,134,181,333,233,96,61,112,247,522
houseed01,Eddie House,SHOOTING GUARD,24,MIAMI HEAT,55,7,1025,172,444,36,120,31,36,17,84,87,44,1,46,73,411
houstal01,Allan Houston,SHOOTING GUARD,31,NEW YORK KNICKS,82,82,3108,652,1465,178,450,363,395,26,205,220,54,7,178,191,1845
howarju01,Juwan Howard,POWER FORWARD,29,DENVER NUGGETS,77,77,2730,567,1261,2,4,282,351,181,404,234,77,27,189,239,1418
hudsotr01,Troy Hudson,POINT GUARD,26,MINNESOTA TIMBERWOLVES,79,74,2600,409,956,97,266,208,231,42,141,452,60,7,182,160,1123
huffmna01,Nate Huffman,CENTER,27,TORONTO RAPTORS,7,0,76,9,25,0,0,5,8,9,14,5,1,3,3,13,23
hughela01,Larry Hughes,POINT GUARD,24,WASHINGTON WIZARDS,67,56,2137,346,741,29,79,136,186,67,241,205,86,24,136,149,857
humphry01,Ryan Humphrey,POWER FORWARD,23,ORLANDO MAGIC,35,1,322,23,85,0,0,18,28,30,39,7,4,16,21,57,64
humphry01,Ryan Humphrey,POWER FORWARD,23,MEMPHIS GRIZZLIES,13,0,122,12,35,0,0,5,11,4,26,4,5,2,2,18,29
hunteli01,Lindsey Hunter,POINT GUARD,32,TORONTO RAPTORS,29,0,673,106,302,34,107,34,47,15,44,71,35,5,57,50,280
huntest01,Steven Hunter,CENTER,21,ORLANDO MAGIC,33,5,447,56,103,0,0,18,44,38,55,6,9,36,15,56,130
ilgauzy01,Zydrunas Ilgauskas,CENTER,27,CLEVELAND CAVALIERS,81,81,2432,495,1122,0,5,400,512,240,371,127,56,152,210,274,1390
iversal01,Allen Iverson,SHOOTING GUARD,27,PHILADELPHIA 76ERS,82,82,3485,804,1940,84,303,570,736,68,276,454,225,13,286,149,2262
jacksbo01,Bobby Jackson,POINT GUARD,29,SACRAMENTO KINGS,59,26,1676,340,732,89,235,126,149,57,162,182,71,3,106,126,895
jacksje01,Jermaine Jackson,SHOOTING GUARD,26,TORONTO RAPTORS,24,1,286,21,68,1,9,23,27,10,15,39,9,3,19,24,66
jacksje01,Jermaine Jackson,SHOOTING GUARD,26,ATLANTA HAWKS,29,0,273,19,42,0,1,17,28,9,23,35,10,3,15,27,55
jacksji01,Jim Jackson,SMALL FORWARD,32,SACRAMENTO KINGS,63,0,1309,204,462,32,71,47,55,84,178,118,31,4,80,132,487
jacksma02,Marc Jackson,CENTER,28,MINNESOTA TIMBERWOLVES,77,0,1041,153,349,1,1,114,149,86,139,37,24,30,59,137,421
jacksma01,Mark Jackson,POINT GUARD,37,UTAH JAZZ,82,0,1467,147,369,27,95,61,80,34,142,375,48,3,152,90,382
jacksst02,Stephen Jackson,SHOOTING GUARD,24,SAN ANTONIO SPURS,80,58,2254,356,818,95,297,139,183,66,220,183,125,30,176,202,946
jacobca01,Casey Jacobsen,SMALL FORWARD,21,PHOENIX SUNS,72,0,1147,122,327,52,165,72,105,29,54,73,35,6,55,90,368
jamesje01,Jerome James,CENTER,27,SEATTLE SUPERSONICS,51,16,766,111,232,0,0,54,92,78,138,27,12,82,75,166,276
jamesmi01,Mike James,POINT GUARD,27,MIAMI HEAT,78,8,1722,218,585,67,228,104,142,26,123,246,64,5,108,176,607
jamisan01,Antawn Jamison,SMALL FORWARD,26,GOLDEN STATE WARRIORS,82,82,3226,691,1471,65,209,375,475,195,383,156,76,45,177,197,1822
jaricma01,Marko Jarić,SMALL FORWARD,24,LOS ANGELES CLIPPERS,66,12,1379,179,446,53,166,79,105,35,125,193,97,11,103,125,490
jeffech01,Chris Jefferies,SMALL FORWARD,22,TORONTO RAPTORS,51,10,666,75,194,18,54,29,43,16,43,22,19,16,45,56,197
jefferi01,Richard Jefferson,SMALL FORWARD,22,NEW JERSEY NETS,80,80,2879,456,911,6,24,324,436,150,364,201,80,44,156,216,1242
jeffrja01,Jared Jeffries,SMALL FORWARD,21,WASHINGTON WIZARDS,20,1,292,30,63,3,6,16,29,26,32,16,8,5,21,28,79
johnsan02,Anthony Johnson,POINT GUARD,28,NEW JERSEY NETS,66,2,842,103,231,13,35,51,74,13,65,86,37,5,41,93,270
johnsav01,Avery Johnson,POINT GUARD,37,DALLAS MAVERICKS,48,0,430,63,150,0,2,30,39,10,21,64,15,1,29,26,156
johnser02,Ervin Johnson,CENTER,35,MILWAUKEE BUCKS,69,17,1170,61,135,0,0,30,44,117,177,24,34,63,34,178,152
johnsjo02,Joe Johnson,SHOOTING GUARD,21,PHOENIX SUNS,82,34,2255,316,796,75,205,96,124,57,207,210,62,19,108,143,803
johnske03,Ken Johnson,CENTER,24,MIAMI HEAT,16,0,156,15,37,0,0,2,6,4,28,0,1,12,6,20,32
jonesda01,Damon Jones,POINT GUARD,26,SACRAMENTO KINGS,49,1,709,80,210,44,121,20,27,11,59,80,18,4,23,42,224
jonesed02,Eddie Jones,SHOOTING GUARD,31,MIAMI HEAT,47,47,1789,291,688,98,241,189,230,35,191,173,64,31,85,137,869
jonesfr01,Fred Jones,SHOOTING GUARD,23,INDIANA PACERS,19,1,115,9,24,2,7,3,4,4,5,5,6,1,6,13,23
jonesju01,Jumaine Jones,SMALL FORWARD,23,CLEVELAND CAVALIERS,80,12,2204,308,710,111,314,57,83,106,299,112,67,22,107,176,784
jonespo01,Popeye Jones,POWER FORWARD,32,DALLAS MAVERICKS,26,0,222,24,62,0,0,5,11,29,30,8,5,1,15,31,53
jordami01,Michael Jordan,SMALL FORWARD,39,WASHINGTON WIZARDS,82,67,3031,679,1527,16,55,266,324,71,426,311,123,39,173,171,1640
kempsh01,Shawn Kemp,CENTER,33,ORLANDO MAGIC,79,55,1633,211,505,0,1,115,155,147,304,55,66,33,102,239,537
kerrst01,Steve Kerr,POINT GUARD,37,SAN ANTONIO SPURS,75,0,952,110,256,49,124,30,34,12,48,70,27,3,35,49,299
kiddja01,Jason Kidd,POINT GUARD,29,NEW JERSEY NETS,80,80,2989,515,1244,126,370,339,403,110,394,711,179,25,296,127,1495
kirilan01,Andrei Kirilenko,SMALL FORWARD,21,UTAH JAZZ,80,11,2213,315,642,37,114,296,370,147,273,138,118,175,136,185,963
kittlke01,Kerry Kittles,SHOOTING GUARD,28,NEW JERSEY NETS,65,57,1951,332,711,78,219,106,135,52,200,170,101,30,55,110,848
knighbr01,Brevin Knight,POINT GUARD,27,MEMPHIS GRIZZLIES,55,4,928,97,228,2,8,20,37,15,66,233,69,2,94,123,216
knightr01,Travis Knight,CENTER,28,NEW YORK KNICKS,32,0,287,25,65,0,1,10,13,18,44,14,8,9,10,44,60
kukocto01,Toni Kukoč,POWER FORWARD,34,MILWAUKEE BUCKS,63,0,1704,249,577,95,263,137,194,67,199,230,81,29,122,134,730
laettch01,Christian Laettner,POWER FORWARD,33,WASHINGTON WIZARDS,76,66,2215,255,516,2,16,120,144,114,388,235,82,40,87,206,632
lafrera01,Raef LaFrentz,CENTER,26,DALLAS MAVERICKS,69,43,1611,266,514,47,116,60,88,125,205,54,35,91,46,264,639
lamplse01,Sean Lampley,SMALL FORWARD,23,MIAMI HEAT,35,0,487,56,129,0,4,57,82,26,57,31,7,3,25,43,169
langhda01,Dan Langhi,SMALL FORWARD,25,PHOENIX SUNS,60,0,541,81,202,9,31,12,20,19,68,21,15,6,16,58,183
lenarvo01,Voshon Lenard,SHOOTING GUARD,29,TORONTO RAPTORS,63,24,1929,325,809,92,252,156,194,48,164,144,59,21,103,156,898
lewisra02,Rashard Lewis,SMALL FORWARD,23,SEATTLE SUPERSONICS,77,77,3044,519,1149,75,217,283,345,152,351,133,99,35,143,205,1396
livinra01,Randy Livingston,POINT GUARD,27,NEW ORLEANS HORNETS,2,0,12,2,4,0,0,2,2,0,0,1,0,0,0,0,6
longar01,Art Long,POWER FORWARD,30,PHILADELPHIA 76ERS,19,0,131,19,50,1,1,1,5,13,27,2,2,8,9,22,40
longar01,Art Long,POWER FORWARD,30,TORONTO RAPTORS,7,0,80,9,25,1,2,1,5,8,12,4,3,3,11,13,20
longgr01,Grant Long,POWER FORWARD,36,BOSTON CELTICS,41,1,488,27,70,0,3,18,23,24,59,25,9,1,19,62,72
luety01,Tyronn Lue,POINT GUARD,25,WASHINGTON WIZARDS,75,24,1986,248,573,60,176,91,104,22,127,263,47,1,77,151,647
lynchge01,George Lynch,SHOOTING GUARD,32,NEW ORLEANS HORNETS,81,32,1497,147,359,28,79,41,74,139,214,104,66,19,52,136,363
maccuto01,Todd MacCulloch,CENTER,27,PHILADELPHIA 76ERS,42,35,812,123,238,0,0,53,79,66,130,20,19,32,35,107,299
maddoti01,Tito Maddox,SHOOTING GUARD,21,HOUSTON ROCKETS,9,0,35,3,12,0,3,5,8,1,6,5,3,1,3,4,11
madsema01,Mark Madsen,POWER FORWARD,27,LOS ANGELES LAKERS,54,22,781,69,163,0,0,36,61,86,73,38,15,19,27,116,174
maggeco01,Corey Maggette,SHOOTING GUARD,23,LOS ANGELES CLIPPERS,64,57,2006,343,773,62,177,325,405,77,245,123,55,16,147,194,1073
magloja01,Jamaal Magloire,CENTER,24,NEW ORLEANS HORNETS,82,82,2443,305,635,0,3,231,322,260,464,88,49,111,158,276,841
malonka01,Karl Malone,POWER FORWARD,39,UTAH JAZZ,81,81,2936,595,1289,3,14,474,621,113,515,379,136,31,210,204,1667
malonma01,Matt Maloney,POINT GUARD,31,ATLANTA HAWKS,14,0,103,8,25,5,15,3,5,1,6,17,4,0,5,9,24
mannida01,Danny Manning,POWER FORWARD,36,DETROIT PISTONS,13,0,89,13,32,3,8,5,6,7,11,7,9,3,7,11,34
marbust01,Stephon Marbury,POINT GUARD,25,PHOENIX SUNS,81,81,3240,671,1530,89,296,375,467,53,210,654,108,20,263,200,1806
mariosh01,Shawn Marion,SMALL FORWARD,24,PHOENIX SUNS,81,81,3373,662,1466,141,364,251,295,199,574,198,185,95,157,208,1716
marksse01,Sean Marks,POWER FORWARD,27,MIAMI HEAT,23,0,223,22,59,0,1,10,15,8,27,3,5,6,14,37,54
marshdo02,Donny Marshall,SMALL FORWARD,30,NEW JERSEY NETS,3,0,6,0,3,0,1,0,0,0,3,0,0,0,1,0,0
marshdo01,Donyell Marshall,POWER FORWARD,29,CHICAGO BULLS,78,53,2378,421,918,33,87,167,221,234,465,137,95,85,135,234,1042
martike01,Kenyon Martin,POWER FORWARD,25,NEW JERSEY NETS,77,77,2628,509,1082,9,43,256,392,164,476,185,98,70,192,294,1283
mashbja01,Jamal Mashburn,SMALL FORWARD,30,NEW ORLEANS HORNETS,82,81,3321,670,1586,119,306,313,369,66,432,462,83,17,230,196,1772
masonan01,Anthony Mason,CENTER,36,MILWAUKEE BUCKS,65,58,2119,191,393,0,1,84,117,90,326,209,32,12,79,147,466
masonde01,Desmond Mason,SMALL FORWARD,25,SEATTLE SUPERSONICS,52,15,1811,291,667,16,55,134,181,88,247,95,47,21,74,136,732
masonde01,Desmond Mason,SMALL FORWARD,25,MILWAUKEE BUCKS,28,25,952,166,350,5,17,78,102,66,122,68,20,11,41,74,415
masonro01,Roger Mason,SMALL FORWARD,22,CHICAGO BULLS,17,0,113,11,31,6,18,2,2,2,10,12,4,0,5,20,30
masseto01,Tony Massenburg,CENTER,35,UTAH JAZZ,58,1,792,104,232,0,0,65,84,59,97,17,17,19,50,144,273
mccarwa01,Walter McCarty,SMALL FORWARD,28,BOSTON CELTICS,82,8,1949,173,418,91,248,61,98,64,224,106,78,28,67,188,498
mccasam01,Amal McCaskill,CENTER,29,ATLANTA HAWKS,11,0,70,4,17,0,0,3,4,7,15,5,3,1,2,13,11
mccoyje01,Jelani McCoy,CENTER,25,TORONTO RAPTORS,67,25,1367,194,395,0,0,69,126,95,260,43,28,60,96,162,457
mcgratr01,Tracy McGrady,SHOOTING GUARD,23,ORLANDO MAGIC,75,74,2954,829,1813,173,448,576,726,121,367,411,124,59,195,156,2407
mcinnje01,Jeff McInnis,POINT GUARD,28,PORTLAND TRAIL BLAZERS,75,1,1311,188,423,6,35,50,67,22,75,170,21,2,75,117,432
mckieaa01,Aaron McKie,SMALL FORWARD,30,PHILADELPHIA 76ERS,80,40,2374,286,666,37,112,112,134,61,289,278,131,9,109,177,721
medvest01,Stanislav Medvedenko,POWER FORWARD,23,LOS ANGELES LAKERS,58,10,620,112,258,0,2,31,43,66,75,18,11,8,37,118,255
mercero01,Ron Mercer,SHOOTING GUARD,26,INDIANA PACERS,72,3,1671,244,597,3,16,65,81,32,122,112,49,14,54,123,556
mihmch01,Chris Mihm,CENTER,23,CLEVELAND CAVALIERS,52,0,809,116,287,0,3,76,105,93,138,28,18,38,48,124,308
milesda01,Darius Miles,SMALL FORWARD,21,CLEVELAND CAVALIERS,67,62,2008,263,642,0,14,92,155,113,250,176,67,69,178,159,618
millean02,Andre Miller,POINT GUARD,26,LOS ANGELES CLIPPERS,80,80,2913,377,928,23,108,311,391,84,232,537,99,11,206,203,1088
millebr01,Brad Miller,CENTER,26,INDIANA PACERS,73,72,2270,329,667,5,16,292,357,185,418,193,65,43,118,203,955
millemi01,Mike Miller,SMALL FORWARD,22,ORLANDO MAGIC,49,39,1826,296,708,87,256,127,150,40,246,139,36,16,99,139,806
millemi01,Mike Miller,SMALL FORWARD,22,MEMPHIS GRIZZLIES,16,13,360,77,151,22,44,29,36,6,49,31,6,5,26,34,205
millere01,Reggie Miller,SHOOTING GUARD,37,INDIANA PACERS,70,70,2117,281,637,113,318,207,230,21,151,170,62,4,66,89,882
millsch01,Chris Mills,POWER FORWARD,33,GOLDEN STATE WARRIORS,21,0,262,39,106,7,25,16,18,19,31,22,7,3,10,29,101
mingya01,Yao Ming,CENTER,22,HOUSTON ROCKETS,82,72,2382,401,805,1,2,301,371,196,479,137,31,147,173,230,1104
moblecu01,Cuttino Mobley,SHOOTING GUARD,27,HOUSTON ROCKETS,73,73,3044,463,1067,112,318,242,282,70,233,208,95,36,166,185,1280
mohamna01,Nazr Mohammed,CENTER,25,ATLANTA HAWKS,35,0,445,67,159,0,0,26,41,47,82,6,16,21,25,79,160
moisoje01,Jérôme Moïso,CENTER,24,NEW ORLEANS HORNETS,51,1,644,89,171,0,0,27,41,59,119,22,19,44,46,87,205
mooremi01,Mikki Moore,CENTER,27,BOSTON CELTICS,3,0,12,0,1,0,0,0,0,1,0,0,0,2,0,6,0
mooremi01,Mikki Moore,CENTER,27,ATLANTA HAWKS,5,0,31,5,12,0,0,8,10,5,2,3,0,2,2,1,18
morrite01,Terence Morris,SMALL FORWARD,24,HOUSTON ROCKETS,49,0,632,82,176,7,32,11,14,40,88,25,8,17,29,35,182
murphtr01,Troy Murphy,POWER FORWARD,22,GOLDEN STATE WARRIORS,79,79,2510,338,749,3,14,244,290,228,578,106,65,30,111,246,923
murraro01,Ronald Murray,SHOOTING GUARD,23,MILWAUKEE BUCKS,12,0,42,9,26,0,4,5,8,0,1,3,4,0,4,0,23
murraro01,Ronald Murray,SHOOTING GUARD,23,SEATTLE SUPERSONICS,2,0,20,2,5,0,1,0,0,0,3,2,0,0,4,0,4
murratr01,Tracy Murray,SMALL FORWARD,31,LOS ANGELES LAKERS,31,0,193,23,71,8,38,7,9,5,18,12,5,3,14,22,61
mutomdi01,Dikembe Mutombo,CENTER,36,NEW JERSEY NETS,24,16,514,49,131,0,0,40,55,54,99,19,4,37,34,54,138
ndiayma02,Mamadou N'Diaye,CENTER,27,TORONTO RAPTORS,22,8,364,43,96,0,0,34,47,29,53,7,8,32,21,58,120
nachbbo01,Boštjan Nachbar,SMALL FORWARD,22,HOUSTON ROCKETS,14,1,77,11,31,2,10,5,10,3,8,3,2,2,6,13,29
nailole01,Lee Nailon,SMALL FORWARD,27,NEW YORK KNICKS,38,0,405,84,190,0,1,42,51,32,38,26,6,3,32,46,210
najered01,Eduardo Nájera,SMALL FORWARD,26,DALLAS MAVERICKS,48,12,1103,129,231,0,1,62,91,90,133,47,40,22,23,129,320
nashst01,Steve Nash,POINT GUARD,28,DALLAS MAVERICKS,82,82,2711,518,1114,111,269,308,339,63,171,598,85,6,192,134,1455
nestera01,Rasho Nesterović,CENTER,26,MINNESOTA TIMBERWOLVES,77,77,2337,400,762,0,2,61,95,146,358,114,39,116,99,256,861
newblir01,Ira Newble,SMALL FORWARD,28,ATLANTA HAWKS,73,45,1931,231,467,32,84,70,90,86,185,99,50,26,69,174,564
norrimo01,Moochie Norris,POINT GUARD,29,HOUSTON ROCKETS,82,3,1375,134,330,11,45,78,114,37,122,196,55,4,86,72,357
nowitdi01,Dirk Nowitzki,POWER FORWARD,24,DALLAS MAVERICKS,80,80,3117,690,1489,148,390,483,548,81,710,239,111,82,152,206,2011
onealje01,Jermaine O'Neal,POWER FORWARD,24,INDIANA PACERS,77,76,2864,610,1260,7,21,373,510,202,594,155,66,178,180,277,1600
onealsh01,Shaquille O'Neal,CENTER,30,LOS ANGELES LAKERS,67,66,2535,695,1211,0,0,451,725,259,483,206,38,159,196,229,1841
oaklech01,Charles Oakley,CENTER,39,WASHINGTON WIZARDS,42,1,514,23,55,0,0,28,34,37,70,40,13,6,21,90,74
odomla01,Lamar Odom,SMALL FORWARD,23,LOS ANGELES CLIPPERS,49,47,1679,268,611,42,129,136,175,59,267,178,42,41,140,181,714
okurme01,Mehmet Okur,POWER FORWARD,23,DETROIT PISTONS,72,9,1366,180,423,38,112,96,131,117,218,71,25,39,66,167,494
olivede01,Dean Oliver,POINT GUARD,24,GOLDEN STATE WARRIORS,15,0,93,7,29,1,6,7,8,8,8,23,7,0,10,9,22
ollieke01,Kevin Ollie,POINT GUARD,30,MILWAUKEE BUCKS,53,4,1127,117,255,1,5,68,91,12,87,181,37,4,36,71,303
ollieke01,Kevin Ollie,POINT GUARD,30,SEATTLE SUPERSONICS,29,1,770,82,186,1,1,66,87,13,70,110,32,1,36,51,231
olowomi01,Michael Olowokandi,CENTER,27,LOS ANGELES CLIPPERS,36,36,1369,186,436,0,0,69,105,57,271,47,18,79,98,110,441
ostergr01,Greg Ostertag,CENTER,29,UTAH JAZZ,81,74,1926,169,326,0,0,100,196,180,323,55,20,147,104,235,438
outlabo01,Bo Outlaw,CENTER,31,PHOENIX SUNS,80,20,1800,153,278,0,2,72,116,134,234,112,50,71,76,194,378
owensch01,Chris Owens,SMALL FORWARD,23,MEMPHIS GRIZZLIES,1,0,6,2,3,0,0,0,0,1,0,0,0,0,1,0,4
oyedeol01,Olumide Oyedeji,CENTER,21,ORLANDO MAGIC,27,3,145,10,23,0,0,7,11,10,40,5,5,3,5,30,27
packro01,Robert Pack,POINT GUARD,33,NEW ORLEANS HORNETS,28,4,440,52,129,0,5,41,55,11,40,81,25,0,40,35,145
padgesc01,Scott Padgett,POWER FORWARD,26,UTAH JAZZ,82,2,1321,170,423,45,133,81,107,83,189,86,41,24,70,148,466
palacmi01,Milt Palacio,POINT GUARD,24,CLEVELAND CAVALIERS,80,46,1976,162,388,8,37,65,87,48,187,259,68,16,131,168,397
pargoja01,Jannero Pargo,POINT GUARD,23,LOS ANGELES LAKERS,34,0,342,37,93,7,24,4,4,9,28,39,13,2,23,45,85
parkesm01,Smush Parker,POINT GUARD,21,CLEVELAND CAVALIERS,66,18,1103,136,338,38,118,98,118,29,90,162,48,12,133,106,408
parketo01,Tony Parker,POINT GUARD,20,SAN ANTONIO SPURS,82,82,2774,484,1043,82,243,219,290,33,183,432,71,4,198,174,1269
parksch02,Cherokee Parks,POWER FORWARD,30,LOS ANGELES CLIPPERS,30,18,648,82,163,1,2,23,38,46,86,21,16,20,18,52,188
patteru01,Ruben Patterson,SMALL FORWARD,27,PORTLAND TRAIL BLAZERS,78,17,1655,254,516,3,20,138,220,120,144,101,73,29,117,161,649
paytoga01,Gary Payton,POINT GUARD,34,SEATTLE SUPERSONICS,52,52,2123,444,992,34,114,162,234,56,192,457,93,12,131,117,1084
paytoga01,Gary Payton,POINT GUARD,34,MILWAUKEE BUCKS,28,28,1085,221,474,20,68,88,118,23,63,206,40,8,56,64,550
peelean01,Anthony Peeler,SHOOTING GUARD,33,MINNESOTA TIMBERWOLVES,82,39,2245,252,609,87,212,39,50,40,201,244,72,13,82,161,630
persowe01,Wesley Person,SHOOTING GUARD,31,MEMPHIS GRIZZLIES,66,44,1941,274,601,100,231,79,97,24,168,112,42,19,56,64,727
petermo01,Morris Peterson,SMALL FORWARD,25,TORONTO RAPTORS,82,80,2949,421,1073,116,344,195,247,97,266,188,88,32,128,232,1153
piatker01,Eric Piatkowski,SHOOTING GUARD,32,LOS ANGELES CLIPPERS,62,26,1360,210,446,80,201,101,122,44,112,70,33,9,56,92,601
piercpa01,Paul Pierce,SHOOTING GUARD,25,BOSTON CELTICS,79,79,3096,663,1592,118,391,604,753,106,472,349,139,62,288,227,2048
pippesc01,Scottie Pippen,SMALL FORWARD,37,PORTLAND TRAIL BLAZERS,64,58,1911,265,597,38,133,121,148,57,221,285,105,25,164,149,689
pollasc01,Scot Pollard,CENTER,27,SACRAMENTO KINGS,23,0,325,40,87,0,0,23,38,46,60,6,13,15,15,50,103
poseyja01,James Posey,SMALL FORWARD,26,DENVER NUGGETS,25,24,872,121,324,24,88,86,102,38,107,78,29,6,66,63,352
poseyja01,James Posey,SMALL FORWARD,26,HOUSTON ROCKETS,58,47,1646,188,428,46,141,119,144,52,229,106,77,9,78,134,541
postela01,Lavor Postell,SHOOTING GUARD,24,NEW YORK KNICKS,12,0,98,14,38,2,7,13,15,1,3,3,2,0,7,9,43
potapvi01,Vitaly Potapenko,CENTER,27,SEATTLE SUPERSONICS,26,2,403,41,93,0,0,22,29,25,64,4,9,8,25,46,104
princta01,Tayshaun Prince,SMALL FORWARD,22,DETROIT PISTONS,42,5,435,53,118,20,47,11,17,5,40,24,10,14,21,25,137
przybjo01,Joel Przybilla,CENTER,23,MILWAUKEE BUCKS,32,17,546,18,46,0,0,12,24,48,97,12,10,45,19,85,48
radmavl01,Vladimir Radmanović,POWER FORWARD,22,SEATTLE SUPERSONICS,72,16,1910,274,668,104,293,72,102,76,247,97,64,22,100,136,724
rakocig01,Igor Rakočević,POINT GUARD,24,MINNESOTA TIMBERWOLVES,42,0,244,22,58,5,12,29,36,4,13,33,4,0,23,25,78
randoza01,Zach Randolph,POWER FORWARD,21,PORTLAND TRAIL BLAZERS,77,11,1301,264,515,0,5,122,161,139,204,41,42,14,62,141,650
ratlith01,Theo Ratliff,CENTER,29,ATLANTA HAWKS,81,81,2518,276,595,0,0,154,214,154,453,73,56,262,137,271,706
rebraze01,Željko Rebrača,CENTER,30,DETROIT PISTONS,30,12,488,80,145,0,0,38,48,27,65,9,6,17,29,79,198
reddmi01,Michael Redd,SHOOTING GUARD,23,MILWAUKEE BUCKS,82,14,2316,455,971,182,416,149,185,98,273,117,100,13,74,143,1241
reiddo01,Don Reid,POWER FORWARD,29,DETROIT PISTONS,1,0,10,0,3,0,0,1,2,0,0,0,0,0,0,4,1
rentzef01,Efthimis Rentzias,CENTER,27,PHILADELPHIA 76ERS,35,0,144,20,59,4,8,8,9,10,16,7,6,2,4,21,52
ricegl01,Glen Rice,SMALL FORWARD,35,HOUSTON ROCKETS,62,26,1532,196,457,101,254,63,83,28,126,65,23,5,55,99,556
richaja01,Jason Richardson,SHOOTING GUARD,22,GOLDEN STATE WARRIORS,82,82,2698,476,1161,123,334,207,271,111,267,247,90,23,179,201,1282
richaqu01,Quentin Richardson,SHOOTING GUARD,22,LOS ANGELES CLIPPERS,59,13,1368,203,546,61,198,85,124,98,183,52,35,10,64,92,552
rigauan01,Antoine Rigaudeau,SHOOTING GUARD,31,DALLAS MAVERICKS,11,0,91,8,35,1,5,0,0,4,4,6,3,0,6,11,17
robincl02,Clifford Robinson,POWER FORWARD,36,DETROIT PISTONS,81,69,2825,372,935,87,259,161,238,81,237,268,87,88,158,259,992
robinda01,David Robinson,CENTER,37,SAN ANTONIO SPURS,64,64,1676,197,420,0,0,152,214,163,345,61,52,111,83,126,546
robined01,Eddie Robinson,SMALL FORWARD,26,CHICAGO BULLS,64,18,1355,155,315,3,14,51,63,76,124,66,62,13,52,120,364
robingl01,Glenn Robinson,SMALL FORWARD,30,ATLANTA HAWKS,69,68,2591,539,1248,90,263,268,306,86,371,205,91,26,248,183,1436
rogerro01,Rodney Rogers,POWER FORWARD,31,NEW JERSEY NETS,68,0,1303,183,455,44,132,68,90,61,202,107,50,31,91,192,478
rooksse01,Sean Rooks,CENTER,33,LOS ANGELES CLIPPERS,70,38,1344,125,297,0,1,47,58,53,163,69,34,44,66,174,297
roseja01,Jalen Rose,SMALL FORWARD,30,CHICAGO BULLS,82,82,3351,642,1583,133,359,399,467,68,283,395,72,23,285,271,1816
rosema01,Malik Rose,POWER FORWARD,28,SAN ANTONIO SPURS,79,13,1933,289,630,2,5,242,306,148,358,124,57,40,170,206,822
ruckegu01,Guy Rucker,POWER FORWARD,25,GOLDEN STATE WARRIORS,3,0,4,0,0,0,0,0,0,0,1,1,0,0,0,1,0
rushka01,Kareem Rush,POINT GUARD,22,LOS ANGELES LAKERS,76,0,872,96,244,19,68,16,23,26,68,68,10,11,63,71,227
russebr01,Bryon Russell,SMALL FORWARD,32,WASHINGTON WIZARDS,70,23,1388,108,306,46,140,53,69,43,165,72,70,7,55,130,315
sabonar01,Arvydas Sabonis,CENTER,38,PORTLAND TRAIL BLAZERS,78,1,1209,172,361,3,6,129,164,88,247,142,61,49,75,141,476
salmojo01,John Salmons,POINT GUARD,23,PHILADELPHIA 76ERS,64,1,504,48,116,10,31,26,35,16,43,47,17,6,29,53,132
samakso01,Soumaila Samake,CENTER,24,LOS ANGELES LAKERS,13,1,77,10,24,0,0,2,2,10,13,4,0,5,2,13,22
sampsja01,Jamal Sampson,POWER FORWARD,19,MILWAUKEE BUCKS,5,0,8,0,2,0,0,0,0,1,1,1,1,0,0,0,0
sanchpe01,Pepe Sánchez,POINT GUARD,25,DETROIT PISTONS,9,0,37,0,5,0,0,0,0,4,2,8,5,0,2,3,0
sasseje01,Jeryl Sasser,SHOOTING GUARD,23,ORLANDO MAGIC,75,4,1025,64,207,13,44,53,78,64,120,65,45,12,39,91,194
satteke01,Kenny Satterfield,POINT GUARD,21,DENVER NUGGETS,22,6,420,51,165,5,28,16,23,12,23,53,18,2,36,30,123
satteke01,Kenny Satterfield,POINT GUARD,21,PHILADELPHIA 76ERS,17,0,82,4,18,0,0,1,2,4,4,15,2,0,7,6,9
savovpr01,Predrag Savović,SHOOTING GUARD,26,DENVER NUGGETS,27,0,256,29,93,4,26,21,29,9,16,22,14,1,21,33,83
scalabr01,Brian Scalabrine,POWER FORWARD,24,NEW JERSEY NETS,59,7,724,68,169,14,39,30,36,40,101,46,16,18,46,77,180
sesayan01,Ansu Sesay,SMALL FORWARD,26,SEATTLE SUPERSONICS,45,4,448,41,107,0,0,12,21,34,39,23,14,5,25,62,94
shawbr01,Brian Shaw,POINT GUARD,36,LOS ANGELES LAKERS,72,0,900,101,261,38,109,10,15,20,99,103,32,13,54,62,250
shirlpa01,Paul Shirley,POWER FORWARD,25,ATLANTA HAWKS,2,0,5,0,4,0,0,0,0,0,1,0,0,0,0,0,0
simmobo01,Bobby Simmons,SHOOTING GUARD,22,WASHINGTON WIZARDS,36,2,378,44,112,0,5,32,35,33,44,20,10,3,8,51,120
skinnbr01,Brian Skinner,POWER FORWARD,26,PHILADELPHIA 76ERS,77,9,1381,182,331,0,0,97,161,136,230,19,47,53,62,176,461
slatere01,Reggie Slater,POWER FORWARD,32,MINNESOTA TIMBERWOLVES,26,0,141,27,50,0,0,27,45,18,13,4,6,1,9,31,81
slayta01,Tamar Slay,SHOOTING GUARD,22,NEW JERSEY NETS,36,0,274,39,103,7,25,7,10,8,23,14,14,3,20,31,92
smithch04,Charles Smith,SHOOTING GUARD,27,PORTLAND TRAIL BLAZERS,3,0,13,1,4,0,1,3,4,0,0,1,1,0,1,3,5
smithjo02,Joe Smith,SMALL FORWARD,27,MINNESOTA TIMBERWOLVES,54,21,1117,151,328,0,2,102,131,111,159,38,14,55,43,171,404
smithst01,Steve Smith,SHOOTING GUARD,33,SAN ANTONIO SPURS,53,18,1032,113,291,39,118,95,114,21,78,70,28,9,43,79,360
snower01,Eric Snow,POINT GUARD,29,PHILADELPHIA 76ERS,82,82,3108,361,799,7,32,325,379,71,230,544,133,11,194,235,1054
sprewla01,Latrell Sprewell,SMALL FORWARD,32,NEW YORK KNICKS,74,73,2859,454,1127,134,360,173,218,45,240,332,102,22,172,134,1215
stackje01,Jerry Stackhouse,SHOOTING GUARD,28,WASHINGTON WIZARDS,70,70,2747,491,1201,71,245,455,518,61,197,316,65,28,193,130,1508
stepavl01,Vladimir Stepania,CENTER,26,MIAMI HEAT,79,6,1594,185,427,0,0,71,134,211,343,24,45,40,69,169,441
stevede01,DeShawn Stevenson,SHOOTING GUARD,21,UTAH JAZZ,61,8,760,114,284,4,12,47,68,22,63,40,22,8,49,57,279
stewami01,Michael Stewart,POWER FORWARD,27,CLEVELAND CAVALIERS,47,0,251,14,37,0,0,8,12,19,36,6,2,15,10,42,36
stockjo01,John Stockton,POINT GUARD,40,UTAH JAZZ,82,82,2275,309,640,29,80,237,287,51,150,629,137,16,182,184,884
stojape01,Peja Stojaković,SMALL FORWARD,25,SACRAMENTO KINGS,72,72,2450,497,1034,155,406,231,264,61,336,141,72,5,101,143,1380
stoudda01,Damon Stoudamire,POINT GUARD,29,PORTLAND TRAIL BLAZERS,59,27,1315,156,415,44,114,53,67,40,115,204,39,6,82,67,409
stoudam01,Amar'e Stoudemire,POWER FORWARD,20,PHOENIX SUNS,82,71,2570,392,830,2,10,320,484,250,471,78,62,87,189,269,1106
stricer01,Erick Strickland,SHOOTING GUARD,29,INDIANA PACERS,71,10,1275,163,380,62,160,70,87,23,122,209,38,7,98,111,458
stricma01,Mark Strickland,SMALL FORWARD,32,DALLAS MAVERICKS,4,0,13,2,5,0,0,0,0,5,2,0,0,0,1,1,4
stricro02,Rod Strickland,POINT GUARD,36,MINNESOTA TIMBERWOLVES,47,8,956,120,278,1,11,79,107,20,75,215,46,6,76,55,320
sundobr01,Bruno Šundov,CENTER,22,BOSTON CELTICS,26,0,138,14,56,4,16,0,2,8,20,7,6,3,9,24,32
surabo01,Bob Sura,SHOOTING GUARD,29,GOLDEN STATE WARRIORS,55,0,1130,135,328,28,85,103,148,58,109,177,45,2,82,108,401
swiftst01,Stromile Swift,POWER FORWARD,23,MEMPHIS GRIZZLIES,67,26,1478,235,489,0,2,177,245,114,270,45,55,104,99,152,647
szczewa02,Wally Szczerbiak,SMALL FORWARD,25,MINNESOTA TIMBERWOLVES,52,42,1836,351,729,61,145,150,173,53,188,136,44,22,87,123,913
tayloma01,Maurice Taylor,POWER FORWARD,26,HOUSTON ROCKETS,67,9,1377,231,535,0,2,100,138,95,143,66,22,22,100,151,562
terryja01,Jason Terry,POINT GUARD,25,ATLANTA HAWKS,81,81,3081,488,1141,160,431,259,292,37,242,600,126,14,249,175,1395
thomaet01,Etan Thomas,POWER FORWARD,24,WASHINGTON WIZARDS,38,0,513,61,124,0,0,60,94,70,95,3,8,23,33,66,182
thomake01,Kenny Thomas,POWER FORWARD,25,HOUSTON ROCKETS,20,14,586,82,190,0,0,33,45,45,92,39,16,6,40,49,197
thomake01,Kenny Thomas,POWER FORWARD,25,PHILADELPHIA 76ERS,46,28,1392,178,369,0,0,114,152,140,252,73,46,22,76,120,470
thomaku01,Kurt Thomas,CENTER,30,NEW YORK KNICKS,81,81,2577,497,1028,2,3,138,184,160,477,162,81,97,138,344,1134
thomati01,Tim Thomas,SMALL FORWARD,25,MILWAUKEE BUCKS,80,70,2358,412,930,97,265,145,186,97,292,102,70,49,133,257,1066
tinslja01,Jamaal Tinsley,POINT GUARD,24,INDIANA PACERS,73,69,2237,220,556,46,166,80,112,58,202,548,125,18,192,201,566
torreos01,Óscar Torres,SHOOTING GUARD,26,GOLDEN STATE WARRIORS,17,0,109,16,36,7,13,14,20,3,9,3,4,2,8,9,53
traylro01,Robert Traylor,CENTER,25,NEW ORLEANS HORNETS,69,0,851,105,237,1,3,57,88,108,154,50,45,37,53,153,268
trentga01,Gary Trent,SMALL FORWARD,28,MINNESOTA TIMBERWOLVES,80,22,1222,208,389,0,2,60,101,106,185,77,32,23,59,142,476
trepaje01,Jeff Trepagnier,SHOOTING GUARD,23,DENVER NUGGETS,8,0,97,17,40,4,8,7,7,8,8,6,8,0,8,5,45
trybace01,Cezary Trybański,CENTER,23,MEMPHIS GRIZZLIES,15,0,86,5,20,0,0,4,10,6,8,1,0,6,8,13,14
tsakaja01,Jake Tsakalidis,CENTER,23,PHOENIX SUNS,33,27,543,61,135,0,0,39,58,45,77,13,6,17,26,80,161
tskitni01,Nikoloz Tskitishvili,SMALL FORWARD,19,DENVER NUGGETS,81,16,1320,115,393,37,152,48,65,64,117,91,31,29,84,136,315
turkohe01,Hedo Türkoğlu,SMALL FORWARD,23,SACRAMENTO KINGS,67,11,1175,165,391,29,78,88,110,35,153,87,25,12,50,125,447
vanexni01,Nick Van Exel,SHOOTING GUARD,31,DALLAS MAVERICKS,73,1,2026,342,831,118,312,110,144,35,173,312,42,4,123,86,912
vanhoke01,Keith Van Horn,POWER FORWARD,27,PHILADELPHIA 76ERS,74,73,2337,459,952,65,176,193,240,159,365,93,63,30,150,251,1176
vaughja01,Jacque Vaughn,POINT GUARD,27,ORLANDO MAGIC,80,48,1686,184,411,8,34,97,125,26,92,232,64,2,97,169,473
voskuja01,Jake Voskuhl,CENTER,25,PHOENIX SUNS,65,1,947,92,163,0,0,64,96,97,128,36,18,29,48,172,248
wagneda02,Dajuan Wagner,SHOOTING GUARD,19,CLEVELAND CAVALIERS,47,24,1385,223,605,55,174,128,160,20,62,130,38,7,85,107,629
walkean02,Antoine Walker,POWER FORWARD,26,BOSTON CELTICS,78,78,3235,603,1554,188,582,176,286,99,464,373,116,31,260,221,1570
walkesa01,Samaki Walker,CENTER,26,LOS ANGELES LAKERS,67,39,1243,115,274,0,1,66,101,115,253,64,20,55,56,143,296
wallabe01,Ben Wallace,CENTER,28,DETROIT PISTONS,73,73,2873,210,437,1,6,85,189,293,833,120,104,230,88,179,506
wallage01,Gerald Wallace,SMALL FORWARD,20,SACRAMENTO KINGS,47,7,571,90,183,1,4,39,74,38,90,23,24,15,44,68,220
wallara01,Rasheed Wallace,POWER FORWARD,28,PORTLAND TRAIL BLAZERS,74,74,2684,515,1094,110,307,200,272,113,435,153,70,77,140,223,1340
wardch01,Charlie Ward,POINT GUARD,32,NEW YORK KNICKS,66,6,1465,165,414,101,267,41,53,25,152,306,78,11,95,146,472
watsoea01,Earl Watson,POINT GUARD,23,MEMPHIS GRIZZLIES,79,2,1366,170,391,31,91,62,86,46,118,225,89,14,88,138,433
weathcl01,Clarence Weatherspoon,POWER FORWARD,32,NEW YORK KNICKS,79,19,2024,186,414,0,0,149,194,214,385,68,69,36,63,174,521
webbech01,Chris Webber,POWER FORWARD,29,SACRAMENTO KINGS,67,67,2622,661,1433,5,21,215,354,160,544,364,106,88,215,204,1542
wellsbo01,Bonzi Wells,SHOOTING GUARD,26,PORTLAND TRAIL BLAZERS,75,65,2396,437,990,38,130,226,313,98,296,246,123,18,215,220,1138
welscji01,Jiří Welsch,SMALL FORWARD,23,GOLDEN STATE WARRIORS,37,0,234,19,75,1,4,22,29,12,16,27,8,2,19,32,61
wesleda01,David Wesley,SHOOTING GUARD,32,NEW ORLEANS HORNETS,73,73,2710,449,1037,134,316,185,237,38,137,251,109,9,132,173,1217
whiteja01,Jahidi White,CENTER,26,WASHINGTON WIZARDS,16,8,230,25,53,0,0,17,25,37,36,2,1,12,9,33,67
whitero02,Rodney White,SHOOTING GUARD,22,DENVER NUGGETS,72,19,1563,260,638,32,134,98,125,43,170,121,45,32,156,134,650
whitnch01,Chris Whitney,POINT GUARD,31,DENVER NUGGETS,29,20,762,94,261,43,128,46,57,1,45,124,17,1,55,77,277
whitnch01,Chris Whitney,POINT GUARD,31,ORLANDO MAGIC,22,1,290,30,88,7,36,11,12,2,19,21,12,1,16,15,78
wilcoch01,Chris Wilcox,POWER FORWARD,20,LOS ANGELES CLIPPERS,46,3,479,73,140,0,0,25,50,32,72,21,7,12,26,65,171
wilksmi01,Mike Wilks,SHOOTING GUARD,23,ATLANTA HAWKS,15,7,364,29,81,6,17,21,29,9,32,42,16,1,16,38,85
wilksmi01,Mike Wilks,POINT GUARD,23,MINNESOTA TIMBERWOLVES,31,0,324,21,67,4,18,16,18,11,19,50,11,3,12,31,62
williaa01,Aaron Williams,CENTER,31,NEW JERSEY NETS,81,0,1597,199,439,0,1,102,130,137,194,88,27,57,85,206,500
willial02,Alvin Williams,POINT GUARD,28,TORONTO RAPTORS,78,78,2638,396,905,48,146,187,239,55,190,416,111,21,128,170,1027
willibr01,Brandon Williams,SMALL FORWARD,27,ATLANTA HAWKS,6,0,19,1,7,0,1,0,0,2,0,0,2,0,3,4,2
willier01,Eric Williams,SMALL FORWARD,30,BOSTON CELTICS,82,79,2350,254,575,37,110,201,268,143,239,140,86,19,97,234,746
willifr02,Frank Williams,POINT GUARD,22,NEW YORK KNICKS,21,0,167,9,33,6,16,4,6,3,15,34,7,2,17,20,28
willija02,Jason Williams,POINT GUARD,27,MEMPHIS GRIZZLIES,76,76,2407,333,859,143,404,110,131,25,187,631,91,10,168,130,919
willija03,Jay Williams,POINT GUARD,21,CHICAGO BULLS,75,54,1961,273,685,65,202,103,161,27,168,350,86,17,171,179,714
willije01,Jerome Williams,POWER FORWARD,29,TORONTO RAPTORS,71,63,2346,267,535,1,6,156,281,231,419,95,116,26,98,197,691
willimo01,Monty Williams,SMALL FORWARD,31,PHILADELPHIA 76ERS,21,2,276,34,80,0,2,24,32,12,33,26,12,5,17,33,92
willisc01,Scott Williams,CENTER,34,PHOENIX SUNS,69,33,872,120,292,0,2,33,42,72,121,22,27,21,32,159,273
willish01,Shammond Williams,POINT GUARD,27,BOSTON CELTICS,51,2,1169,134,338,56,159,48,57,12,98,128,61,3,61,84,372
willish01,Shammond Williams,POINT GUARD,27,DENVER NUGGETS,27,9,712,94,241,37,102,30,45,12,49,138,16,3,53,56,255
williwa02,Walt Williams,SMALL FORWARD,32,DALLAS MAVERICKS,66,1,1161,134,341,64,171,31,50,53,154,59,42,26,35,141,363
willico02,Corliss Williamson,SMALL FORWARD,29,DETROIT PISTONS,82,1,2061,374,826,2,11,237,300,147,211,104,44,27,126,238,987
willike02,Kevin Willis,CENTER,40,SAN ANTONIO SPURS,71,6,840,123,257,0,2,51,83,83,143,24,20,20,60,120,297
wolkoru01,Rubén Wolkowyski,POWER FORWARD,29,BOSTON CELTICS,7,0,24,2,4,0,1,1,4,0,1,1,0,0,1,3,5
woodslo01,Loren Woods,CENTER,24,MINNESOTA TIMBERWOLVES,38,11,353,29,76,1,3,21,27,27,68,19,10,13,23,37,80
woodsqy01,Qyntel Woods,POWER FORWARD,21,PORTLAND TRAIL BLAZERS,53,0,334,59,118,3,9,7,20,15,38,12,15,1,23,36,128
artesro01,Metta World Peace,SMALL FORWARD,23,INDIANA PACERS,69,67,2317,362,846,71,211,273,371,101,261,198,159,50,145,242,1068
wrighlo02,Lorenzen Wright,CENTER,27,MEMPHIS GRIZZLIES,70,49,1982,325,716,0,5,147,223,170,358,80,51,54,110,209,797
yarbrvi01,Vincent Yarbrough,SHOOTING GUARD,21,DENVER NUGGETS,59,39,1381,168,428,21,78,49,62,36,126,130,57,33,81,145,406
zhizhwa01,Wang Zhizhi,CENTER,25,LOS ANGELES CLIPPERS,41,1,412,62,162,16,47,42,58,26,51,10,8,10,31,41,182
