slug,name,positions,age,team,games_played,games_started,minutes_played,made_field_goals,attempted_field_goals,made_three_point_field_goals,attempted_three_point_field_goals,made_free_throws,attempted_free_throws,offensive_rebounds,defensive_rebounds,assists,steals,blocks,turnovers,personal_fouls,points
abrinal01,Álex Abrines,SHOOTING GUARD,23,OKLAHOMA CITY THUNDER,68,6,1055,134,341,94,247,44,49,18,68,40,37,8,33,114,406
acyqu01,Quincy Acy,POWER FORWARD,26,DALLAS MAVERICKS,6,0,48,5,17,1,7,2,3,2,6,0,0,0,2,9,13
acyqu01,Quincy Acy,POWER FORWARD,26,BROOKLYN NETS,32,1,510,65,153,36,83,43,57,18,89,18,14,15,19,58,209
adamsst01,Steven Adams,CENTER,23,OKLAHOMA CITY THUNDER,80,80,2389,374,655,0,1,157,257,281,332,86,89,78,146,195,905
afflaar01,Arron Afflalo,SHOOTING GUARD,31,SACRAMENTO KINGS,61,45,1580,185,420,62,151,83,93,9,116,78,21,6,42,104,515
ajincal01,Alexis Ajinça,CENTER,28,NEW ORLEANS PELICANS,39,15,584,89,178,0,4,29,40,46,131,12,20,22,31,77,207
aldrico01,Cole Aldrich,CENTER,28,MINNESOTA TIMBERWOLVES,62,0,531,45,86,0,0,15,22,51,107,25,25,23,17,85,105
aldrila01,LaMarcus Aldridge,POWER FORWARD,31,SAN ANTONIO SPURS,72,72,2335,500,1049,23,56,220,271,172,351,139,46,88,98,158,1243
allenla01,Lavoy Allen,POWER FORWARD,27,INDIANA PACERS,61,5,871,77,168,0,1,23,33,105,114,57,18,24,29,78,177
allento01,Tony Allen,SHOOTING GUARD,35,MEMPHIS GRIZZLIES,71,66,1914,274,595,15,54,80,130,166,225,98,115,29,100,178,643
aminual01,Al-Farouq Aminu,POWER FORWARD,26,PORTLAND TRAIL BLAZERS,61,25,1773,183,466,70,212,96,136,77,374,99,60,44,94,102,532
anderch01,Chris Andersen,CENTER,38,CLEVELAND CAVALIERS,12,0,114,9,22,0,3,10,14,9,22,5,5,7,5,20,28
anderal01,Alan Anderson,SMALL FORWARD,34,LOS ANGELES CLIPPERS,30,0,308,30,80,14,44,12,16,3,21,11,3,0,7,35,86
anderju01,Justin Anderson,SMALL FORWARD,23,DALLAS MAVERICKS,51,2,710,111,277,37,122,70,88,39,110,32,28,16,40,64,329
anderju01,Justin Anderson,SMALL FORWARD,23,PHILADELPHIA 76ERS,24,8,518,75,162,21,72,32,41,30,66,34,13,7,26,45,203
anderky01,Kyle Anderson,SMALL FORWARD,23,SAN ANTONIO SPURS,72,14,1020,93,209,15,40,45,57,33,175,91,51,26,39,63,246
anderry01,Ryan Anderson,POWER FORWARD,28,HOUSTON ROCKETS,72,72,2116,323,773,204,506,129,150,112,218,68,31,14,55,142,979
antetgi01,Giannis Antetokounmpo,SMALL FORWARD,22,MILWAUKEE BUCKS,80,80,2845,656,1259,49,180,471,612,142,558,434,131,151,234,246,1832
anthoca01,Carmelo Anthony,SMALL FORWARD,32,NEW YORK KNICKS,74,74,2538,602,1389,151,421,304,365,62,376,213,60,34,153,198,1659
anthojo01,Joel Anthony,CENTER,34,SAN ANTONIO SPURS,19,0,122,10,16,0,0,5,8,8,23,3,2,6,4,11,25
arizatr01,Trevor Ariza,SMALL FORWARD,31,HOUSTON ROCKETS,80,80,2773,326,798,191,555,93,126,54,404,175,147,20,73,133,936
arthuda01,Darrell Arthur,POWER FORWARD,28,DENVER NUGGETS,41,7,639,95,215,53,117,19,22,25,87,42,19,21,36,76,262
asikom01,Ömer Aşık,CENTER,30,NEW ORLEANS PELICANS,31,19,482,31,65,0,0,23,39,48,115,15,5,10,14,51,85
augusdj01,D.J. Augustin,POINT GUARD,29,ORLANDO MAGIC,78,20,1538,195,517,95,274,131,161,15,102,209,31,1,90,101,616
babbilu01,Luke Babbitt,SMALL FORWARD,27,MIAMI HEAT,68,55,1065,113,281,87,210,11,15,12,129,36,20,11,25,118,324
bakerro01,Ron Baker,SHOOTING GUARD,23,NEW YORK KNICKS,52,13,857,82,217,23,86,28,43,12,86,107,34,8,56,74,215
baldwwa01,Wade Baldwin,POINT GUARD,20,MEMPHIS GRIZZLIES,33,1,405,36,115,3,22,31,37,11,35,61,18,7,39,40,106
barbole01,Leandro Barbosa,SHOOTING GUARD,34,PHOENIX SUNS,67,0,963,172,392,35,98,40,45,15,89,81,31,8,48,82,419
bareajo01,J.J. Barea,POINT GUARD,32,DALLAS MAVERICKS,35,6,771,142,343,53,148,44,51,9,75,193,14,1,63,30,381
barneha02,Harrison Barnes,POWER FORWARD,24,DALLAS MAVERICKS,79,79,2803,599,1280,78,222,242,281,93,301,116,65,15,102,128,1518
barnema02,Matt Barnes,SMALL FORWARD,36,SACRAMENTO KINGS,54,13,1367,147,383,69,211,50,66,55,238,150,36,17,83,138,413
barnema02,Matt Barnes,SMALL FORWARD,36,GOLDEN STATE WARRIORS,20,5,410,38,90,18,52,20,23,15,76,45,12,9,24,47,114
bartowi01,Will Barton,SHOOTING GUARD,26,DENVER NUGGETS,60,19,1705,295,666,87,235,143,190,58,201,206,48,28,97,110,820
bassbr01,Brandon Bass,POWER FORWARD,31,LOS ANGELES CLIPPERS,52,0,577,107,186,1,3,77,88,43,86,21,14,11,29,45,292
batumni01,Nicolas Batum,SHOOTING GUARD,28,CHARLOTTE HORNETS,77,77,2617,393,975,135,405,243,284,46,435,456,86,29,194,109,1164
bayleje01,Jerryd Bayless,POINT GUARD,28,PHILADELPHIA 76ERS,3,1,71,11,32,2,5,9,10,3,9,13,0,0,9,4,33
baynear01,Aron Baynes,CENTER,30,DETROIT PISTONS,75,2,1163,143,279,0,0,79,94,111,222,32,17,39,50,166,365
bazemke01,Kent Bazemore,SMALL FORWARD,27,ATLANTA HAWKS,73,64,1963,295,721,92,266,119,168,45,186,177,91,52,125,165,801
bealbr01,Bradley Beal,SHOOTING GUARD,23,WASHINGTON WIZARDS,77,77,2684,637,1322,223,552,282,342,53,187,267,83,21,156,169,1779
beaslma01,Malik Beasley,SHOOTING GUARD,20,DENVER NUGGETS,22,1,165,33,73,9,28,8,10,5,12,11,7,0,8,10,83
beaslmi01,Michael Beasley,POWER FORWARD,28,MILWAUKEE BUCKS,56,6,935,216,406,18,43,78,105,40,153,53,27,27,66,92,528
belinma01,Marco Belinelli,SHOOTING GUARD,30,CHARLOTTE HORNETS,74,0,1778,264,615,102,283,150,168,14,164,147,44,9,70,90,780
bembrde01,DeAndre' Bembry,SMALL FORWARD,22,ATLANTA HAWKS,38,1,371,47,98,1,18,6,16,14,45,28,8,5,16,21,101
bendedr01,Dragan Bender,POWER FORWARD,19,PHOENIX SUNS,43,0,574,57,161,28,101,4,11,23,80,23,10,22,32,74,146
bennean01,Anthony Bennett,POWER FORWARD,23,BROOKLYN NETS,23,1,264,38,92,13,48,26,36,25,53,12,5,3,12,18,115
bentibe01,Ben Bentil,POWER FORWARD,21,DALLAS MAVERICKS,3,0,10,0,3,0,1,0,0,0,2,0,0,0,1,1,0
bertada01,Dāvis Bertāns,POWER FORWARD,24,SAN ANTONIO SPURS,67,6,808,103,234,69,173,28,34,22,76,46,20,28,32,75,303
beverpa01,Patrick Beverley,SHOOTING GUARD,28,HOUSTON ROCKETS,67,67,2058,228,543,110,288,73,95,95,298,281,99,25,100,222,639
biyombi01,Bismack Biyombo,CENTER,24,ORLANDO MAGIC,81,27,1793,179,339,0,0,125,234,157,410,74,25,91,95,202,483
bjeline01,Nemanja Bjelica,POWER FORWARD,28,MINNESOTA TIMBERWOLVES,65,1,1190,151,356,56,177,45,61,57,187,79,40,20,59,154,403
blackta01,Tarik Black,CENTER,25,LOS ANGELES LAKERS,67,16,1091,150,294,1,2,82,109,144,199,39,29,44,58,173,383
bledser01,Eric Bledsoe,POINT GUARD,27,PHOENIX SUNS,66,66,2176,449,1034,104,310,388,458,52,268,418,91,31,224,164,1390
bogdabo02,Bojan Bogdanović,SMALL FORWARD,27,BROOKLYN NETS,55,54,1482,269,611,99,277,146,167,23,174,90,24,3,93,99,783
bogdabo02,Bojan Bogdanović,SMALL FORWARD,27,WASHINGTON WIZARDS,26,0,601,107,234,45,115,71,76,14,66,21,10,4,38,47,330
bogutan01,Andrew Bogut,CENTER,32,DALLAS MAVERICKS,26,21,582,38,81,0,1,3,11,56,162,49,13,25,43,84,79
bogutan01,Andrew Bogut,CENTER,32,CLEVELAND CAVALIERS,1,0,1,0,0,0,0,0,0,0,0,0,0,0,0,2,0
bolomjo01,Joel Bolomboy,POWER FORWARD,23,UTAH JAZZ,12,0,53,9,16,1,4,3,6,4,13,2,1,2,2,1,22
bookede01,Devin Booker,SHOOTING GUARD,20,PHOENIX SUNS,78,78,2730,606,1431,147,405,367,441,46,203,268,72,21,241,242,1726
booketr01,Trevor Booker,POWER FORWARD,29,BROOKLYN NETS,71,43,1754,305,591,25,78,74,110,143,428,138,75,28,127,152,709
bradlav01,Avery Bradley,SHOOTING GUARD,26,BOSTON CELTICS,55,55,1835,359,775,108,277,68,93,65,269,122,68,11,88,141,894
breweco01,Corey Brewer,SMALL FORWARD,30,HOUSTON ROCKETS,58,8,923,94,227,22,94,32,44,21,93,61,37,12,36,104,242
breweco01,Corey Brewer,SMALL FORWARD,30,LOS ANGELES LAKERS,24,3,358,53,121,5,24,18,24,11,41,36,24,8,19,29,129
brogdma01,Malcolm Brogdon,SHOOTING GUARD,24,MILWAUKEE BUCKS,75,28,1982,290,635,78,193,109,126,47,166,317,84,12,113,140,767
brookaa01,Aaron Brooks,POINT GUARD,32,INDIANA PACERS,65,0,894,121,300,48,128,32,40,18,51,125,25,9,66,93,322
brownan02,Anthony Brown,SMALL FORWARD,24,NEW ORLEANS PELICANS,9,0,143,14,41,6,24,0,0,6,20,6,5,1,5,13,34
brownan02,Anthony Brown,SMALL FORWARD,24,ORLANDO MAGIC,2,0,16,4,9,1,3,0,0,2,5,2,0,0,1,2,9
brownbo02,Bobby Brown,POINT GUARD,32,HOUSTON ROCKETS,25,0,123,23,60,14,35,2,2,0,6,14,1,0,5,5,62
brownja02,Jaylen Brown,SMALL FORWARD,20,BOSTON CELTICS,78,20,1341,192,423,46,135,85,124,45,175,64,35,18,68,142,515
brussni01,Nicolás Brussino,SHOOTING GUARD,23,DALLAS MAVERICKS,54,2,521,52,141,29,95,17,22,26,69,47,17,8,26,43,150
bullore01,Reggie Bullock,SMALL FORWARD,25,DETROIT PISTONS,31,5,467,54,128,28,73,5,7,13,51,29,18,3,10,22,141
burketr01,Trey Burke,POINT GUARD,24,WASHINGTON WIZARDS,57,0,703,116,255,31,70,22,29,7,40,100,11,5,48,54,285
burksal01,Alec Burks,SHOOTING GUARD,25,UTAH JAZZ,42,0,653,99,248,25,76,60,78,17,103,30,18,5,35,50,283
butleji01,Jimmy Butler,SMALL FORWARD,27,CHICAGO BULLS,76,75,2809,570,1252,91,248,585,676,129,341,417,143,32,159,112,1816
cabocbr01,Bruno Caboclo,SMALL FORWARD,21,TORONTO RAPTORS,9,0,40,6,16,2,6,0,0,5,5,4,2,1,2,4,14
caldejo01,José Calderón,POINT GUARD,35,LOS ANGELES LAKERS,24,11,292,32,77,12,34,4,4,8,34,51,7,1,26,22,80
caldejo01,José Calderón,POINT GUARD,35,ATLANTA HAWKS,17,2,247,23,57,8,30,7,8,7,25,37,4,0,15,14,61
caldwke01,Kentavious Caldwell-Pope,SHOOTING GUARD,23,DETROIT PISTONS,76,75,2529,370,928,153,437,154,185,55,193,193,89,12,86,118,1047
canaais01,Isaiah Canaan,SHOOTING GUARD,25,CHICAGO BULLS,39,0,592,63,173,25,94,30,33,6,44,37,22,1,21,35,181
capelca01,Clint Capela,CENTER,22,HOUSTON ROCKETS,65,59,1551,362,563,0,0,94,177,178,348,63,34,79,87,179,818
carrode01,DeMarre Carroll,SMALL FORWARD,30,TORONTO RAPTORS,72,72,1882,220,550,109,320,89,117,63,212,74,81,27,54,143,638
cartevi01,Vince Carter,SMALL FORWARD,40,MEMPHIS GRIZZLIES,73,15,1799,193,490,112,296,88,115,36,191,133,60,36,50,163,586
cartemi01,Michael Carter-Williams,POINT GUARD,25,CHICAGO BULLS,45,19,846,112,306,15,64,58,77,24,129,113,38,23,66,102,297
casspom01,Omri Casspi,POWER FORWARD,28,SACRAMENTO KINGS,22,2,397,53,117,11,29,12,21,20,70,26,10,1,17,23,129
casspom01,Omri Casspi,POWER FORWARD,28,NEW ORLEANS PELICANS,1,0,24,5,9,2,4,0,0,1,1,0,0,0,2,3,12
casspom01,Omri Casspi,POWER FORWARD,28,MINNESOTA TIMBERWOLVES,13,0,222,19,38,2,10,5,8,6,14,11,13,2,10,24,45
caulewi01,Willie Cauley-Stein,CENTER,23,SACRAMENTO KINGS,75,21,1421,255,481,0,2,101,151,85,254,80,53,44,69,147,611
chandty01,Tyson Chandler,CENTER,34,PHOENIX SUNS,47,46,1298,153,228,0,0,91,124,153,386,30,33,24,65,126,397
chandwi01,Wilson Chandler,SMALL FORWARD,29,DENVER NUGGETS,71,33,2197,433,939,110,326,141,194,103,357,141,51,30,114,172,1117
chrisma01,Marquese Chriss,POWER FORWARD,19,PHOENIX SUNS,82,75,1743,284,632,72,224,113,181,96,252,60,67,70,108,263,753
chrisra01,Rakeem Christmas,POWER FORWARD,25,INDIANA PACERS,29,0,219,19,43,0,0,21,29,26,30,4,3,6,8,37,59
chrisse01,Semaj Christon,POINT GUARD,24,OKLAHOMA CITY THUNDER,64,1,973,77,223,12,63,17,31,19,68,130,28,7,43,79,183
clarkia01,Ian Clark,SHOOTING GUARD,25,GOLDEN STATE WARRIORS,77,0,1137,211,433,61,163,44,58,22,99,90,39,8,55,77,527
clarkjo01,Jordan Clarkson,SHOOTING GUARD,24,LOS ANGELES LAKERS,82,19,2397,477,1071,117,356,134,168,49,197,213,88,8,164,150,1205
coleno01,Norris Cole,POINT GUARD,28,OKLAHOMA CITY THUNDER,13,0,125,16,52,3,13,8,10,0,11,14,8,0,7,18,43
collida01,Darren Collison,POINT GUARD,29,SACRAMENTO KINGS,68,64,2063,340,714,73,175,147,171,23,129,312,67,9,114,119,900
collini01,Nick Collison,POWER FORWARD,36,OKLAHOMA CITY THUNDER,20,0,128,14,23,0,1,5,8,9,22,12,2,2,4,17,33
conlemi01,Mike Conley,POINT GUARD,29,MEMPHIS GRIZZLIES,69,68,2292,464,1009,171,419,316,368,31,210,433,92,19,156,126,1415
connapa01,Pat Connaughton,SHOOTING GUARD,24,PORTLAND TRAIL BLAZERS,39,1,316,37,72,17,33,7,9,10,42,28,6,2,17,23,98
cookqu01,Quinn Cook,POINT GUARD,23,DALLAS MAVERICKS,5,0,77,11,25,5,14,0,2,0,3,12,1,0,8,6,27
cookqu01,Quinn Cook,POINT GUARD,23,NEW ORLEANS PELICANS,9,0,111,22,41,6,12,2,3,1,3,14,3,0,5,7,52
couside01,DeMarcus Cousins,CENTER,26,SACRAMENTO KINGS,55,55,1891,505,1118,95,267,423,549,115,468,266,75,74,207,203,1528
couside01,DeMarcus Cousins,CENTER,26,NEW ORLEANS PELICANS,17,17,574,142,314,36,96,94,121,37,174,66,25,19,62,75,414
covinro01,Robert Covington,SMALL FORWARD,26,PHILADELPHIA 76ERS,67,67,2119,292,732,137,412,143,174,92,344,102,127,69,131,203,864
crabbal01,Allen Crabbe,SHOOTING GUARD,24,PORTLAND TRAIL BLAZERS,79,7,2254,303,647,134,302,105,124,19,207,94,54,20,62,171,845
crawfja01,Jamal Crawford,SHOOTING GUARD,36,LOS ANGELES CLIPPERS,82,1,2157,359,870,116,322,174,203,17,112,214,61,14,134,115,1008
crawfjo02,Jordan Crawford,SHOOTING GUARD,28,NEW ORLEANS PELICANS,19,0,442,105,218,37,95,20,26,4,30,57,11,2,25,30,267
crowdja01,Jae Crowder,SMALL FORWARD,26,BOSTON CELTICS,72,72,2335,333,720,157,394,176,217,48,367,155,73,23,80,161,999
cunnida01,Dante Cunningham,POWER FORWARD,29,NEW ORLEANS PELICANS,66,35,1649,174,359,71,181,16,27,56,221,37,39,28,28,100,435
curryse01,Seth Curry,POINT GUARD,26,DALLAS MAVERICKS,70,42,2029,338,703,137,322,85,100,25,154,189,79,7,92,126,898
curryst01,Stephen Curry,POINT GUARD,28,GOLDEN STATE WARRIORS,79,79,2638,675,1443,324,789,325,362,61,292,524,142,17,239,183,1999
danietr01,Troy Daniels,SHOOTING GUARD,25,MEMPHIS GRIZZLIES,67,3,1183,185,495,138,355,43,54,22,78,46,20,4,45,90,551
davisan02,Anthony Davis,CENTER,23,NEW ORLEANS PELICANS,75,75,2708,770,1526,40,134,519,647,172,712,157,94,167,181,168,2099
davisde01,Deyonta Davis,CENTER,20,MEMPHIS GRIZZLIES,36,0,238,24,47,0,0,10,18,20,40,2,3,17,8,40,58
davised01,Ed Davis,POWER FORWARD,27,PORTLAND TRAIL BLAZERS,46,12,789,75,142,0,0,50,81,96,148,26,15,22,37,137,200
dedmode01,Dewayne Dedmon,CENTER,27,SAN ANTONIO SPURS,76,37,1330,161,259,0,0,65,93,129,367,44,37,61,61,180,387
dekkesa01,Sam Dekker,POWER FORWARD,22,HOUSTON ROCKETS,77,2,1419,203,429,60,187,38,68,94,190,76,38,21,41,83,504
delanma01,Malcolm Delaney,POINT GUARD,27,ATLANTA HAWKS,73,2,1248,145,388,26,110,75,93,10,113,193,39,1,95,112,391
dellama01,Matthew Dellavedova,POINT GUARD,26,MILWAUKEE BUCKS,76,54,1986,208,534,79,215,82,96,24,123,357,53,0,133,153,577
denglu01,Luol Deng,SMALL FORWARD,31,LOS ANGELES LAKERS,56,49,1486,164,424,51,165,46,63,63,232,74,48,20,43,61,425
derozde01,DeMar DeRozan,SHOOTING GUARD,27,TORONTO RAPTORS,74,74,2620,721,1545,33,124,545,647,70,316,290,78,13,180,134,2020
diallch01,Cheick Diallo,POWER FORWARD,20,NEW ORLEANS PELICANS,17,0,199,36,76,0,0,15,21,23,50,4,4,7,7,17,87
diawbo01,Boris Diaw,POWER FORWARD,34,UTAH JAZZ,73,33,1283,146,327,20,81,26,35,46,112,170,18,9,87,83,338
dienggo01,Gorgui Dieng,POWER FORWARD,27,MINNESOTA TIMBERWOLVES,82,82,2653,332,661,16,43,136,167,188,459,158,88,95,107,254,816
dinwisp01,Spencer Dinwiddie,POINT GUARD,23,BROOKLYN NETS,59,18,1334,134,302,38,101,126,159,27,137,185,44,23,66,119,432
douglto01,Toney Douglas,POINT GUARD,30,MEMPHIS GRIZZLIES,24,0,394,43,117,7,42,24,29,13,48,56,18,5,21,50,117
dragigo01,Goran Dragić,POINT GUARD,30,MIAMI HEAT,73,73,2459,534,1124,117,289,298,377,62,217,423,89,13,212,199,1483
drumman01,Andre Drummond,CENTER,23,DETROIT PISTONS,81,81,2409,483,911,2,7,137,355,345,770,90,124,89,152,237,1105
dudleja01,Jared Dudley,POWER FORWARD,31,PHOENIX SUNS,64,7,1362,157,346,77,203,43,65,31,194,121,42,16,73,154,434
dunlemi02,Mike Dunleavy,SMALL FORWARD,36,CLEVELAND CAVALIERS,23,2,366,36,90,20,57,14,19,5,42,20,6,2,14,32,106
dunlemi02,Mike Dunleavy,SMALL FORWARD,36,ATLANTA HAWKS,30,0,475,57,130,33,77,22,26,13,55,30,9,5,14,35,169
dunnkr01,Kris Dunn,POINT GUARD,22,MINNESOTA TIMBERWOLVES,78,7,1333,118,313,21,73,36,59,24,142,188,78,36,89,178,293
duranke01,Kevin Durant,POWER FORWARD,28,GOLDEN STATE WARRIORS,62,62,2070,551,1026,117,312,336,384,39,474,300,66,99,138,117,1555
eddieja01,Jarell Eddie,SMALL FORWARD,25,PHOENIX SUNS,5,0,62,6,19,4,16,8,9,1,6,0,1,0,1,1,24
ellenhe01,Henry Ellenson,POWER FORWARD,20,DETROIT PISTONS,19,2,146,23,64,10,35,4,8,8,33,7,1,1,14,6,60
ellinwa01,Wayne Ellington,SHOOTING GUARD,29,MIAMI HEAT,62,13,1500,231,555,149,394,37,43,18,114,70,35,4,30,70,648
ellismo01,Monta Ellis,SHOOTING GUARD,31,INDIANA PACERS,74,33,1998,247,557,43,135,93,128,19,185,236,78,27,135,149,630
embiijo01,Joel Embiid,CENTER,22,PHILADELPHIA 76ERS,31,31,786,200,429,36,98,191,244,61,182,66,27,76,117,112,627
ennisja01,James Ennis,SMALL FORWARD,26,MEMPHIS GRIZZLIES,64,28,1501,146,321,51,137,86,110,69,190,64,46,19,59,165,429
ennisty01,Tyler Ennis,POINT GUARD,22,HOUSTON ROCKETS,31,0,196,25,64,6,16,2,3,4,15,34,6,0,24,29,58
ennisty01,Tyler Ennis,POINT GUARD,22,LOS ANGELES LAKERS,22,2,392,65,144,21,54,19,22,5,21,52,19,2,21,29,170
evansty01,Tyreke Evans,SMALL FORWARD,27,NEW ORLEANS PELICANS,26,0,474,91,227,21,70,45,58,6,80,91,23,4,39,41,248
evansty01,Tyreke Evans,SMALL FORWARD,27,SACRAMENTO KINGS,14,6,314,59,143,21,48,24,34,7,44,33,12,5,22,19,163
exumda01,Dante Exum,POINT GUARD,21,UTAH JAZZ,66,26,1228,155,363,44,149,58,73,30,102,111,21,12,80,146,412
farieke01,Kenneth Faried,POWER FORWARD,27,DENVER NUGGETS,61,34,1296,228,416,0,6,131,189,183,279,55,43,40,59,124,587
farmajo01,Jordan Farmar,POINT GUARD,30,SACRAMENTO KINGS,2,0,35,4,12,4,9,0,0,1,2,9,2,0,3,1,12
favorde01,Derrick Favors,POWER FORWARD,25,UTAH JAZZ,50,39,1186,203,417,3,10,67,109,92,213,56,45,40,60,103,476
feldeka01,Kay Felder,POINT GUARD,21,CLEVELAND CAVALIERS,42,0,386,62,158,7,22,35,49,3,38,58,18,7,30,38,166
feliccr01,Cristiano Felício,CENTER,24,CHICAGO BULLS,66,0,1040,128,221,0,0,60,93,124,187,40,25,17,33,110,316
feltora01,Raymond Felton,POINT GUARD,32,LOS ANGELES CLIPPERS,80,11,1700,221,514,46,144,50,64,33,185,191,66,22,83,125,538
ferreyo01,Yogi Ferrell,POINT GUARD,23,BROOKLYN NETS,10,0,151,18,49,8,27,10,16,4,8,17,2,2,14,11,54
ferreyo01,Yogi Ferrell,POINT GUARD,23,DALLAS MAVERICKS,36,29,1046,142,345,60,149,64,73,16,83,155,40,7,56,79,408
finnedo01,Dorian Finney-Smith,POWER FORWARD,23,DALLAS MAVERICKS,81,35,1642,124,333,56,191,46,61,55,167,67,52,25,45,125,350
forbebr01,Bryn Forbes,SHOOTING GUARD,23,SAN ANTONIO SPURS,36,0,285,36,99,17,53,5,6,2,21,23,1,0,11,20,94
fournev01,Evan Fournier,SHOOTING GUARD,24,ORLANDO MAGIC,68,66,2234,408,930,128,360,223,277,44,165,202,66,4,141,180,1167
foyera01,Randy Foye,SHOOTING GUARD,33,BROOKLYN NETS,69,40,1284,118,325,67,203,54,63,9,146,135,35,9,80,99,357
fraziti01,Tim Frazier,POINT GUARD,26,NEW ORLEANS PELICANS,65,35,1525,163,404,40,128,98,129,34,139,335,56,6,101,133,464
fryech01,Channing Frye,CENTER,33,CLEVELAND CAVALIERS,74,15,1398,238,520,137,335,63,74,37,253,45,33,37,53,138,676
gallida01,Danilo Gallinari,SMALL FORWARD,28,DENVER NUGGETS,63,63,2134,335,750,126,324,349,387,39,286,135,40,15,82,93,1145
gallola01,Langston Galloway,POINT GUARD,25,NEW ORLEANS PELICANS,55,0,1120,165,441,101,268,40,52,20,101,65,40,5,28,76,471
gallola01,Langston Galloway,POINT GUARD,25,SACRAMENTO KINGS,19,2,375,42,104,19,40,11,12,7,28,28,6,1,18,20,114
garinpa01,Patricio Garino,SHOOTING GUARD,23,ORLANDO MAGIC,5,0,43,0,7,0,5,0,0,1,6,0,0,0,3,4,0
gasolma01,Marc Gasol,CENTER,32,MEMPHIS GRIZZLIES,74,74,2531,532,1160,104,268,278,332,60,404,338,67,99,166,171,1446
gasolpa01,Pau Gasol,CENTER,36,SAN ANTONIO SPURS,64,39,1627,303,604,56,104,130,184,107,394,150,24,70,81,110,792
gayru01,Rudy Gay,SMALL FORWARD,30,SACRAMENTO KINGS,30,30,1013,201,442,42,113,118,138,35,155,83,44,26,74,79,562
gbinimi01,Michael Gbinije,SHOOTING GUARD,24,DETROIT PISTONS,9,0,32,1,10,0,4,2,2,2,1,2,0,0,0,2,4
geeal01,Alonzo Gee,SMALL FORWARD,29,DENVER NUGGETS,13,0,89,3,14,0,3,5,9,4,11,6,5,1,4,14,11
georgpa01,Paul George,SMALL FORWARD,26,INDIANA PACERS,75,75,2689,622,1348,195,496,336,374,58,434,251,119,27,220,206,1775
georgma01,Marcus Georges-Hunt,SHOOTING GUARD,22,ORLANDO MAGIC,5,0,48,2,7,1,2,9,10,1,8,3,1,0,2,5,14
gibsojo01,Jonathan Gibson,POINT GUARD,29,DALLAS MAVERICKS,17,0,231,35,95,15,45,21,29,1,21,26,8,0,21,21,106
gibsota01,Taj Gibson,POWER FORWARD,31,CHICAGO BULLS,55,55,1502,276,530,2,12,85,119,120,262,60,27,50,77,123,639
gibsota01,Taj Gibson,POWER FORWARD,31,OKLAHOMA CITY THUNDER,23,16,487,89,179,1,1,28,39,38,65,13,14,15,28,40,207
ginobma01,Manu Ginóbili,SHOOTING GUARD,39,SAN ANTONIO SPURS,69,0,1291,171,439,89,227,86,107,28,129,183,82,16,96,119,517
goberru01,Rudy Gobert,CENTER,24,UTAH JAZZ,81,81,2744,413,625,0,1,311,476,314,721,97,49,214,147,246,1137
goodwar01,Archie Goodwin,SHOOTING GUARD,22,NEW ORLEANS PELICANS,3,0,30,2,5,1,2,10,10,0,0,1,0,1,0,1,15
goodwar01,Archie Goodwin,SHOOTING GUARD,22,BROOKLYN NETS,12,0,184,34,61,4,13,23,32,7,21,23,4,4,14,7,95
gordoaa01,Aaron Gordon,SMALL FORWARD,21,ORLANDO MAGIC,80,72,2298,393,865,77,267,156,217,116,289,150,65,40,89,172,1019
gordoer01,Eric Gordon,SHOOTING GUARD,28,HOUSTON ROCKETS,75,15,2323,412,1016,246,661,147,175,29,172,188,48,41,121,150,1217
gortama01,Marcin Gortat,CENTER,32,WASHINGTON WIZARDS,82,82,2556,390,674,0,2,103,159,238,611,121,40,61,119,213,883
grahatr01,Treveon Graham,SHOOTING GUARD,23,CHARLOTTE HORNETS,27,1,189,19,40,9,15,10,15,5,17,6,6,1,3,18,57
grantje01,Jerami Grant,POWER FORWARD,22,PHILADELPHIA 76ERS,2,0,41,6,17,0,2,4,8,0,6,0,0,4,3,5,16
grantje01,Jerami Grant,POWER FORWARD,22,OKLAHOMA CITY THUNDER,78,4,1490,146,311,43,114,86,139,38,161,46,33,75,41,144,421
grantje02,Jerian Grant,POINT GUARD,24,CHICAGO BULLS,63,28,1028,128,301,49,134,65,73,17,94,121,47,8,44,93,370
greenda02,Danny Green,SHOOTING GUARD,29,SAN ANTONIO SPURS,68,68,1807,176,449,118,311,27,32,31,193,124,70,57,76,120,497
greendr01,Draymond Green,POWER FORWARD,26,GOLDEN STATE WARRIORS,76,76,2471,272,650,81,263,151,213,98,501,533,154,106,184,217,776
greenge01,Gerald Green,SMALL FORWARD,31,BOSTON CELTICS,47,0,538,95,232,39,111,33,41,16,68,33,9,7,25,48,262
greenja01,JaMychal Green,POWER FORWARD,26,MEMPHIS GRIZZLIES,77,75,2101,250,500,55,145,134,167,167,377,84,47,34,94,248,689
greenje02,Jeff Green,POWER FORWARD,30,ORLANDO MAGIC,69,11,1534,220,558,53,193,145,168,39,175,81,37,13,75,103,638
griffbl01,Blake Griffin,POWER FORWARD,27,LOS ANGELES CLIPPERS,61,61,2076,479,971,38,113,320,421,112,385,300,57,22,142,157,1316
hamilju01,Justin Hamilton,CENTER,26,BROOKLYN NETS,64,7,1177,174,379,55,180,39,52,71,191,55,29,43,43,91,442
hammoaj01,A.J. Hammons,CENTER,24,DALLAS MAVERICKS,22,0,163,17,42,5,10,9,20,8,28,4,1,13,10,21,48
hardati02,Tim Hardaway Jr.,SHOOTING GUARD,24,ATLANTA HAWKS,79,30,2154,415,912,149,417,164,214,35,189,182,55,15,106,103,1143
hardeja01,James Harden,POINT GUARD,27,HOUSTON ROCKETS,81,81,2947,674,1533,262,756,746,881,95,564,907,121,38,464,215,2356
harklma01,Maurice Harkless,SMALL FORWARD,23,PORTLAND TRAIL BLAZERS,77,69,2223,314,624,68,194,77,124,125,216,88,85,70,86,214,773
harpeju01,Justin Harper,POWER FORWARD,27,PHILADELPHIA 76ERS,3,0,31,5,12,2,7,0,0,2,3,2,0,0,4,2,12
harremo01,Montrezl Harrell,CENTER,23,HOUSTON ROCKETS,58,14,1064,225,345,1,7,76,121,81,138,64,20,42,44,126,527
harride01,Devin Harris,POINT GUARD,33,DALLAS MAVERICKS,65,0,1087,136,341,58,177,107,129,11,116,136,43,7,57,101,437
harriga01,Gary Harris,SHOOTING GUARD,22,DENVER NUGGETS,57,56,1782,320,637,107,255,104,134,48,130,164,71,8,76,92,851
harrijo01,Joe Harris,SHOOTING GUARD,25,BROOKLYN NETS,52,11,1138,154,362,85,221,35,49,16,131,54,30,8,55,121,428
harrima01,Manny Harris,SHOOTING GUARD,27,DALLAS MAVERICKS,4,0,25,3,15,0,2,2,4,3,6,2,0,0,2,1,8
harrito02,Tobias Harris,POWER FORWARD,24,DETROIT PISTONS,82,48,2567,511,1063,109,314,190,226,63,353,142,60,39,96,133,1321
harriaa01,Aaron Harrison,SHOOTING GUARD,22,CHARLOTTE HORNETS,5,0,17,0,4,0,2,1,2,0,3,3,0,0,0,2,1
harrian01,Andrew Harrison,POINT GUARD,22,MEMPHIS GRIZZLIES,72,18,1474,117,360,43,156,148,194,23,113,198,53,21,85,194,425
hasleud01,Udonis Haslem,CENTER,36,MIAMI HEAT,16,0,130,11,23,0,3,9,15,8,28,6,6,1,8,22,31
hawessp01,Spencer Hawes,POWER FORWARD,28,CHARLOTTE HORNETS,35,1,626,104,218,16,55,30,34,32,114,62,13,26,40,61,254
hawessp01,Spencer Hawes,POWER FORWARD,28,MILWAUKEE BUCKS,19,0,171,30,59,9,26,14,18,6,39,19,2,4,9,16,83
haywago01,Gordon Hayward,SMALL FORWARD,26,UTAH JAZZ,73,73,2516,545,1156,149,374,362,429,49,345,252,73,20,140,117,1601
hendege02,Gerald Henderson,SHOOTING GUARD,29,PHILADELPHIA 76ERS,72,41,1667,234,553,61,173,133,165,34,151,112,40,15,62,129,662
hensojo01,John Henson,CENTER,26,MILWAUKEE BUCKS,58,39,1123,159,309,0,1,74,107,92,203,57,29,78,52,151,392
hernaju01,Juan Hernangómez,POWER FORWARD,21,DENVER NUGGETS,62,9,842,101,224,46,113,57,76,43,144,29,30,12,31,62,305
hernawi01,Willy Hernangómez,CENTER,22,NEW YORK KNICKS,72,22,1324,246,465,4,15,91,125,170,332,96,41,36,100,150,587
hezonma01,Mario Hezonja,SMALL FORWARD,21,ORLANDO MAGIC,65,2,960,117,330,43,144,40,50,20,126,62,30,15,58,74,317
hibbero01,Roy Hibbert,CENTER,30,CHARLOTTE HORNETS,42,13,671,78,144,0,0,61,75,53,97,20,8,44,31,97,217
hibbero01,Roy Hibbert,CENTER,30,DENVER NUGGETS,6,0,11,2,3,0,0,0,0,1,1,1,0,2,1,3,4
hieldbu01,Buddy Hield,SHOOTING GUARD,24,NEW ORLEANS PELICANS,57,37,1161,185,471,89,241,29,33,19,147,77,18,7,48,81,488
hieldbu01,Buddy Hield,SHOOTING GUARD,24,SACRAMENTO KINGS,25,18,727,142,296,59,138,35,43,16,87,44,20,2,53,34,378
hilarne01,Nenê,CENTER,34,HOUSTON ROCKETS,67,8,1198,245,397,3,9,116,197,95,187,65,56,39,73,163,609
hillge01,George Hill,POINT GUARD,30,UTAH JAZZ,49,49,1544,289,606,94,233,157,196,23,144,204,50,11,85,114,829
hilljo01,Jordan Hill,CENTER,29,MINNESOTA TIMBERWOLVES,7,0,47,5,13,0,0,2,2,8,6,0,1,0,4,9,12
hillso01,Solomon Hill,SMALL FORWARD,25,NEW ORLEANS PELICANS,80,71,2374,183,478,94,270,103,128,51,256,141,72,32,82,182,563
hillida01,Darrun Hilliard,SHOOTING GUARD,23,DETROIT PISTONS,39,1,381,47,126,12,46,21,28,2,31,33,11,2,28,39,127
holidjr01,Jrue Holiday,POINT GUARD,26,NEW ORLEANS PELICANS,67,61,2190,405,893,100,281,119,168,46,218,488,100,44,194,133,1029
holidju01,Justin Holiday,SHOOTING GUARD,27,NEW YORK KNICKS,82,4,1639,233,538,97,273,66,80,27,198,102,65,31,66,109,629
holliro01,Rondae Hollis-Jefferson,SMALL FORWARD,22,BROOKLYN NETS,78,50,1761,235,542,15,67,190,253,96,356,154,82,44,116,177,675
holmeri01,Richaun Holmes,CENTER,23,PHILADELPHIA 76ERS,57,17,1193,230,412,27,77,72,103,94,217,58,42,55,55,136,559
hoodro01,Rodney Hood,SHOOTING GUARD,24,UTAH JAZZ,59,55,1593,272,666,114,307,90,115,16,186,96,38,11,65,132,748
horfoal01,Al Horford,CENTER,30,BOSTON CELTICS,68,68,2193,379,801,86,242,108,135,95,370,337,52,86,115,138,952
houseda01,Danuel House,SHOOTING GUARD,23,WASHINGTON WIZARDS,1,0,1,0,0,0,0,0,0,0,1,0,0,0,0,0,0
howardw01,Dwight Howard,CENTER,31,ATLANTA HAWKS,74,74,2199,388,613,0,2,226,424,296,644,104,64,92,170,203,1002
huertma01,Marcelo Huertas,POINT GUARD,33,LOS ANGELES LAKERS,23,1,237,25,68,4,19,9,17,2,22,52,10,2,19,16,63
huestjo01,Josh Huestis,POWER FORWARD,25,OKLAHOMA CITY THUNDER,2,0,31,6,11,2,4,0,1,4,5,3,0,3,0,0,14
humphkr01,Kris Humphries,POWER FORWARD,31,ATLANTA HAWKS,56,4,689,87,214,19,54,64,82,60,146,29,15,21,28,69,257
hunterj01,R.J. Hunter,SHOOTING GUARD,23,CHICAGO BULLS,3,0,9,0,1,0,1,0,0,0,1,0,0,0,0,0,0
ibakase01,Serge Ibaka,POWER FORWARD,27,ORLANDO MAGIC,56,56,1710,343,703,83,214,77,91,100,282,60,34,91,66,139,846
ibakase01,Serge Ibaka,POWER FORWARD,27,TORONTO RAPTORS,23,23,712,128,279,41,103,30,34,29,127,15,7,33,39,76,327
iguodan01,Andre Iguodala,SMALL FORWARD,33,GOLDEN STATE WARRIORS,76,0,1998,219,415,64,177,72,102,51,253,261,76,39,58,97,574
ilyaser01,Ersan İlyasova,POWER FORWARD,29,OKLAHOMA CITY THUNDER,3,0,62,6,16,3,12,0,0,2,14,1,3,1,4,5,15
ilyaser01,Ersan İlyasova,POWER FORWARD,29,PHILADELPHIA 76ERS,53,40,1447,285,648,107,298,109,142,71,243,97,33,14,78,133,786
ilyaser01,Ersan İlyasova,POWER FORWARD,29,ATLANTA HAWKS,26,12,633,93,226,32,92,52,65,42,109,43,22,8,34,73,270
inglejo01,Joe Ingles,SMALL FORWARD,29,UTAH JAZZ,82,26,1972,204,451,123,279,50,68,23,238,225,96,8,107,163,581
ingrabr01,Brandon Ingram,SMALL FORWARD,19,LOS ANGELES LAKERS,79,40,2279,276,686,55,187,133,214,60,256,166,50,36,116,158,740
irvinky01,Kyrie Irving,POINT GUARD,24,CLEVELAND CAVALIERS,72,72,2525,671,1420,177,441,297,328,52,178,418,83,24,180,157,1816
jackja01,Jarrett Jack,POINT GUARD,33,NEW ORLEANS PELICANS,2,0,33,2,3,0,1,2,2,0,0,5,2,0,3,4,6
jacksde01,Demetrius Jackson,POINT GUARD,22,BOSTON CELTICS,5,0,17,3,4,1,1,3,6,2,2,3,0,0,0,0,10
jackspi01,Pierre Jackson,POINT GUARD,25,DALLAS MAVERICKS,8,1,84,13,39,3,11,6,7,1,8,19,2,0,3,5,35
jacksre01,Reggie Jackson,POINT GUARD,26,DETROIT PISTONS,52,50,1424,284,677,66,184,118,136,21,93,270,35,5,114,129,752
jamesle01,LeBron James,SMALL FORWARD,32,CLEVELAND CAVALIERS,74,74,2794,736,1344,124,342,358,531,97,542,646,92,44,303,134,1954
jeffeal01,Al Jefferson,CENTER,32,INDIANA PACERS,66,1,931,235,471,0,1,65,85,75,203,57,19,16,33,125,535
jefferi01,Richard Jefferson,SMALL FORWARD,36,CLEVELAND CAVALIERS,79,13,1614,153,343,62,186,80,108,28,175,78,26,10,52,153,448
jenkijo01,John Jenkins,SHOOTING GUARD,25,PHOENIX SUNS,4,0,13,2,5,1,2,2,2,0,1,1,0,0,0,0,7
jennibr01,Brandon Jennings,POINT GUARD,27,NEW YORK KNICKS,58,11,1428,163,429,68,200,102,135,21,131,287,55,4,106,84,496
jennibr01,Brandon Jennings,POINT GUARD,27,WASHINGTON WIZARDS,23,2,374,29,106,11,52,12,17,8,36,108,15,0,22,32,81
jerebjo01,Jonas Jerebko,POWER FORWARD,29,BOSTON CELTICS,78,6,1232,114,262,45,130,26,37,59,213,71,25,17,39,122,299
johnsam01,Amir Johnson,POWER FORWARD,29,BOSTON CELTICS,80,77,1608,213,370,27,66,67,100,118,248,140,51,62,77,211,520
johnsbr02,Brice Johnson,POWER FORWARD,22,LOS ANGELES CLIPPERS,3,0,9,2,7,0,0,0,0,1,2,1,2,1,1,0,4
johnsja01,James Johnson,POWER FORWARD,29,MIAMI HEAT,76,5,2085,368,769,87,256,152,215,66,310,276,76,86,171,197,975
johnsjo02,Joe Johnson,SMALL FORWARD,35,UTAH JAZZ,78,14,1843,273,626,106,258,63,77,33,210,144,36,18,69,93,715
johnsst04,Stanley Johnson,SMALL FORWARD,20,DETROIT PISTONS,77,1,1371,129,365,45,154,36,53,36,153,105,56,24,71,121,339
johnsty01,Tyler Johnson,POINT GUARD,24,MIAMI HEAT,73,0,2178,357,824,93,250,195,254,50,243,233,84,44,90,176,1002
johnswe01,Wesley Johnson,SMALL FORWARD,29,LOS ANGELES CLIPPERS,68,3,810,73,200,29,118,11,17,26,155,23,29,30,18,83,186
jokicni01,Nikola Jokić,CENTER,21,DENVER NUGGETS,73,59,2038,494,854,45,139,188,228,212,506,359,61,55,171,214,1221
jonesda02,Dahntay Jones,SMALL FORWARD,36,CLEVELAND CAVALIERS,1,0,12,3,8,0,2,3,4,1,1,1,0,0,1,1,9
jonesda03,Damian Jones,CENTER,21,GOLDEN STATE WARRIORS,10,0,85,8,16,0,0,3,10,9,14,0,1,4,6,15,19
jonesde02,Derrick Jones Jr.,SMALL FORWARD,19,PHOENIX SUNS,32,8,545,68,121,3,11,29,41,39,40,12,14,13,13,63,168
jonesja02,James Jones,SMALL FORWARD,36,CLEVELAND CAVALIERS,48,2,381,44,92,31,66,13,20,3,34,14,6,10,10,37,132
joneste01,Terrence Jones,POWER FORWARD,25,NEW ORLEANS PELICANS,51,12,1264,231,489,19,75,103,170,65,238,59,39,53,48,67,584
joneste01,Terrence Jones,POWER FORWARD,25,MILWAUKEE BUCKS,3,0,6,0,3,0,0,0,0,0,3,0,1,1,0,0,0
jonesty01,Tyus Jones,POINT GUARD,20,MINNESOTA TIMBERWOLVES,60,0,774,75,181,26,73,33,43,10,57,156,48,5,38,50,209
jordade01,DeAndre Jordan,CENTER,28,LOS ANGELES CLIPPERS,81,81,2570,412,577,0,2,205,425,298,816,96,51,134,115,212,1029
josepco01,Cory Joseph,POINT GUARD,25,TORONTO RAPTORS,80,22,2003,299,661,48,135,94,122,51,184,265,66,13,108,140,740
kaminfr01,Frank Kaminsky,CENTER,23,CHARLOTTE HORNETS,75,16,1954,320,802,116,354,118,156,57,279,162,46,34,76,139,874
kanteen01,Enes Kanter,CENTER,24,OKLAHOMA CITY THUNDER,72,0,1533,402,737,5,38,224,285,195,287,67,32,38,123,154,1033
kellyry01,Ryan Kelly,POWER FORWARD,25,ATLANTA HAWKS,16,0,110,8,28,4,10,5,6,1,17,8,4,5,4,5,25
kiddgmi01,Michael Kidd-Gilchrist,SMALL FORWARD,23,CHARLOTTE HORNETS,81,81,2349,295,618,1,9,152,194,156,409,114,81,77,56,187,743
kilpase01,Sean Kilpatrick,SHOOTING GUARD,27,BROOKLYN NETS,70,24,1754,305,735,105,308,204,242,22,258,157,45,6,135,118,919
knighbr03,Brandon Knight,SHOOTING GUARD,25,PHOENIX SUNS,54,5,1140,209,525,45,139,132,154,25,93,130,27,5,88,87,595
korveky01,Kyle Korver,SHOOTING GUARD,35,ATLANTA HAWKS,32,21,894,108,246,65,159,24,27,0,89,75,23,13,40,47,305
korveky01,Kyle Korver,SHOOTING GUARD,35,CLEVELAND CAVALIERS,35,1,859,131,269,97,200,14,15,7,90,35,11,8,29,60,373
koufoko01,Kosta Koufos,CENTER,27,SACRAMENTO KINGS,71,62,1419,216,392,0,1,38,62,118,285,47,36,48,61,172,470
kuzmimi01,Mindaugas Kuzminskas,SMALL FORWARD,27,NEW YORK KNICKS,68,5,1016,158,369,54,168,55,68,47,79,69,29,11,51,79,425
labissk01,Skal Labissière,POWER FORWARD,20,SACRAMENTO KINGS,33,12,612,117,218,3,8,52,74,51,111,27,16,13,37,64,289
lambje01,Jeremy Lamb,SHOOTING GUARD,24,CHARLOTTE HORNETS,62,5,1143,226,491,41,146,110,129,30,234,75,27,23,40,98,603
laproni01,Nicolás Laprovíttola,POINT GUARD,27,SAN ANTONIO SPURS,18,3,174,20,47,10,27,9,9,1,9,28,4,1,19,19,59
lauvejo01,Joffrey Lauvergne,POWER FORWARD,25,OKLAHOMA CITY THUNDER,50,0,739,111,244,27,78,37,58,51,132,51,18,6,40,71,286
lauvejo01,Joffrey Lauvergne,CENTER,25,CHICAGO BULLS,20,1,241,37,92,6,20,9,15,21,47,19,7,0,16,12,89
lavinza01,Zach LaVine,SHOOTING GUARD,21,MINNESOTA TIMBERWOLVES,47,47,1749,326,710,120,310,117,140,19,141,139,41,10,85,104,889
lawsoty01,Ty Lawson,POINT GUARD,29,SACRAMENTO KINGS,69,24,1732,237,522,34,118,173,217,44,135,334,74,6,129,119,681
laymaja01,Jake Layman,SMALL FORWARD,22,PORTLAND TRAIL BLAZERS,35,1,249,26,89,13,51,13,17,6,18,11,9,3,11,22,78
leeco01,Courtney Lee,SHOOTING GUARD,31,NEW YORK KNICKS,77,74,2459,321,704,108,269,85,98,53,206,179,81,24,69,141,835
leeda02,David Lee,POWER FORWARD,33,SAN ANTONIO SPURS,79,10,1477,248,420,0,0,80,113,149,292,124,31,40,82,125,576
lenal01,Alex Len,CENTER,23,PHOENIX SUNS,77,34,1560,230,463,3,12,150,208,156,354,44,38,98,102,242,613
leonaka01,Kawhi Leonard,SMALL FORWARD,25,SAN ANTONIO SPURS,74,74,2474,636,1312,147,387,469,533,80,350,260,133,55,154,122,1888
leoname01,Meyers Leonard,POWER FORWARD,24,PORTLAND TRAIL BLAZERS,74,12,1222,146,378,74,213,35,40,27,210,71,13,28,35,172,401
leuerjo01,Jon Leuer,POWER FORWARD,27,DETROIT PISTONS,75,34,1944,310,646,49,167,98,113,102,300,111,31,26,66,145,767
leverca01,Caris LeVert,SMALL FORWARD,22,BROOKLYN NETS,57,26,1237,171,380,59,184,67,93,23,165,110,49,8,59,91,468
liggide01,DeAndre Liggins,SHOOTING GUARD,28,CLEVELAND CAVALIERS,61,19,752,52,136,17,45,23,37,17,84,54,45,14,42,78,144
liggide01,DeAndre Liggins,SHOOTING GUARD,28,DALLAS MAVERICKS,1,0,25,3,6,0,1,2,3,3,4,0,2,0,0,3,8
lillada01,Damian Lillard,POINT GUARD,26,PORTLAND TRAIL BLAZERS,75,75,2694,661,1488,214,579,488,545,46,322,440,68,20,197,152,2024
linje01,Jeremy Lin,POINT GUARD,28,BROOKLYN NETS,36,33,883,175,400,58,156,115,141,11,124,184,42,14,86,79,523
livinsh01,Shaun Livingston,POINT GUARD,31,GOLDEN STATE WARRIORS,76,3,1345,173,316,1,3,42,60,28,123,139,38,20,62,120,389
longsh01,Shawn Long,CENTER,24,PHILADELPHIA 76ERS,18,0,234,61,109,7,19,19,35,41,44,13,9,9,13,49,148
looneke01,Kevon Looney,CENTER,20,GOLDEN STATE WARRIORS,53,4,447,56,107,2,9,21,34,44,80,29,15,17,17,64,135
lopezbr01,Brook Lopez,CENTER,28,BROOKLYN NETS,75,75,2222,555,1172,134,387,295,364,121,282,176,38,124,184,192,1539
lopezro01,Robin Lopez,CENTER,28,CHICAGO BULLS,81,81,2271,382,775,0,2,75,104,244,276,80,18,117,91,151,839
loveke01,Kevin Love,POWER FORWARD,28,CLEVELAND CAVALIERS,60,60,1885,370,867,145,389,257,295,148,518,116,53,21,122,125,1142
lowryky01,Kyle Lowry,POINT GUARD,30,TORONTO RAPTORS,60,60,2244,426,918,193,468,299,365,48,238,417,88,19,173,170,1344
lucasjo02,John Lucas III,POINT GUARD,34,MINNESOTA TIMBERWOLVES,5,0,11,1,4,0,1,0,0,0,0,1,2,0,0,0,2
luwawti01,Timothé Luwawu-Cabarrot,SMALL FORWARD,21,PHILADELPHIA 76ERS,69,19,1190,145,361,50,161,105,123,25,124,75,32,10,73,154,445
lylestr01,Trey Lyles,POWER FORWARD,21,UTAH JAZZ,71,4,1158,159,439,65,204,57,79,48,187,69,26,20,64,97,440
mcclesh01,Sheldon Mac,SHOOTING GUARD,24,WASHINGTON WIZARDS,30,3,287,30,75,7,30,23,27,4,30,15,8,2,5,17,90
macksh01,Shelvin Mack,POINT GUARD,26,UTAH JAZZ,55,9,1205,170,381,37,120,53,77,20,105,154,42,3,90,100,430
mahinia01,Ian Mahinmi,CENTER,30,WASHINGTON WIZARDS,31,0,555,65,111,0,0,43,75,47,103,19,33,24,34,90,173
makerth01,Thon Maker,CENTER,19,MILWAUKEE BUCKS,57,34,562,83,181,28,74,32,49,40,74,23,10,26,17,84,226
marjabo01,Boban Marjanović,CENTER,28,DETROIT PISTONS,35,0,293,72,132,0,0,47,58,46,84,9,6,12,10,25,191
martija01,Jarell Martin,POWER FORWARD,22,MEMPHIS GRIZZLIES,42,3,558,58,151,9,25,40,50,42,120,8,17,9,28,91,165
matthwe02,Wesley Matthews,SHOOTING GUARD,30,DALLAS MAVERICKS,73,73,2495,333,847,174,479,146,179,18,241,210,77,15,102,161,986
mbahalu01,Luc Mbah a Moute,SMALL FORWARD,30,LOS ANGELES CLIPPERS,80,76,1787,191,378,43,110,59,87,44,126,39,81,35,46,122,484
mcadoja01,James Michael McAdoo,POWER FORWARD,24,GOLDEN STATE WARRIORS,52,2,457,62,117,2,8,21,42,34,57,18,18,29,19,47,147
mccawpa01,Patrick McCaw,SHOOTING GUARD,21,GOLDEN STATE WARRIORS,71,20,1074,106,245,41,123,29,37,21,79,77,32,15,36,62,282
mccolcj01,CJ McCollum,SHOOTING GUARD,25,PORTLAND TRAIL BLAZERS,80,80,2796,692,1441,185,439,268,294,60,229,285,72,42,172,202,1837
mccontj01,T.J. McConnell,POINT GUARD,24,PHILADELPHIA 76ERS,81,51,2133,236,512,11,55,73,90,39,212,534,134,10,159,139,556
mcculch01,Chris McCullough,POWER FORWARD,21,BROOKLYN NETS,14,0,72,16,31,1,6,2,3,9,8,2,1,2,2,7,35
mcculch01,Chris McCullough,POWER FORWARD,21,WASHINGTON WIZARDS,2,0,8,0,1,0,1,1,2,0,2,0,1,0,1,0,1
mcdankj01,K.J. McDaniels,SMALL FORWARD,23,HOUSTON ROCKETS,29,0,212,31,68,9,27,9,10,6,24,4,7,8,10,24,80
mcdankj01,K.J. McDaniels,SMALL FORWARD,23,BROOKLYN NETS,20,0,293,46,101,11,39,23,28,9,43,9,12,10,19,25,126
mcderdo01,Doug McDermott,SMALL FORWARD,25,CHICAGO BULLS,44,4,1078,166,373,56,150,59,67,14,116,45,11,4,32,57,447
mcderdo01,Doug McDermott,SMALL FORWARD,25,OKLAHOMA CITY THUNDER,22,1,430,56,124,21,58,12,17,6,43,13,2,1,6,22,145
mcgeeja01,JaVale McGee,CENTER,29,GOLDEN STATE WARRIORS,77,10,739,208,319,0,3,56,111,100,144,17,19,67,40,109,472
mcgruro01,Rodney McGruder,SHOOTING GUARD,25,MIAMI HEAT,78,65,1966,190,460,73,220,44,71,94,162,124,46,18,56,140,497
mclembe01,Ben McLemore,SHOOTING GUARD,23,SACRAMENTO KINGS,61,26,1176,180,419,65,170,70,93,19,110,51,29,6,62,108,495
mcraejo01,Jordan McRae,SHOOTING GUARD,25,CLEVELAND CAVALIERS,37,4,384,58,150,18,51,27,34,6,35,19,8,6,14,31,161
mcrobjo01,Josh McRoberts,POWER FORWARD,29,MIAMI HEAT,22,14,381,44,118,13,31,6,9,23,51,50,10,4,23,31,107
meeksjo01,Jodie Meeks,SHOOTING GUARD,29,ORLANDO MAGIC,36,10,738,103,256,56,137,65,74,5,72,45,34,4,36,41,327
mejrisa01,Salah Mejri,CENTER,30,DALLAS MAVERICKS,73,11,905,88,137,1,3,36,61,97,211,14,32,61,40,152,213
mickejo01,Jordan Mickey,POWER FORWARD,22,BOSTON CELTICS,25,1,141,15,34,0,1,8,14,13,21,7,3,6,9,12,38
middlkh01,Khris Middleton,SMALL FORWARD,25,MILWAUKEE BUCKS,29,23,889,150,333,45,104,81,92,11,112,99,41,7,65,79,426
milescj01,C.J. Miles,SMALL FORWARD,29,INDIANA PACERS,76,29,1776,281,647,169,409,84,93,30,199,48,46,25,40,151,815
millemi01,Mike Miller,SMALL FORWARD,36,DENVER NUGGETS,20,0,151,9,23,8,20,2,2,2,36,22,2,0,13,9,28
millspa02,Patty Mills,POINT GUARD,28,SAN ANTONIO SPURS,80,8,1754,273,621,147,355,66,80,24,117,280,65,3,101,109,759
millsel01,Elijah Millsap,SHOOTING GUARD,29,PHOENIX SUNS,2,0,23,1,7,0,2,1,2,3,3,1,0,0,2,2,3
millspa01,Paul Millsap,POWER FORWARD,31,ATLANTA HAWKS,69,67,2343,430,972,75,241,311,405,111,422,252,90,62,158,186,1246
mirotni01,Nikola Mirotić,POWER FORWARD,25,CHICAGO BULLS,70,15,1679,258,625,129,377,99,128,61,323,75,53,55,80,128,744
monrogr01,Greg Monroe,CENTER,26,MILWAUKEE BUCKS,81,0,1823,387,726,0,4,177,239,167,365,187,92,38,140,168,951
mooreet01,E'Twaun Moore,SHOOTING GUARD,27,NEW ORLEANS PELICANS,73,22,1820,283,619,77,208,57,74,33,119,164,50,32,62,131,700
morrima03,Marcus Morris,SMALL FORWARD,27,DETROIT PISTONS,79,79,2565,421,1007,118,357,145,185,77,289,160,52,25,87,168,1105
morrima02,Markieff Morris,POWER FORWARD,27,WASHINGTON WIZARDS,76,76,2374,406,889,71,196,180,215,107,386,126,82,42,129,254,1063
morroan01,Anthony Morrow,SHOOTING GUARD,31,OKLAHOMA CITY THUNDER,40,7,627,86,223,35,119,23,26,11,18,19,22,2,6,40,230
morroan01,Anthony Morrow,SHOOTING GUARD,31,CHICAGO BULLS,9,0,87,12,29,6,14,11,11,1,1,6,2,0,0,4,41
motiedo01,Donatas Motiejūnas,POWER FORWARD,26,NEW ORLEANS PELICANS,34,0,479,57,138,11,47,25,49,26,75,32,18,11,31,55,150
mozgoti01,Timofey Mozgov,CENTER,30,LOS ANGELES LAKERS,54,52,1104,169,328,0,1,63,78,104,160,43,16,31,72,133,401
mudiaem01,Emmanuel Mudiay,POINT GUARD,20,DENVER NUGGETS,55,41,1406,208,551,56,178,131,167,29,149,217,41,13,123,95,603
muhamsh01,Shabazz Muhammad,SMALL FORWARD,24,MINNESOTA TIMBERWOLVES,78,1,1516,288,598,49,145,147,190,84,136,35,22,6,56,86,772
murrade01,Dejounte Murray,POINT GUARD,20,SAN ANTONIO SPURS,38,8,322,50,116,9,23,21,30,6,36,48,8,6,38,29,130
murraja01,Jamal Murray,SHOOTING GUARD,19,DENVER NUGGETS,82,10,1764,295,730,115,344,106,120,41,173,170,51,24,113,124,811
muscami01,Mike Muscala,CENTER,25,ATLANTA HAWKS,70,3,1237,170,337,46,110,49,64,76,164,95,30,41,55,97,435
nancela02,Larry Nance Jr.,POWER FORWARD,24,LOS ANGELES LAKERS,63,7,1442,190,361,10,36,59,80,120,249,96,82,39,56,149,449
napiesh01,Shabazz Napier,POINT GUARD,25,PORTLAND TRAIL BLAZERS,53,2,512,73,183,34,92,38,49,8,53,67,32,2,41,38,218
ndourma01,Maurice Ndour,POWER FORWARD,24,NEW YORK KNICKS,32,4,331,39,86,1,7,19,26,22,42,8,15,8,12,30,98
nealga01,Gary Neal,SHOOTING GUARD,32,ATLANTA HAWKS,2,0,18,0,7,0,2,4,4,0,1,1,0,0,0,1,4
nelsoja01,Jameer Nelson,POINT GUARD,34,DENVER NUGGETS,75,39,2045,268,604,106,273,45,63,28,164,385,54,8,128,197,687
netora01,Raul Neto,POINT GUARD,24,UTAH JAZZ,40,0,346,41,91,10,31,8,9,4,26,34,21,5,15,48,100
niangge01,Georges Niang,POWER FORWARD,23,INDIANA PACERS,23,0,93,9,36,1,12,2,2,2,15,5,3,0,5,6,21
nichoan01,Andrew Nicholson,POWER FORWARD,27,WASHINGTON WIZARDS,28,0,231,30,77,3,16,7,12,11,23,7,11,6,11,37,70
nichoan01,Andrew Nicholson,POWER FORWARD,27,BROOKLYN NETS,10,0,111,13,34,2,11,2,2,4,23,3,5,0,6,18,30
noahjo01,Joakim Noah,CENTER,31,NEW YORK KNICKS,46,46,1015,99,202,0,1,34,78,162,241,103,30,37,58,127,232
noelne01,Nerlens Noel,CENTER,22,PHILADELPHIA 76ERS,29,7,564,107,175,0,1,43,63,46,98,30,43,26,29,71,257
noelne01,Nerlens Noel,CENTER,22,DALLAS MAVERICKS,22,12,483,77,134,0,0,34,48,47,103,20,22,24,22,55,188
noguelu01,Lucas Nogueira,CENTER,24,TORONTO RAPTORS,57,6,1088,103,156,3,12,44,67,82,162,42,52,89,46,137,253
novakst01,Steve Novak,POWER FORWARD,33,MILWAUKEE BUCKS,8,0,22,2,7,1,6,0,0,0,3,0,0,0,0,1,5
nowitdi01,Dirk Nowitzki,POWER FORWARD,38,DALLAS MAVERICKS,54,54,1424,296,678,79,209,98,112,23,330,82,30,38,51,113,769
nurkiju01,Jusuf Nurkić,CENTER,22,DENVER NUGGETS,45,29,807,151,298,0,0,56,113,89,171,60,25,36,81,88,358
nurkiju01,Jusuf Nurkić,CENTER,22,PORTLAND TRAIL BLAZERS,20,19,584,120,236,0,1,64,97,65,142,63,25,38,62,73,304
nwabada01,David Nwaba,SHOOTING GUARD,24,LOS ANGELES LAKERS,20,2,397,47,81,1,5,25,39,17,46,14,13,7,11,36,120
obryajo01,Johnny O'Bryant,POWER FORWARD,23,DENVER NUGGETS,7,0,46,7,15,2,3,4,4,5,6,2,0,1,3,4,20
obryajo01,Johnny O'Bryant,POWER FORWARD,23,CHARLOTTE HORNETS,4,0,34,8,15,1,3,1,2,4,4,4,0,0,3,6,18
oquinky01,Kyle O'Quinn,CENTER,26,NEW YORK KNICKS,79,8,1229,215,413,2,17,64,83,157,282,117,36,104,76,174,496
ochefda01,Daniel Ochefu,CENTER,23,WASHINGTON WIZARDS,19,0,75,12,27,0,0,0,2,5,17,3,2,0,3,17,24
okafoja01,Jahlil Okafor,CENTER,21,PHILADELPHIA 76ERS,50,33,1134,242,471,0,0,106,158,81,159,58,20,49,91,122,590
oladivi01,Victor Oladipo,SHOOTING GUARD,24,OKLAHOMA CITY THUNDER,67,67,2222,412,932,127,352,116,154,39,252,176,78,21,119,155,1067
olynyke01,Kelly Olynyk,CENTER,25,BOSTON CELTICS,75,6,1538,260,508,68,192,90,123,73,288,148,43,29,96,207,678
onuakar01,Arinze Onuaku,CENTER,29,ORLANDO MAGIC,8,0,28,2,4,0,0,0,0,2,4,2,0,1,2,3,4
onuakch01,Chinanu Onuaku,CENTER,20,HOUSTON ROCKETS,5,1,52,5,7,0,0,4,4,2,8,3,3,1,4,6,14
oubreke01,Kelly Oubre Jr.,SMALL FORWARD,21,WASHINGTON WIZARDS,79,5,1605,186,442,54,188,75,99,61,200,47,58,17,50,195,501
pachuza01,Zaza Pachulia,CENTER,32,GOLDEN STATE WARRIORS,70,70,1268,164,307,0,2,98,126,140,270,132,59,33,87,166,426
papagge01,Georgios Papagiannis,CENTER,19,SACRAMENTO KINGS,22,0,355,56,102,0,2,12,14,24,62,20,3,17,24,44,124
parkeja01,Jabari Parker,POWER FORWARD,21,MILWAUKEE BUCKS,51,50,1728,399,814,65,178,162,218,79,235,142,50,22,93,111,1025
parketo01,Tony Parker,POINT GUARD,34,SAN ANTONIO SPURS,63,63,1587,265,569,23,69,85,117,9,104,285,34,2,89,92,638
parsoch01,Chandler Parsons,SMALL FORWARD,28,MEMPHIS GRIZZLIES,34,34,675,75,222,25,93,35,43,6,78,55,20,5,24,52,210
pattela01,Lamar Patterson,SHOOTING GUARD,25,ATLANTA HAWKS,5,0,40,3,15,1,6,2,3,1,6,6,1,0,4,6,9
pattepa01,Patrick Patterson,POWER FORWARD,27,TORONTO RAPTORS,65,8,1599,154,384,94,253,43,60,62,231,76,40,23,38,120,445
paulch01,Chris Paul,POINT GUARD,31,LOS ANGELES CLIPPERS,61,61,1921,374,785,124,302,232,260,40,264,563,119,8,147,146,1104
paynead01,Adreian Payne,POWER FORWARD,25,MINNESOTA TIMBERWOLVES,18,0,135,23,54,3,15,14,19,9,24,7,8,7,8,32,63
payneca01,Cameron Payne,POINT GUARD,22,OKLAHOMA CITY THUNDER,20,0,320,43,130,16,52,4,4,2,29,40,10,4,16,38,106
payneca01,Cameron Payne,POINT GUARD,22,CHICAGO BULLS,11,0,142,21,63,11,34,1,4,1,16,15,4,0,13,14,54
paytoel01,Elfrid Payton,POINT GUARD,22,ORLANDO MAGIC,82,58,2412,430,912,40,146,146,211,89,298,529,88,40,178,177,1046
paytoga02,Gary Payton II,POINT GUARD,24,MILWAUKEE BUCKS,6,0,99,8,22,1,9,3,5,0,12,13,3,4,10,9,20
piercpa01,Paul Pierce,SMALL FORWARD,39,LOS ANGELES CLIPPERS,25,7,277,28,70,15,43,10,13,1,47,10,4,5,16,40,81
plumlma02,Marshall Plumlee,CENTER,24,NEW YORK KNICKS,21,1,170,16,30,0,0,8,19,23,28,10,4,4,12,23,40
plumlma01,Mason Plumlee,CENTER,26,PORTLAND TRAIL BLAZERS,54,54,1516,235,442,0,5,127,224,120,312,214,50,63,88,149,597
plumlma01,Mason Plumlee,CENTER,26,DENVER NUGGETS,27,10,632,99,181,0,1,47,76,50,123,70,19,29,46,77,245
plumlmi01,Miles Plumlee,CENTER,28,MILWAUKEE BUCKS,32,12,310,30,68,0,0,22,35,23,30,18,11,9,22,48,82
plumlmi01,Miles Plumlee,CENTER,28,CHARLOTTE HORNETS,13,0,174,14,24,0,0,3,4,15,27,3,7,4,8,25,31
poeltja01,Jakob Poeltl,CENTER,21,TORONTO RAPTORS,54,4,626,67,115,0,0,31,57,78,87,12,17,20,29,113,165
porteot01,Otto Porter,SMALL FORWARD,23,WASHINGTON WIZARDS,80,80,2605,414,803,148,341,99,119,118,396,121,116,42,44,193,1075
portibo01,Bobby Portis,POWER FORWARD,21,CHICAGO BULLS,64,13,1000,183,375,32,96,39,59,75,221,35,16,11,37,94,437
porzikr01,Kristaps Porziņģis,POWER FORWARD,21,NEW YORK KNICKS,66,65,2164,443,985,112,314,198,252,111,364,97,47,129,118,244,1196
poweldw01,Dwight Powell,CENTER,25,DALLAS MAVERICKS,77,3,1333,194,377,21,74,107,141,93,213,49,61,39,34,135,516
powelno01,Norman Powell,SHOOTING GUARD,23,TORONTO RAPTORS,76,18,1368,227,506,56,173,126,159,26,143,82,52,14,70,127,636
poythal01,Alex Poythress,POWER FORWARD,23,PHILADELPHIA 76ERS,6,1,157,25,54,6,19,8,10,11,18,5,3,2,3,14,64
pricero01,Ronnie Price,POINT GUARD,33,PHOENIX SUNS,14,0,134,4,24,3,17,3,4,3,8,18,11,1,3,14,14
princta02,Taurean Prince,SMALL FORWARD,22,ATLANTA HAWKS,59,10,981,114,285,33,102,74,94,25,132,55,43,27,61,96,335
quartti01,Tim Quarterman,SHOOTING GUARD,22,PORTLAND TRAIL BLAZERS,16,0,80,13,29,5,13,0,3,4,10,11,2,3,11,6,31
randlch01,Chasson Randle,POINT GUARD,23,PHILADELPHIA 76ERS,8,0,74,12,26,6,15,12,12,0,5,6,3,1,3,11,42
randlch01,Chasson Randle,POINT GUARD,23,NEW YORK KNICKS,18,0,225,28,72,10,32,29,31,6,21,28,6,1,16,28,95
randlju01,Julius Randle,POWER FORWARD,22,LOS ANGELES LAKERS,74,73,2132,377,773,17,63,204,282,150,486,264,49,37,173,248,975
randoza01,Zach Randolph,POWER FORWARD,35,MEMPHIS GRIZZLIES,73,5,1786,433,964,21,94,141,193,182,416,122,38,10,99,136,1028
redicjj01,J.J. Redick,SHOOTING GUARD,32,LOS ANGELES CLIPPERS,78,78,2198,396,890,201,468,180,202,11,160,110,54,13,98,125,1173
reedwi02,Willie Reed,CENTER,26,MIAMI HEAT,71,5,1031,162,285,1,4,49,88,129,203,26,18,47,31,137,374
richajo01,Josh Richardson,SHOOTING GUARD,23,MIAMI HEAT,53,34,1614,202,513,75,227,60,77,35,133,140,60,39,65,132,539
richama01,Malachi Richardson,SHOOTING GUARD,21,SACRAMENTO KINGS,22,0,198,28,68,8,28,15,19,3,20,11,5,1,8,23,79
riverau01,Austin Rivers,SHOOTING GUARD,24,LOS ANGELES CLIPPERS,74,29,2054,323,731,111,299,132,191,20,141,204,48,10,115,187,889
roberan03,Andre Roberson,SMALL FORWARD,25,OKLAHOMA CITY THUNDER,79,79,2376,215,463,45,184,47,111,98,305,79,94,79,51,204,522
roberbr01,Brian Roberts,POINT GUARD,31,CHARLOTTE HORNETS,41,2,416,46,122,17,44,33,39,5,34,52,9,1,26,18,142
robingl02,Glenn Robinson III,SMALL FORWARD,23,INDIANA PACERS,69,27,1427,158,338,49,125,54,76,57,189,47,41,20,37,63,419
robinth01,Thomas Robinson,POWER FORWARD,25,LOS ANGELES LAKERS,48,1,560,105,196,0,1,31,66,84,139,31,26,9,46,76,241
rodrise01,Sergio Rodríguez,POINT GUARD,30,PHILADELPHIA 76ERS,68,30,1518,210,536,92,252,18,27,21,136,344,49,4,128,95,530
rondora01,Rajon Rondo,POINT GUARD,30,CHICAGO BULLS,69,42,1843,229,561,50,133,30,50,73,282,461,99,11,169,144,538
rosede01,Derrick Rose,POINT GUARD,28,NEW YORK KNICKS,64,64,2082,460,977,13,60,221,253,66,180,283,44,17,147,84,1154
rosste01,Terrence Ross,SMALL FORWARD,25,TORONTO RAPTORS,54,0,1207,211,479,96,256,41,50,14,124,45,53,20,33,82,559
rosste01,Terrence Ross,SMALL FORWARD,25,ORLANDO MAGIC,24,24,748,115,267,46,135,23,27,4,64,43,34,13,35,61,299
roziete01,Terry Rozier,POINT GUARD,22,BOSTON CELTICS,74,0,1263,151,411,57,179,51,66,40,187,131,46,11,47,69,410
rubiori01,Ricky Rubio,POINT GUARD,26,MINNESOTA TIMBERWOLVES,75,75,2469,261,650,60,196,254,285,68,237,682,128,10,195,202,836
rudezda01,Damjan Rudež,SMALL FORWARD,30,ORLANDO MAGIC,45,0,314,31,88,20,64,0,0,5,20,20,12,1,9,31,82
rushbr01,Brandon Rush,SHOOTING GUARD,31,MINNESOTA TIMBERWOLVES,47,33,1030,70,187,44,114,13,18,16,83,45,22,23,28,42,197
russeda01,D'Angelo Russell,POINT GUARD,20,LOS ANGELES LAKERS,63,60,1811,351,867,135,384,147,188,31,190,303,87,16,176,130,984
sabondo01,Domantas Sabonis,POWER FORWARD,20,OKLAHOMA CITY THUNDER,81,66,1632,192,481,51,159,44,67,46,242,82,39,32,83,200,479
sandela01,Larry Sanders,CENTER,28,CLEVELAND CAVALIERS,5,0,13,1,4,0,0,2,2,3,1,0,1,1,2,5,4
saricda01,Dario Šarić,POWER FORWARD,22,PHILADELPHIA 76ERS,81,36,2129,381,927,106,341,172,220,112,401,182,57,30,183,162,1040
satorto01,Tomáš Satoranský,SHOOTING GUARD,25,WASHINGTON WIZARDS,57,3,719,61,147,9,37,23,33,25,58,92,26,6,38,60,154
schrode01,Dennis Schröder,POINT GUARD,23,ATLANTA HAWKS,79,78,2485,548,1214,100,294,218,255,42,206,499,74,16,258,149,1414
scolalu01,Luis Scola,POWER FORWARD,36,BROOKLYN NETS,36,1,461,71,151,17,50,25,37,51,88,37,14,4,34,63,184
scottmi01,Mike Scott,POWER FORWARD,28,ATLANTA HAWKS,18,0,195,17,59,4,27,7,8,10,27,17,4,3,8,12,45
sefolth01,Thabo Sefolosha,SMALL FORWARD,32,ATLANTA HAWKS,62,42,1596,174,395,41,120,55,75,54,216,107,96,31,58,97,444
seldewa01,Wayne Selden,SHOOTING GUARD,22,NEW ORLEANS PELICANS,3,3,47,5,8,4,7,2,4,0,5,1,2,0,3,6,16
seldewa01,Wayne Selden,SHOOTING GUARD,22,MEMPHIS GRIZZLIES,11,2,189,20,50,3,21,12,18,1,10,12,4,1,9,12,55
serapke01,Kevin Séraphin,POWER FORWARD,27,INDIANA PACERS,49,3,559,109,198,0,2,14,22,41,101,23,7,20,29,66,232
sessira01,Ramon Sessions,POINT GUARD,30,CHARLOTTE HORNETS,50,1,811,100,263,21,62,91,118,11,62,129,27,3,46,43,312
shumpim01,Iman Shumpert,SHOOTING GUARD,26,CLEVELAND CAVALIERS,76,31,1937,201,489,94,261,71,90,39,179,109,62,27,78,150,567
siakapa01,Pascal Siakam,POWER FORWARD,22,TORONTO RAPTORS,55,38,859,103,205,1,7,22,32,64,121,17,26,45,33,109,229
simmojo02,Jonathon Simmons,SHOOTING GUARD,27,SAN ANTONIO SPURS,78,8,1392,177,421,30,102,99,132,20,140,126,47,25,76,146,483
singlky01,Kyle Singler,SMALL FORWARD,28,OKLAHOMA CITY THUNDER,32,2,385,34,83,7,37,13,17,8,40,9,7,5,11,29,88
smartma01,Marcus Smart,SHOOTING GUARD,22,BOSTON CELTICS,79,24,2399,269,749,94,332,203,250,78,227,364,125,34,159,192,835
smithis01,Ish Smith,POINT GUARD,28,DETROIT PISTONS,81,32,1955,329,749,28,105,72,102,21,214,418,61,33,112,127,758
smithjr01,J.R. Smith,SHOOTING GUARD,31,CLEVELAND CAVALIERS,41,35,1187,123,356,95,271,10,15,17,96,62,40,11,26,77,351
smithja02,Jason Smith,CENTER,30,WASHINGTON WIZARDS,74,3,1068,174,329,37,78,35,51,64,194,37,21,54,58,168,420
snellto01,Tony Snell,SHOOTING GUARD,25,MILWAUKEE BUCKS,80,80,2336,246,541,144,355,47,58,22,226,96,55,14,55,125,683
speigma01,Marreese Speights,CENTER,29,LOS ANGELES CLIPPERS,82,2,1286,244,548,103,277,120,137,88,285,65,23,41,69,229,711
splitti01,Tiago Splitter,CENTER,32,PHILADELPHIA 76ERS,8,0,76,14,31,2,6,9,11,8,14,4,1,1,6,8,39
stausni01,Nik Stauskas,SHOOTING GUARD,23,PHILADELPHIA 76ERS,80,27,2188,251,634,132,359,122,150,21,205,188,45,32,128,144,756
stephla01,Lance Stephenson,SHOOTING GUARD,26,NEW ORLEANS PELICANS,6,0,162,26,55,1,10,5,8,3,15,29,2,1,11,18,58
stephla01,Lance Stephenson,SHOOTING GUARD,26,MINNESOTA TIMBERWOLVES,6,0,67,10,21,0,2,1,2,0,10,5,0,0,4,2,21
stephla01,Lance Stephenson,SHOOTING GUARD,26,INDIANA PACERS,6,0,132,18,44,5,8,2,3,1,23,25,3,2,11,12,43
stokeja01,Jarnell Stokes,CENTER,23,DENVER NUGGETS,2,0,7,1,1,0,0,1,2,1,1,2,1,0,0,3,3
stonedi01,Diamond Stone,CENTER,19,LOS ANGELES CLIPPERS,7,0,24,3,13,0,0,4,4,1,5,0,0,1,2,5,10
stuckro01,Rodney Stuckey,POINT GUARD,30,INDIANA PACERS,39,0,696,91,244,19,60,80,107,6,78,84,16,0,53,44,281
sullija01,Jared Sullinger,POWER FORWARD,24,TORONTO RAPTORS,11,1,118,15,47,3,18,4,8,10,17,3,4,1,4,17,37
tavarwa01,Edy Tavares,CENTER,24,ATLANTA HAWKS,1,0,4,1,1,0,0,0,2,0,1,0,0,0,0,0,2
tavarwa01,Edy Tavares,CENTER,24,CLEVELAND CAVALIERS,1,0,24,3,4,0,0,0,1,4,6,1,0,6,2,3,6
taylois01,Isaiah Taylor,POINT GUARD,22,HOUSTON ROCKETS,4,0,52,1,7,0,2,1,2,1,2,3,1,1,0,6,3
teaguje01,Jeff Teague,POINT GUARD,28,INDIANA PACERS,82,82,2657,402,909,90,252,360,415,33,297,639,100,32,216,165,1254
teletmi01,Mirza Teletović,POWER FORWARD,31,MILWAUKEE BUCKS,70,2,1133,156,418,104,305,35,45,11,151,48,12,13,37,109,451
templga01,Garrett Temple,SHOOTING GUARD,30,SACRAMENTO KINGS,65,21,1728,183,432,82,220,58,74,32,152,168,84,28,78,141,506
terryja01,Jason Terry,SHOOTING GUARD,39,MILWAUKEE BUCKS,74,0,1365,105,243,73,171,24,29,15,91,98,46,20,36,95,307
thomais02,Isaiah Thomas,POINT GUARD,27,BOSTON CELTICS,76,76,2569,682,1473,245,646,590,649,43,162,448,70,13,210,167,2199
thomala01,Lance Thomas,POWER FORWARD,28,NEW YORK KNICKS,46,15,968,97,244,38,85,43,51,32,110,35,21,5,25,85,275
thompho01,Hollis Thompson,SHOOTING GUARD,25,PHILADELPHIA 76ERS,31,1,561,66,159,26,71,13,20,15,69,26,14,6,9,55,171
thompho01,Hollis Thompson,SHOOTING GUARD,25,NEW ORLEANS PELICANS,9,8,191,11,41,6,24,6,9,4,24,9,6,0,2,14,34
thompkl01,Klay Thompson,SHOOTING GUARD,26,GOLDEN STATE WARRIORS,78,78,2649,644,1376,268,647,186,218,49,236,160,66,40,128,139,1742
thomptr01,Tristan Thompson,CENTER,25,CLEVELAND CAVALIERS,78,78,2336,262,437,0,3,106,213,286,429,77,39,84,64,176,630
thornma01,Marcus Thornton,SHOOTING GUARD,29,WASHINGTON WIZARDS,33,1,575,84,210,28,80,23,27,22,54,41,19,3,25,48,219
tobeymi01,Mike Tobey,CENTER,22,CHARLOTTE HORNETS,2,0,25,1,4,0,0,0,0,2,1,1,0,0,1,2,2
tollian01,Anthony Tolliver,POWER FORWARD,31,SACRAMENTO KINGS,65,9,1477,155,351,90,230,61,82,51,186,77,34,20,56,109,461
toupaax01,Axel Toupane,SMALL FORWARD,24,MILWAUKEE BUCKS,2,0,6,0,1,0,1,0,0,0,0,0,0,0,0,1,0
toupaax01,Axel Toupane,SMALL FORWARD,24,NEW ORLEANS PELICANS,2,0,41,5,8,1,3,0,0,0,1,0,1,1,0,5,11
townska01,Karl-Anthony Towns,CENTER,21,MINNESOTA TIMBERWOLVES,82,82,3030,802,1480,101,275,356,428,296,711,220,56,103,212,241,2061
tuckepj01,P.J. Tucker,SMALL FORWARD,31,PHOENIX SUNS,57,17,1627,147,354,46,136,61,77,94,248,73,85,14,52,143,401
tuckepj01,P.J. Tucker,SMALL FORWARD,31,TORONTO RAPTORS,24,4,609,52,128,24,60,11,16,23,106,26,31,5,14,53,139
turneev01,Evan Turner,SMALL FORWARD,28,PORTLAND TRAIL BLAZERS,65,12,1658,235,552,31,118,85,103,36,211,205,53,24,100,121,586
turnemy01,Myles Turner,CENTER,20,INDIANA PACERS,81,81,2541,444,869,40,115,245,303,139,450,106,74,172,105,262,1173
udrihbe01,Beno Udrih,POINT GUARD,34,DETROIT PISTONS,39,0,560,92,197,11,32,32,34,6,51,131,13,0,36,29,227
ulisty01,Tyler Ulis,POINT GUARD,21,PHOENIX SUNS,61,15,1123,184,437,21,79,55,71,20,75,226,48,5,77,73,444
uthofja01,Jarrod Uthoff,POWER FORWARD,23,DALLAS MAVERICKS,9,0,115,16,38,3,9,5,7,8,14,9,2,4,3,8,40
valanjo01,Jonas Valančiūnas,CENTER,24,TORONTO RAPTORS,80,80,2066,391,702,1,2,176,217,226,533,57,37,63,106,216,959
valende01,Denzel Valentine,SHOOTING GUARD,23,CHICAGO BULLS,57,0,976,102,288,73,208,14,18,11,140,63,30,7,49,86,291
vanvlfr01,Fred VanVleet,POINT GUARD,22,TORONTO RAPTORS,37,0,294,39,111,11,29,18,22,4,38,35,16,3,15,36,107
varejan01,Anderson Varejão,CENTER,34,GOLDEN STATE WARRIORS,14,1,92,5,14,0,0,8,11,12,15,10,3,3,8,16,18
vasqugr01,Greivis Vásquez,POINT GUARD,30,BROOKLYN NETS,3,0,39,2,8,1,3,2,3,0,2,5,1,1,1,6,7
vaughra01,Rashad Vaughn,SHOOTING GUARD,20,MILWAUKEE BUCKS,41,2,458,57,156,26,81,2,5,4,45,23,19,10,14,32,142
vonleno01,Noah Vonleh,POWER FORWARD,21,PORTLAND TRAIL BLAZERS,74,41,1265,130,270,7,20,60,94,131,256,31,30,27,64,154,327
vucevni01,Nikola Vučević,CENTER,26,ORLANDO MAGIC,75,55,2163,483,1031,23,75,107,160,176,603,208,76,74,117,180,1096
vujacsa01,Sasha Vujačić,SHOOTING GUARD,32,NEW YORK KNICKS,42,4,408,42,136,23,74,17,24,12,47,52,13,2,16,38,124
wadedw01,Dwyane Wade,SHOOTING GUARD,35,CHICAGO BULLS,60,59,1792,414,955,45,145,223,281,63,207,228,86,41,138,112,1096
waitedi01,Dion Waiters,SHOOTING GUARD,25,MIAMI HEAT,46,43,1384,281,663,85,215,82,127,18,135,200,42,20,103,95,729
walkeke02,Kemba Walker,POINT GUARD,26,CHARLOTTE HORNETS,79,79,2739,643,1449,240,602,304,359,45,263,434,85,22,168,119,1830
walljo01,John Wall,POINT GUARD,26,WASHINGTON WIZARDS,78,78,2836,647,1435,89,272,422,527,59,267,831,157,49,322,151,1805
warretj01,T.J. Warren,SMALL FORWARD,23,PHOENIX SUNS,66,59,2048,403,814,26,98,119,154,125,214,75,76,39,57,175,951
watsocj01,C.J. Watson,POINT GUARD,32,ORLANDO MAGIC,62,9,1012,96,248,32,105,57,66,16,73,114,43,2,47,84,281
weberbr01,Briante Weber,POINT GUARD,24,GOLDEN STATE WARRIORS,7,0,46,5,14,0,3,2,3,0,4,5,3,1,3,4,12
weberbr01,Briante Weber,POINT GUARD,24,CHARLOTTE HORNETS,13,0,159,20,46,1,7,9,13,8,14,16,9,0,5,12,50
westda01,David West,CENTER,36,GOLDEN STATE WARRIORS,68,0,854,135,252,3,8,43,56,47,156,151,42,48,78,105,316
westbru01,Russell Westbrook,POINT GUARD,28,OKLAHOMA CITY THUNDER,81,81,2802,824,1941,200,583,710,840,137,727,840,132,31,438,190,2558
whiteok01,Okaro White,POWER FORWARD,24,MIAMI HEAT,35,0,471,33,87,12,34,20,22,25,57,21,10,10,18,52,98
whiteis01,Isaiah Whitehead,POINT GUARD,21,BROOKLYN NETS,73,26,1643,204,508,44,149,91,113,32,152,192,42,36,142,175,543
whiteha01,Hassan Whiteside,CENTER,27,MIAMI HEAT,77,77,2513,542,973,0,0,225,358,293,795,57,57,161,154,226,1309
wiggian01,Andrew Wiggins,SMALL FORWARD,21,MINNESOTA TIMBERWOLVES,82,82,3048,709,1570,103,289,412,542,102,226,189,82,30,187,183,1933
wilcocj01,C.J. Wilcox,SHOOTING GUARD,26,ORLANDO MAGIC,22,0,108,8,31,3,15,2,2,4,8,12,2,1,6,8,21
willial03,Alan Williams,CENTER,24,PHOENIX SUNS,47,0,708,138,267,0,1,70,112,94,198,23,27,32,37,125,346
willide01,Deron Williams,POINT GUARD,32,DALLAS MAVERICKS,40,40,1171,195,453,63,181,69,84,13,89,274,25,2,98,96,522
willide01,Deron Williams,POINT GUARD,32,CLEVELAND CAVALIERS,24,4,486,68,147,22,53,21,25,1,44,86,6,6,40,42,179
willide02,Derrick Williams,POWER FORWARD,25,MIAMI HEAT,25,11,377,54,137,9,45,31,50,16,57,14,9,5,14,33,148
willide02,Derrick Williams,POWER FORWARD,25,CLEVELAND CAVALIERS,25,0,427,54,107,21,52,27,39,3,54,14,5,2,14,27,156
willilo02,Lou Williams,SHOOTING GUARD,30,LOS ANGELES LAKERS,58,1,1403,326,734,122,317,304,344,14,118,183,65,11,120,67,1078
willilo02,Lou Williams,SHOOTING GUARD,30,HOUSTON ROCKETS,23,0,591,102,264,41,129,98,113,12,58,56,15,9,40,25,343
willima02,Marvin Williams,POWER FORWARD,30,CHARLOTTE HORNETS,76,76,2295,297,704,124,354,131,150,89,411,106,58,53,60,134,849
willire02,Reggie Williams,SMALL FORWARD,30,NEW ORLEANS PELICANS,6,0,79,8,23,5,11,6,7,2,4,4,3,0,0,2,27
willitr02,Troy Williams,SMALL FORWARD,22,MEMPHIS GRIZZLIES,24,13,418,51,123,10,41,15,25,6,39,19,24,9,26,42,127
willitr02,Troy Williams,SMALL FORWARD,22,HOUSTON ROCKETS,6,3,139,22,44,8,21,6,7,9,15,6,3,1,6,18,58
wiltjky01,Kyle Wiltjer,POWER FORWARD,24,HOUSTON ROCKETS,14,0,44,4,14,4,13,1,2,4,6,2,3,1,5,4,13
winslju01,Justise Winslow,SMALL FORWARD,20,MIAMI HEAT,18,15,625,80,225,7,35,29,47,23,71,66,26,6,33,52,196
witheje01,Jeff Withey,CENTER,26,UTAH JAZZ,51,1,432,55,103,0,1,36,48,52,69,7,16,32,14,52,146
woodch01,Christian Wood,POWER FORWARD,21,CHARLOTTE HORNETS,13,0,107,12,23,0,5,11,15,14,15,2,3,6,7,11,35
artesro01,Metta World Peace,SMALL FORWARD,37,LOS ANGELES LAKERS,25,2,160,19,68,9,38,10,16,5,15,11,10,2,7,18,57
wrighbr03,Brandan Wright,POWER FORWARD,29,MEMPHIS GRIZZLIES,28,5,447,83,135,0,1,23,35,31,47,15,11,20,10,42,189
wrighde01,Delon Wright,POINT GUARD,24,TORONTO RAPTORS,27,0,446,49,116,10,30,42,55,16,32,57,27,11,25,31,150
youngja01,James Young,SHOOTING GUARD,21,BOSTON CELTICS,29,0,220,25,58,12,35,6,9,6,20,4,10,2,4,15,68
youngjo01,Joe Young,POINT GUARD,24,INDIANA PACERS,33,0,135,26,72,5,23,11,15,1,16,15,4,0,5,5,68
youngni01,Nick Young,SHOOTING GUARD,31,LOS ANGELES LAKERS,60,60,1556,272,633,170,421,77,90,25,113,58,37,14,36,137,791
youngth01,Thaddeus Young,POWER FORWARD,28,INDIANA PACERS,74,74,2237,362,687,45,118,45,86,131,317,122,113,29,95,135,814
zelleco01,Cody Zeller,CENTER,24,CHARLOTTE HORNETS,62,58,1725,253,443,0,1,133,196,135,270,99,62,58,65,189,639
zellety01,Tyler Zeller,CENTER,27,BOSTON CELTICS,51,5,525,78,158,0,1,22,39,43,81,42,7,21,20,61,178
zimmest01,Stephen Zimmerman,CENTER,20,ORLANDO MAGIC,19,0,108,10,31,0,0,3,5,11,24,4,2,5,3,17,23
zipsepa01,Paul Zipser,SMALL FORWARD,22,CHICAGO BULLS,44,18,843,88,221,33,99,31,40,15,110,36,15,16,40,78,240
zubaciv01,Ivica Zubac,CENTER,19,LOS ANGELES LAKERS,38,11,609,126,238,0,3,32,49,41,118,30,14,33,30,66,284
