slug,name,positions,age,team,games_played,games_started,minutes_played,made_field_goals,attempted_field_goals,made_three_point_field_goals,attempted_three_point_field_goals,made_free_throws,attempted_free_throws,offensive_rebounds,defensive_rebounds,assists,steals,blocks,turnovers,personal_fouls,points
ackeral01,Alex Acker,SHOOTING GUARD,26,DETROIT PISTONS,7,0,20,4,11,0,4,1,2,0,2,1,2,1,0,0,9
ackeral01,Alex Acker,SHOOTING GUARD,26,LOS ANGELES CLIPPERS,18,0,179,26,65,7,16,4,8,8,14,11,3,3,7,9,63
adamsha01,Hassan Adams,SHOOTING GUARD,24,TORONTO RAPTORS,12,0,52,4,13,0,0,3,6,1,6,1,1,1,4,4,11
afflaar01,Arron Afflalo,SHOOTING GUARD,23,DETROIT PISTONS,74,8,1234,131,300,43,107,58,71,30,104,44,28,13,43,144,363
agerma01,Maurice Ager,SHOOTING GUARD,24,NEW JERSEY NETS,20,0,97,15,43,0,6,4,8,3,7,3,1,2,4,17,34
ahearbl01,Blake Ahearn,POINT GUARD,24,SAN ANTONIO SPURS,3,0,19,2,6,2,4,2,2,0,1,2,1,0,1,3,8
ajincal01,Alexis Ajinça,POWER FORWARD,20,CHARLOTTE BOBCATS,31,4,182,25,69,0,2,20,28,9,21,3,7,6,12,34,70
aldrila01,LaMarcus Aldridge,POWER FORWARD,23,PORTLAND TRAIL BLAZERS,81,81,3004,601,1243,7,28,261,334,234,371,157,77,77,121,207,1470
alexajo01,Joe Alexander,SMALL FORWARD,22,MILWAUKEE BUCKS,59,0,716,102,245,16,46,58,83,44,71,42,15,29,52,107,278
allenma01,Malik Allen,POWER FORWARD,30,MILWAUKEE BUCKS,49,3,579,73,170,0,1,10,21,35,68,35,7,12,20,89,156
allenra02,Ray Allen,SHOOTING GUARD,33,BOSTON CELTICS,79,79,2876,499,1040,199,486,237,249,66,212,218,69,13,134,157,1434
allento01,Tony Allen,SHOOTING GUARD,27,BOSTON CELTICS,46,2,887,137,284,6,27,79,109,22,82,66,54,23,77,98,359
almonmo01,Morris Almond,SHOOTING GUARD,23,UTAH JAZZ,25,1,255,33,81,5,17,21,26,9,27,7,4,4,16,31,92
alstora01,Rafer Alston,POINT GUARD,32,HOUSTON ROCKETS,48,48,1591,193,522,80,230,86,109,25,119,258,57,7,88,72,552
alstora01,Rafer Alston,POINT GUARD,32,ORLANDO MAGIC,29,28,856,123,298,32,101,70,99,8,75,148,51,3,52,63,348
amundlo01,Lou Amundson,POWER FORWARD,26,PHOENIX SUNS,76,0,1044,134,250,0,1,53,120,128,142,28,32,65,56,154,321
anderch01,Chris Andersen,CENTER,30,DENVER NUGGETS,71,1,1460,160,292,2,10,130,181,163,279,31,41,175,69,174,452
anderry01,Ryan Anderson,POWER FORWARD,20,NEW JERSEY NETS,66,30,1312,160,407,69,189,98,116,104,207,52,44,20,63,157,487
anthoca01,Carmelo Anthony,SMALL FORWARD,24,DENVER NUGGETS,66,66,2277,535,1207,63,170,371,468,106,344,222,75,24,199,195,1504
anthojo01,Joel Anthony,CENTER,26,MIAMI HEAT,65,28,1048,57,118,0,0,30,46,89,108,27,20,93,41,139,144
arenagi01,Gilbert Arenas,POINT GUARD,27,WASHINGTON WIZARDS,2,2,63,6,23,2,7,12,16,1,8,20,0,1,1,4,26
arizatr01,Trevor Ariza,SMALL FORWARD,23,LOS ANGELES LAKERS,82,20,1999,274,596,61,191,120,169,111,241,145,137,24,87,166,729
armsthi01,Hilton Armstrong,CENTER,24,NEW ORLEANS HORNETS,70,29,1092,138,246,0,2,62,98,81,114,29,26,45,80,181,338
arthuda01,Darrell Arthur,POWER FORWARD,20,MEMPHIS GRIZZLIES,76,64,1464,191,436,0,2,40,60,108,238,43,52,52,47,206,422
atkinch01,Chucky Atkins,POINT GUARD,34,DENVER NUGGETS,14,0,115,9,27,5,17,4,4,0,6,28,2,1,10,5,27
atkinch01,Chucky Atkins,POINT GUARD,34,OKLAHOMA CITY THUNDER,19,0,297,25,86,10,40,11,12,5,13,31,8,1,13,22,71
augusdj01,D.J. Augustin,POINT GUARD,21,CHARLOTTE BOBCATS,72,12,1908,267,621,108,246,208,233,17,116,250,42,2,119,140,850
azubuke01,Kelenna Azubuike,SMALL FORWARD,25,GOLDEN STATE WARRIORS,74,51,2375,392,845,94,210,185,229,112,258,117,57,50,95,183,1063
balkmre01,Renaldo Balkman,POWER FORWARD,24,DENVER NUGGETS,53,10,780,110,197,2,7,42,65,86,117,34,47,23,35,98,264
banksma01,Marcus Banks,POINT GUARD,27,MIAMI HEAT,16,0,166,15,39,2,14,10,15,0,15,22,10,2,11,21,42
banksma01,Marcus Banks,POINT GUARD,27,TORONTO RAPTORS,6,0,40,6,18,1,5,1,3,1,2,6,1,0,3,5,14
barbole01,Leandro Barbosa,SHOOTING GUARD,26,PHOENIX SUNS,70,11,1705,366,759,90,240,171,194,34,147,162,82,7,93,115,993
bareajo01,J.J. Barea,SHOOTING GUARD,24,DALLAS MAVERICKS,79,15,1600,246,557,55,154,70,93,36,141,269,37,5,105,121,617
bargnan01,Andrea Bargnani,POWER FORWARD,23,TORONTO RAPTORS,78,59,2453,431,958,119,291,221,266,70,346,94,34,97,135,242,1202
barnema02,Matt Barnes,POWER FORWARD,28,PHOENIX SUNS,77,40,2082,285,674,117,341,101,136,79,342,212,52,26,130,209,788
barrybr01,Brent Barry,SHOOTING GUARD,37,HOUSTON ROCKETS,56,1,857,70,172,49,131,19,20,17,77,78,24,3,48,45,208
bassbr01,Brandon Bass,CENTER,23,DALLAS MAVERICKS,81,0,1574,252,508,0,6,182,210,129,238,43,27,55,86,140,686
bastoma01,Maceo Baston,POWER FORWARD,33,INDIANA PACERS,27,0,217,25,46,0,1,17,27,22,30,7,6,10,12,39,67
battito01,Tony Battie,POWER FORWARD,32,ORLANDO MAGIC,77,3,1202,158,323,2,9,54,82,92,186,31,26,25,46,112,372
battish01,Shane Battier,SHOOTING GUARD,30,HOUSTON ROCKETS,60,59,2031,145,354,91,237,55,67,52,233,137,48,54,49,114,436
batumni01,Nicolas Batum,SMALL FORWARD,20,PORTLAND TRAIL BLAZERS,79,76,1454,161,361,62,168,42,52,84,136,74,50,40,50,139,426
bayleje01,Jerryd Bayless,POINT GUARD,20,PORTLAND TRAIL BLAZERS,53,0,655,69,189,7,27,83,103,8,49,78,16,2,56,81,228
beaslmi01,Michael Beasley,POWER FORWARD,20,MIAMI HEAT,81,19,2009,452,957,33,81,186,241,110,329,83,41,37,121,184,1123
belinma01,Marco Belinelli,SHOOTING GUARD,22,GOLDEN STATE WARRIORS,42,23,882,140,317,52,131,40,52,10,61,88,36,1,59,73,372
bellch01,Charlie Bell,SHOOTING GUARD,29,MILWAUKEE BUCKS,70,23,1783,217,524,87,240,66,80,32,102,151,50,7,76,138,587
bellra01,Raja Bell,SHOOTING GUARD,32,PHOENIX SUNS,22,22,712,76,177,44,94,16,21,8,56,29,13,2,18,57,212
bellra01,Raja Bell,SHOOTING GUARD,32,CHARLOTTE BOBCATS,45,44,1603,223,507,70,177,71,81,33,146,113,37,6,68,109,587
bibbymi01,Mike Bibby,POINT GUARD,30,ATLANTA HAWKS,79,79,2740,437,1005,167,428,135,171,38,240,392,98,11,128,145,1176
biedran01,Andris Biedriņš,CENTER,22,GOLDEN STATE WARRIORS,62,58,1863,308,533,0,1,119,216,223,470,121,63,96,110,236,735
billuch01,Chauncey Billups,POINT GUARD,32,DETROIT PISTONS,2,2,70,7,21,2,7,9,10,1,9,15,3,1,4,3,25
billuch01,Chauncey Billups,POINT GUARD,32,DENVER NUGGETS,77,77,2719,403,959,160,390,409,448,31,198,491,90,17,173,158,1375
blakest01,Steve Blake,POINT GUARD,28,PORTLAND TRAIL BLAZERS,69,69,2188,277,647,140,328,63,75,28,145,348,69,4,108,126,757
blatcan01,Andray Blatche,CENTER,22,WASHINGTON WIZARDS,71,36,1703,297,630,5,21,114,162,126,252,118,53,74,117,211,713
blounma01,Mark Blount,CENTER,33,MIAMI HEAT,20,0,207,30,78,11,27,8,13,10,31,4,1,7,14,17,79
boganke01,Keith Bogans,SHOOTING GUARD,28,ORLANDO MAGIC,36,15,787,63,175,42,126,21,24,15,96,31,23,2,19,61,189
boganke01,Keith Bogans,SHOOTING GUARD,28,MILWAUKEE BUCKS,29,0,485,56,149,32,92,31,33,16,75,33,20,2,22,44,175
bogutan01,Andrew Bogut,CENTER,24,MILWAUKEE BUCKS,36,33,1124,183,317,0,0,56,98,117,252,72,23,37,86,130,422
bonnema01,Matt Bonner,POWER FORWARD,28,SAN ANTONIO SPURS,81,67,1928,266,536,118,268,17,23,97,289,82,47,26,37,190,667
boonejo01,Josh Boone,CENTER,24,NEW JERSEY NETS,62,7,995,113,214,0,0,32,85,104,154,31,22,48,31,106,258
boothca01,Calvin Booth,CENTER,32,MINNESOTA TIMBERWOLVES,1,0,1,0,0,0,0,0,0,1,0,0,0,0,0,0,0
boothca01,Calvin Booth,CENTER,32,SACRAMENTO KINGS,7,0,55,5,10,0,0,6,8,4,6,0,1,2,1,10,16
boozeca01,Carlos Boozer,POWER FORWARD,27,UTAH JAZZ,37,37,1197,251,512,0,0,97,139,111,274,79,39,7,79,132,599
boshch01,Chris Bosh,CENTER,24,TORONTO RAPTORS,77,77,2928,615,1263,12,49,504,617,215,556,191,67,77,174,189,1746
bowenbr01,Bruce Bowen,SMALL FORWARD,37,SAN ANTONIO SPURS,80,10,1506,79,187,42,98,14,26,16,129,40,36,13,25,123,214
bowenry01,Ryan Bowen,SMALL FORWARD,33,NEW ORLEANS HORNETS,21,3,219,22,38,0,0,3,5,10,14,9,14,5,5,37,47
brandel01,Elton Brand,POWER FORWARD,29,PHILADELPHIA 76ERS,29,23,920,163,365,0,0,73,108,77,177,37,17,45,68,78,399
breweco01,Corey Brewer,SMALL FORWARD,22,MINNESOTA TIMBERWOLVES,15,8,307,37,90,5,12,14,19,18,31,25,15,3,13,37,93
brewero02,Ronnie Brewer,SMALL FORWARD,23,UTAH JAZZ,81,80,2605,421,828,22,85,247,352,101,199,179,138,30,110,128,1111
brookaa01,Aaron Brooks,POINT GUARD,24,HOUSTON ROCKETS,80,35,1998,316,783,113,309,149,172,33,124,238,46,8,125,152,894
brownan01,Andre Brown,POWER FORWARD,27,CHARLOTTE BOBCATS,4,0,41,1,7,0,0,2,2,7,5,1,1,0,5,9,4
brownbo02,Bobby Brown,SHOOTING GUARD,24,SACRAMENTO KINGS,47,1,675,94,247,31,94,26,34,8,28,87,15,1,47,74,245
brownbo02,Bobby Brown,POINT GUARD,24,MINNESOTA TIMBERWOLVES,21,1,256,47,113,14,36,8,9,6,10,30,6,2,16,21,116
brownde03,Dee Brown,POINT GUARD,24,WASHINGTON WIZARDS,17,11,233,17,44,6,20,1,3,7,21,33,10,0,14,22,41
brownde03,Dee Brown,POINT GUARD,24,PHOENIX SUNS,2,0,28,1,5,1,4,2,2,0,1,3,0,0,3,6,5
brownde02,Devin Brown,SHOOTING GUARD,30,NEW ORLEANS HORNETS,63,5,869,111,313,28,97,78,100,31,88,54,32,5,54,81,328
brownkw01,Kwame Brown,CENTER,26,DETROIT PISTONS,58,30,999,90,169,0,0,63,122,91,199,32,24,24,50,138,243
brownsh01,Shannon Brown,SHOOTING GUARD,23,CHARLOTTE BOBCATS,30,0,341,56,123,8,28,24,30,8,16,28,18,5,29,33,144
brownsh01,Shannon Brown,SHOOTING GUARD,23,LOS ANGELES LAKERS,18,0,136,22,42,6,9,8,9,3,17,10,4,2,9,9,58
bryanko01,Kobe Bryant,SHOOTING GUARD,30,LOS ANGELES LAKERS,82,82,2960,800,1712,118,336,483,564,90,339,399,120,37,210,189,2201
buckngr01,Greg Buckner,SMALL FORWARD,32,MEMPHIS GRIZZLIES,63,0,878,61,159,13,51,20,25,32,98,57,29,8,38,108,155
butleca01,Caron Butler,SHOOTING GUARD,28,WASHINGTON WIZARDS,67,67,2585,491,1085,65,210,345,402,118,296,290,106,20,210,165,1392
butlera01,Rasual Butler,SMALL FORWARD,29,NEW ORLEANS HORNETS,82,74,2614,348,803,140,359,86,110,49,222,75,51,61,59,159,922
bynuman01,Andrew Bynum,CENTER,21,LOS ANGELES LAKERS,50,50,1446,281,502,0,0,152,215,137,261,71,18,90,85,157,714
bynumwi01,Will Bynum,POINT GUARD,26,DETROIT PISTONS,57,1,803,156,342,3,19,95,119,19,56,157,34,2,76,85,410
caldejo01,José Calderón,POINT GUARD,27,TORONTO RAPTORS,68,68,2333,320,644,82,202,151,154,16,178,607,74,7,143,114,873
cambyma01,Marcus Camby,CENTER,34,LOS ANGELES CLIPPERS,62,55,1925,254,496,1,4,132,182,161,529,127,51,132,93,129,641
cardibr01,Brian Cardinal,POWER FORWARD,31,MINNESOTA TIMBERWOLVES,64,4,909,65,169,30,92,30,35,39,103,76,37,13,48,135,190
carnero01,Rodney Carney,SHOOTING GUARD,24,MINNESOTA TIMBERWOLVES,67,6,1199,176,423,79,226,50,66,36,90,26,45,29,43,94,481
carroma01,Matt Carroll,SHOOTING GUARD,28,CHARLOTTE BOBCATS,34,10,475,56,138,12,45,15,19,5,50,24,18,5,26,53,139
carroma01,Matt Carroll,SHOOTING GUARD,28,DALLAS MAVERICKS,21,0,141,9,33,1,8,6,6,2,12,3,3,1,7,14,25
cartean01,Anthony Carter,POINT GUARD,33,DENVER NUGGETS,78,5,1787,167,386,21,88,57,78,40,165,364,96,13,155,142,412
cartevi01,Vince Carter,SHOOTING GUARD,32,NEW JERSEY NETS,80,80,2946,588,1345,151,392,335,410,74,336,376,82,38,166,234,1662
chalmma01,Mario Chalmers,POINT GUARD,22,MIAMI HEAT,82,82,2626,278,662,114,311,148,193,37,191,403,160,8,165,240,818
chandty01,Tyson Chandler,CENTER,26,NEW ORLEANS HORNETS,45,45,1445,160,283,0,0,77,133,163,230,22,15,56,70,144,397
chandwi01,Wilson Chandler,SMALL FORWARD,21,NEW YORK KNICKS,82,70,2735,455,1054,103,314,171,215,91,354,170,71,75,139,250,1184
claxtsp01,Speedy Claxton,POINT GUARD,30,ATLANTA HAWKS,2,0,15,2,7,0,0,1,2,0,0,3,0,0,0,1,5
collija03,Jarron Collins,CENTER,30,UTAH JAZZ,26,3,201,16,35,0,0,8,11,20,17,7,2,1,9,35,40
collija04,Jason Collins,CENTER,30,MINNESOTA TIMBERWOLVES,31,22,422,22,70,0,0,13,28,28,42,11,9,13,12,73,57
collima01,Mardy Collins,SHOOTING GUARD,24,NEW YORK KNICKS,9,0,75,8,23,0,3,4,9,2,6,10,2,0,5,7,20
collima01,Mardy Collins,POINT GUARD,24,LOS ANGELES CLIPPERS,39,14,815,97,224,13,28,24,37,29,70,101,29,10,53,73,231
collini01,Nick Collison,CENTER,28,OKLAHOMA CITY THUNDER,71,40,1831,243,428,0,2,98,136,181,308,66,51,50,73,239,584
conlemi01,Mike Conley,POINT GUARD,21,MEMPHIS GRIZZLIES,82,61,2508,323,730,88,217,161,197,25,251,354,90,8,143,146,895
cookbr01,Brian Cook,POWER FORWARD,28,ORLANDO MAGIC,21,0,146,23,60,11,25,5,6,6,21,4,3,0,11,23,62
cookbr01,Brian Cook,POWER FORWARD,28,HOUSTON ROCKETS,9,0,25,5,16,2,5,0,0,1,4,1,0,3,2,3,12
cookda02,Daequan Cook,SMALL FORWARD,21,MIAMI HEAT,75,4,1833,242,645,153,395,49,56,19,170,71,39,10,42,125,686
crawfja01,Jamal Crawford,SHOOTING GUARD,28,NEW YORK KNICKS,11,11,392,73,169,35,77,35,46,2,15,48,9,0,26,13,216
crawfja01,Jamal Crawford,POINT GUARD,28,GOLDEN STATE WARRIORS,54,54,2087,346,853,107,317,265,298,21,155,240,48,13,122,79,1064
crawfjo01,Joe Crawford,SMALL FORWARD,22,NEW YORK KNICKS,2,0,23,3,10,1,4,2,2,1,3,1,1,0,0,2,9
crittja01,Javaris Crittenton,SHOOTING GUARD,21,MEMPHIS GRIZZLIES,7,0,44,7,15,0,1,5,11,4,2,5,1,0,3,5,19
crittja01,Javaris Crittenton,POINT GUARD,21,WASHINGTON WIZARDS,56,10,1130,124,270,2,14,48,81,53,107,145,39,6,79,96,298
croshau01,Austin Croshere,POWER FORWARD,33,MILWAUKEE BUCKS,11,0,77,12,30,5,11,7,11,7,17,6,1,1,4,4,36
croshau01,Austin Croshere,POWER FORWARD,33,SAN ANTONIO SPURS,3,0,23,2,9,0,4,0,1,4,6,3,0,0,2,1,4
curryed01,Eddy Curry,CENTER,26,NEW YORK KNICKS,3,0,12,2,2,0,0,1,3,0,4,0,0,0,2,5,5
dalemsa01,Samuel Dalembert,CENTER,27,PHILADELPHIA 76ERS,82,82,2036,216,434,0,2,91,124,214,487,18,33,146,117,248,523
dampier01,Erick Dampier,CENTER,33,DALLAS MAVERICKS,80,80,1836,182,280,0,0,90,141,216,349,77,24,95,74,191,454
daniean01,Antonio Daniels,POINT GUARD,33,WASHINGTON WIZARDS,13,5,288,18,45,5,11,25,33,0,22,47,7,0,13,14,66
daniean01,Antonio Daniels,POINT GUARD,33,NEW ORLEANS HORNETS,61,4,733,81,191,17,49,55,67,5,50,130,19,1,49,41,234
daniema01,Marquis Daniels,SMALL FORWARD,28,INDIANA PACERS,54,43,1700,311,689,18,90,93,129,80,168,114,62,26,94,120,733
davidje01,Jermareo Davidson,SMALL FORWARD,24,GOLDEN STATE WARRIORS,14,0,111,17,35,0,0,8,17,10,24,1,2,3,5,12,42
davisba01,Baron Davis,POINT GUARD,29,LOS ANGELES CLIPPERS,65,60,2248,355,959,99,328,159,210,46,192,501,108,35,193,193,968
davisgl01,Glen Davis,CENTER,23,BOSTON CELTICS,76,16,1637,199,450,2,5,130,178,121,180,69,53,19,71,230,530
davispa01,Paul Davis,POWER FORWARD,24,LOS ANGELES CLIPPERS,27,1,320,40,98,0,1,27,34,28,39,12,10,3,13,44,107
davisri01,Ricky Davis,SHOOTING GUARD,29,LOS ANGELES CLIPPERS,36,9,785,83,245,35,111,31,36,9,51,82,19,5,39,63,232
denglu01,Luol Deng,SMALL FORWARD,23,CHICAGO BULLS,49,46,1665,265,591,8,20,152,191,80,215,94,60,25,72,85,690
diawbo01,Boris Diaw,POWER FORWARD,26,PHOENIX SUNS,22,0,538,80,141,5,14,18,26,24,60,46,11,9,37,39,183
diawbo01,Boris Diaw,POWER FORWARD,26,CHARLOTTE BOBCATS,59,59,2216,368,743,70,167,83,121,94,254,287,50,44,178,163,889
diawaya01,Yakhouba Diawara,SMALL FORWARD,26,MIAMI HEAT,63,21,851,76,217,51,163,10,19,26,56,27,13,6,16,75,213
dienetr01,Travis Diener,POINT GUARD,26,INDIANA PACERS,55,0,719,74,179,46,118,12,15,6,80,122,26,5,21,42,206
dioguik01,Ike Diogu,POWER FORWARD,25,PORTLAND TRAIL BLAZERS,19,0,73,6,19,0,0,15,20,12,5,0,1,2,6,9,27
dioguik01,Ike Diogu,POWER FORWARD,25,SACRAMENTO KINGS,10,1,142,33,55,1,2,25,33,14,25,3,2,1,6,14,92
diopde01,DeSagana Diop,CENTER,27,DALLAS MAVERICKS,34,0,452,22,58,0,0,12,29,45,73,13,12,25,11,55,56
diopde01,DeSagana Diop,CENTER,27,CHARLOTTE BOBCATS,41,1,584,52,113,0,0,10,37,69,86,19,17,31,28,73,114
dixonju01,Juan Dixon,POINT GUARD,30,WASHINGTON WIZARDS,50,6,816,101,256,25,75,34,39,8,59,118,35,6,70,74,261
doolike01,Keyon Dooling,POINT GUARD,28,NEW JERSEY NETS,77,18,2074,261,598,99,235,127,154,24,131,270,71,8,105,135,748
dorsejo01,Joey Dorsey,POWER FORWARD,25,HOUSTON ROCKETS,3,0,6,1,2,0,0,0,0,0,1,1,0,0,0,0,2
doubyqu01,Quincy Douby,POINT GUARD,24,SACRAMENTO KINGS,20,0,227,30,88,10,37,14,15,3,22,13,2,5,6,23,84
doubyqu01,Quincy Douby,POINT GUARD,24,TORONTO RAPTORS,7,0,73,12,22,4,9,3,4,3,4,12,3,0,7,4,31
douglch01,Chris Douglas-Roberts,SHOOTING GUARD,22,NEW JERSEY NETS,44,3,585,81,176,3,12,51,62,14,36,52,12,7,31,34,216
dragigo01,Goran Dragić,POINT GUARD,22,PHOENIX SUNS,55,1,728,88,224,20,54,50,65,33,70,111,29,3,73,87,246
dudleja01,Jared Dudley,SMALL FORWARD,23,CHARLOTTE BOBCATS,20,7,427,45,96,3,8,15,24,25,34,19,18,2,10,40,108
dudleja01,Jared Dudley,SMALL FORWARD,23,PHOENIX SUNS,48,0,728,91,189,26,66,56,81,57,89,37,39,6,33,65,264
duhonch01,Chris Duhon,POINT GUARD,26,NEW YORK KNICKS,79,78,2906,287,681,127,325,179,209,45,201,566,72,7,221,126,880
duncati01,Tim Duncan,CENTER,32,SAN ANTONIO SPURS,75,75,2524,558,1107,0,2,334,483,201,599,264,38,126,165,173,1450
dunlemi02,Mike Dunleavy,SHOOTING GUARD,28,INDIANA PACERS,18,14,495,93,232,32,90,53,65,14,54,44,12,9,38,36,271
duranke01,Kevin Durant,SMALL FORWARD,20,OKLAHOMA CITY THUNDER,74,74,2885,661,1390,97,230,452,524,77,405,205,96,53,225,134,1871
ellismo01,Monta Ellis,SHOOTING GUARD,23,GOLDEN STATE WARRIORS,25,25,892,194,430,8,26,78,94,14,94,93,39,8,67,67,474
elsonfr01,Francisco Elson,CENTER,32,MILWAUKEE BUCKS,59,23,977,83,169,1,4,33,39,100,129,32,36,36,48,144,200
elyme01,Melvin Ely,CENTER,30,NEW ORLEANS HORNETS,31,4,373,37,95,0,0,23,36,30,34,18,2,9,23,58,97
evansma01,Maurice Evans,SMALL FORWARD,30,ATLANTA HAWKS,80,25,1840,208,482,98,248,60,73,88,155,54,50,10,43,163,574
evansre01,Reggie Evans,POWER FORWARD,28,PHILADELPHIA 76ERS,79,7,1137,79,178,0,1,104,175,135,226,26,41,8,69,161,262
farmajo01,Jordan Farmar,POINT GUARD,22,LOS ANGELES LAKERS,65,0,1192,161,412,49,146,45,77,22,95,155,57,10,87,105,416
farmede01,Desmon Farmer,SHOOTING GUARD,27,SAN ANTONIO SPURS,3,0,54,4,14,3,12,2,2,0,6,2,0,0,4,6,13
feltora01,Raymond Felton,POINT GUARD,24,CHARLOTTE BOBCATS,82,81,3086,442,1083,59,207,219,272,54,256,553,126,30,228,191,1162
fernaru01,Rudy Fernández,SHOOTING GUARD,23,PORTLAND TRAIL BLAZERS,78,4,1993,268,630,159,398,120,143,47,160,159,69,12,86,111,815
fesenky01,Kyrylo Fesenko,CENTER,22,UTAH JAZZ,21,1,156,21,36,0,0,7,21,14,23,4,7,15,9,35,49
finlemi01,Michael Finley,SMALL FORWARD,35,SAN ANTONIO SPURS,81,77,2336,301,689,131,319,51,62,26,244,114,37,17,61,82,784
fishede01,Derek Fisher,POINT GUARD,34,LOS ANGELES LAKERS,82,82,2441,292,688,120,302,110,130,25,163,261,95,6,72,187,814
fordtj01,T.J. Ford,POINT GUARD,25,INDIANA PACERS,74,49,2258,413,913,35,104,245,281,59,200,392,89,16,180,180,1106
fosteje01,Jeff Foster,CENTER,32,INDIANA PACERS,74,26,1828,177,353,2,7,96,146,215,293,130,53,49,88,229,452
foyera01,Randy Foye,SHOOTING GUARD,25,MINNESOTA TIMBERWOLVES,70,61,2494,399,981,111,308,230,272,34,180,303,72,26,150,201,1139
foylead01,Adonal Foyle,CENTER,33,ORLANDO MAGIC,9,0,59,7,11,0,0,3,6,9,17,1,0,8,3,4,17
foylead01,Adonal Foyle,CENTER,33,MEMPHIS GRIZZLIES,1,0,3,0,0,0,0,0,0,0,0,0,0,0,0,1,0
fryech01,Channing Frye,POWER FORWARD,25,PORTLAND TRAIL BLAZERS,63,1,746,113,267,11,33,26,36,41,99,24,17,16,29,106,263
gadzuda01,Dan Gadzuric,CENTER,30,MILWAUKEE BUCKS,67,26,941,117,244,0,2,37,68,95,160,39,32,43,41,162,271
gallida01,Danilo Gallinari,SHOOTING GUARD,20,NEW YORK KNICKS,28,2,412,56,125,32,72,26,27,13,42,15,14,4,15,48,170
garcifr01,Francisco García,SMALL FORWARD,27,SACRAMENTO KINGS,65,36,1975,295,665,88,221,146,178,56,162,150,80,67,112,196,824
gardnth01,Thomas Gardner,SHOOTING GUARD,23,ATLANTA HAWKS,16,0,98,9,36,4,23,2,4,0,7,2,4,1,3,4,24
garneke01,Kevin Garnett,POWER FORWARD,32,BOSTON CELTICS,57,57,1772,393,740,2,8,111,132,78,407,144,63,68,90,128,899
gasolma01,Marc Gasol,CENTER,24,MEMPHIS GRIZZLIES,82,75,2521,350,661,0,1,275,375,201,404,143,63,90,164,265,975
gasolpa01,Pau Gasol,CENTER,28,LOS ANGELES LAKERS,81,81,2999,592,1045,1,2,343,439,262,518,284,52,81,157,172,1528
gayru01,Rudy Gay,SMALL FORWARD,22,MEMPHIS GRIZZLIES,79,78,2945,572,1262,85,242,264,344,109,328,135,98,59,203,221,1493
georgde01,Devean George,SMALL FORWARD,31,DALLAS MAVERICKS,43,17,708,54,142,22,76,17,22,25,53,15,23,11,17,57,147
gibsoda01,Daniel Gibson,POINT GUARD,22,CLEVELAND CAVALIERS,75,0,1795,206,527,108,283,66,86,31,124,132,44,16,61,163,586
giddejr01,J.R. Giddens,SMALL FORWARD,23,BOSTON CELTICS,6,0,8,2,3,0,0,0,0,2,1,0,1,0,1,1,4
gilled01,Eddie Gill,POINT GUARD,30,MILWAUKEE BUCKS,6,0,43,6,9,2,3,0,0,0,4,11,3,1,5,10,14
ginobma01,Manu Ginóbili,SHOOTING GUARD,31,SAN ANTONIO SPURS,44,7,1181,223,491,69,209,168,190,24,174,157,64,16,88,90,683
gomesry01,Ryan Gomes,SMALL FORWARD,26,MINNESOTA TIMBERWOLVES,82,76,2614,420,974,106,285,146,181,106,286,135,63,22,128,183,1092
goodedr01,Drew Gooden,POWER FORWARD,27,CHICAGO BULLS,31,27,918,161,352,0,3,84,97,82,184,43,26,14,57,103,406
goodedr01,Drew Gooden,POWER FORWARD,27,SACRAMENTO KINGS,1,0,26,5,9,0,0,2,2,3,10,2,0,0,3,2,12
goodedr01,Drew Gooden,POWER FORWARD,27,SAN ANTONIO SPURS,19,1,320,71,145,0,1,45,57,28,55,3,4,4,16,39,187
gordobe01,Ben Gordon,SHOOTING GUARD,25,CHICAGO BULLS,82,76,2999,598,1315,173,422,330,382,52,231,279,71,22,200,184,1699
gordoer01,Eric Gordon,SHOOTING GUARD,20,LOS ANGELES CLIPPERS,78,65,2677,411,901,131,337,299,350,45,156,215,78,35,164,172,1252
gortama01,Marcin Gortat,POWER FORWARD,24,ORLANDO MAGIC,63,3,794,106,187,1,1,26,45,96,190,14,18,53,25,111,239
grahajo01,Joey Graham,SMALL FORWARD,26,TORONTO RAPTORS,78,10,1541,231,480,3,16,132,160,95,197,48,35,12,74,191,597
grahast01,Stephen Graham,SHOOTING GUARD,26,INDIANA PACERS,52,6,684,106,256,20,66,50,62,21,75,33,10,4,45,82,282
grangda01,Danny Granger,SMALL FORWARD,25,INDIANA PACERS,67,66,2424,571,1277,182,450,404,460,49,292,183,69,97,165,207,1728
grayaa01,Aaron Gray,CENTER,24,CHICAGO BULLS,56,18,715,81,167,0,1,34,59,84,136,46,14,18,40,135,196
greenge01,Gerald Green,SHOOTING GUARD,23,DALLAS MAVERICKS,38,12,376,79,180,14,46,27,32,14,40,15,10,5,33,51,199
greenje02,Jeff Green,POWER FORWARD,22,OKLAHOMA CITY THUNDER,78,78,2873,476,1068,96,247,242,307,120,399,155,81,33,173,202,1290
greenwi01,Willie Green,SHOOTING GUARD,27,PHILADELPHIA 76ERS,81,60,1828,286,658,51,161,62,85,29,97,158,53,13,64,154,685
greendo01,Donté Greene,SMALL FORWARD,20,SACRAMENTO KINGS,55,4,725,77,236,26,100,29,34,19,67,30,16,14,37,68,209
haddaha01,Hamed Haddadi,CENTER,23,MEMPHIS GRIZZLIES,19,0,120,15,31,0,0,18,30,16,31,8,1,12,9,20,48
hairsma01,Malik Hairston,SHOOTING GUARD,21,SAN ANTONIO SPURS,15,0,155,24,49,0,1,2,7,11,17,13,6,7,12,19,50
hamilri01,Richard Hamilton,SHOOTING GUARD,30,DETROIT PISTONS,67,51,2279,466,1043,70,190,223,263,44,163,297,40,4,133,176,1225
harprma01,Matt Harpring,SHOOTING GUARD,32,UTAH JAZZ,63,2,693,111,241,0,2,55,72,47,76,28,29,9,29,102,277
harrial01,Al Harrington,POWER FORWARD,28,GOLDEN STATE WARRIORS,5,5,166,23,70,11,28,5,10,10,18,10,7,0,7,14,62
harrial01,Al Harrington,POWER FORWARD,28,NEW YORK KNICKS,68,51,2380,509,1142,160,442,229,285,89,338,92,81,22,154,213,1407
harride01,Devin Harris,POINT GUARD,25,NEW JERSEY NETS,69,69,2494,455,1039,64,220,496,605,30,201,476,114,13,212,164,1470
hartja01,Jason Hart,POINT GUARD,30,LOS ANGELES CLIPPERS,28,2,312,25,84,0,4,15,19,12,30,43,12,4,19,35,65
hartja01,Jason Hart,POINT GUARD,30,DENVER NUGGETS,11,0,36,5,10,0,2,3,4,1,3,5,0,0,3,4,13
hasleud01,Udonis Haslem,POWER FORWARD,28,MIAMI HEAT,75,75,2560,333,643,0,0,128,170,169,449,85,43,25,82,204,794
hassetr01,Trenton Hassell,SMALL FORWARD,29,NEW JERSEY NETS,53,31,1094,86,191,2,8,20,25,50,96,51,21,16,30,92,194
hawessp01,Spencer Hawes,CENTER,20,SACRAMENTO KINGS,77,51,2259,373,800,40,115,90,136,148,401,149,44,93,160,249,876
hayesch01,Chuck Hayes,CENTER,25,HOUSTON ROCKETS,71,1,858,42,113,0,4,7,19,74,176,42,34,19,25,134,91
hayesja01,Jarvis Hayes,SMALL FORWARD,27,NEW JERSEY NETS,74,1,1832,257,577,94,244,36,52,27,240,54,52,7,49,162,644
haywobr01,Brendan Haywood,CENTER,29,WASHINGTON WIZARDS,6,5,175,24,50,0,0,10,21,13,31,8,4,15,9,14,58
headlu01,Luther Head,POINT GUARD,26,HOUSTON ROCKETS,22,4,322,39,101,14,38,14,16,3,24,35,6,1,16,15,106
headlu01,Luther Head,SHOOTING GUARD,26,MIAMI HEAT,10,0,176,16,43,6,16,5,8,3,22,23,11,1,9,22,43
herrmwa01,Walter Herrmann,SMALL FORWARD,29,DETROIT PISTONS,59,0,630,82,207,41,120,19,25,28,79,22,7,4,17,43,224
hibbero01,Roy Hibbert,CENTER,22,INDIANA PACERS,70,42,1009,198,420,0,0,98,147,115,128,49,20,76,55,215,494
hicksjj01,J.J. Hickson,CENTER,20,CLEVELAND CAVALIERS,62,0,705,100,194,0,0,45,67,52,113,9,14,30,45,81,245
hilarne01,Nenê,CENTER,26,DENVER NUGGETS,77,76,2510,428,709,1,5,266,368,183,415,108,95,101,147,278,1123
hillge01,George Hill,POINT GUARD,22,SAN ANTONIO SPURS,77,7,1270,150,372,24,73,114,146,30,128,136,45,21,74,150,438
hillgr01,Grant Hill,SMALL FORWARD,36,PHOENIX SUNS,82,68,2445,390,745,24,76,181,224,64,341,186,90,54,126,182,985
hillst01,Steven Hill,POWER FORWARD,23,OKLAHOMA CITY THUNDER,1,0,2,1,1,0,0,0,0,2,1,0,0,0,0,0,2
hinriki01,Kirk Hinrich,SHOOTING GUARD,28,CHICAGO BULLS,51,4,1339,183,419,69,169,68,86,16,107,197,66,19,87,126,503
holliry01,Ryan Hollins,CENTER,24,CHARLOTTE BOBCATS,18,1,184,19,35,0,0,26,39,19,17,4,3,17,10,34,64
holliry01,Ryan Hollins,CENTER,24,DALLAS MAVERICKS,27,2,260,31,59,0,0,17,33,27,34,3,4,15,14,44,79
horfoal01,Al Horford,CENTER,22,ATLANTA HAWKS,67,67,2242,312,594,0,1,149,205,145,479,163,53,95,103,190,773
houseed01,Eddie House,POINT GUARD,30,BOSTON CELTICS,81,0,1479,249,560,151,340,42,53,11,146,92,61,7,55,113,691
howardw01,Dwight Howard,CENTER,23,ORLANDO MAGIC,79,79,2821,560,979,0,2,504,849,336,757,112,77,231,240,270,1624
howarjo01,Josh Howard,SMALL FORWARD,28,DALLAS MAVERICKS,52,51,1663,353,783,58,168,172,220,59,204,83,55,30,89,135,936
howarju01,Juwan Howard,POWER FORWARD,35,DENVER NUGGETS,3,0,22,1,2,0,0,0,0,1,3,2,1,1,0,4,2
howarju01,Juwan Howard,SMALL FORWARD,35,CHARLOTTE BOBCATS,39,2,450,74,145,0,0,23,34,29,43,24,6,5,26,67,171
hughela01,Larry Hughes,SMALL FORWARD,30,CHICAGO BULLS,30,6,792,127,308,40,102,67,82,6,88,59,36,9,36,51,361
hughela01,Larry Hughes,SHOOTING GUARD,30,NEW YORK KNICKS,25,14,687,97,249,35,91,50,63,10,55,60,36,5,35,45,279
humphkr01,Kris Humphries,SMALL FORWARD,23,TORONTO RAPTORS,29,0,265,38,90,0,0,38,48,24,46,10,8,6,8,31,114
hunteli01,Lindsey Hunter,POINT GUARD,38,CHICAGO BULLS,28,0,266,27,82,16,48,3,5,2,10,37,20,1,19,28,73
hunteot01,Othello Hunter,POWER FORWARD,22,ATLANTA HAWKS,16,0,92,11,20,0,0,0,5,9,15,1,2,5,2,11,22
iguodan01,Andre Iguodala,SMALL FORWARD,25,PHILADELPHIA 76ERS,82,82,3269,542,1147,80,261,377,521,92,379,434,131,36,222,152,1541
ilgauzy01,Zydrunas Ilgauskas,CENTER,33,CLEVELAND CAVALIERS,65,65,1765,342,724,15,39,139,174,157,333,64,28,84,90,183,838
mbengdj01,D.J. Mbenga,CENTER,28,LOS ANGELES LAKERS,23,0,181,27,57,0,1,7,8,9,22,9,10,24,13,33,61
iversal01,Allen Iverson,SHOOTING GUARD,33,DENVER NUGGETS,3,3,123,18,40,2,8,18,25,3,5,20,3,1,10,3,56
iversal01,Allen Iverson,POINT GUARD,33,DETROIT PISTONS,54,50,1970,330,794,26,91,253,322,27,138,263,85,5,136,83,939
iveyro01,Royal Ivey,SHOOTING GUARD,27,PHILADELPHIA 76ERS,71,0,861,69,208,39,114,34,43,19,57,43,36,7,23,76,211
jackja01,Jarrett Jack,SHOOTING GUARD,25,INDIANA PACERS,82,53,2716,386,853,78,221,224,263,44,232,338,88,17,184,179,1074
jacksbo01,Bobby Jackson,POINT GUARD,35,SACRAMENTO KINGS,71,10,1484,193,485,60,197,86,101,42,158,143,62,4,66,100,532
jacksda01,Darnell Jackson,POWER FORWARD,23,CLEVELAND CAVALIERS,51,2,430,37,86,0,2,24,35,32,55,8,10,4,14,77,98
jacksst02,Stephen Jackson,SMALL FORWARD,30,GOLDEN STATE WARRIORS,59,59,2339,413,997,103,305,294,356,70,233,381,88,31,229,153,1223
jamesje01,Jerome James,CENTER,33,NEW YORK KNICKS,2,0,10,3,8,0,0,0,0,1,2,0,1,1,1,2,6
jamesle01,LeBron James,SMALL FORWARD,24,CLEVELAND CAVALIERS,81,81,3054,789,1613,132,384,594,762,106,507,587,137,93,241,139,2304
jamesmi01,Mike James,POINT GUARD,33,NEW ORLEANS HORNETS,8,0,74,8,25,3,4,1,2,1,6,8,2,0,3,7,20
jamesmi01,Mike James,POINT GUARD,33,WASHINGTON WIZARDS,53,50,1575,189,489,66,180,67,80,24,102,193,42,6,91,101,511
jamisan01,Antawn Jamison,POWER FORWARD,32,WASHINGTON WIZARDS,81,81,3096,674,1441,112,319,341,452,196,525,153,95,25,125,218,1801
jaricma01,Marko Jarić,SHOOTING GUARD,30,MEMPHIS GRIZZLIES,53,0,605,48,145,11,28,29,41,23,42,74,29,11,49,62,136
jawaina01,Nathan Jawai,POWER FORWARD,22,TORONTO RAPTORS,6,0,19,1,4,0,0,0,0,1,1,0,0,0,2,3,2
jeffeal01,Al Jefferson,CENTER,24,MINNESOTA TIMBERWOLVES,50,50,1836,485,975,0,4,186,252,172,376,79,39,83,92,141,1156
jeffedo01,Dontell Jefferson,SHOOTING GUARD,25,CHARLOTTE BOBCATS,6,0,84,11,22,1,2,6,9,1,11,9,4,1,6,9,29
jefferi01,Richard Jefferson,SMALL FORWARD,28,MILWAUKEE BUCKS,82,82,2939,537,1222,116,292,417,518,57,317,199,66,14,165,252,1607
jeffrja01,Jared Jeffries,SMALL FORWARD,27,NEW YORK KNICKS,56,36,1310,120,273,1,12,55,90,128,103,80,47,33,65,153,296
jianlyi01,Yi Jianlian,POWER FORWARD,21,NEW JERSEY NETS,61,52,1421,191,500,48,140,95,123,67,259,60,29,36,70,157,525
johnsam01,Amir Johnson,POWER FORWARD,21,DETROIT PISTONS,62,24,911,97,163,0,0,23,35,102,130,20,20,60,33,171,217
johnsan02,Anthony Johnson,POINT GUARD,34,ORLANDO MAGIC,80,12,1481,154,381,52,133,61,81,29,118,200,46,5,82,111,421
johnsjo02,Joe Johnson,SHOOTING GUARD,27,ATLANTA HAWKS,79,79,3124,620,1420,149,414,299,362,65,281,455,84,19,195,176,1688
johnsli01,Linton Johnson,POWER FORWARD,28,CHARLOTTE BOBCATS,2,0,13,0,0,0,0,0,0,0,0,0,0,0,0,1,0
johnsli01,Linton Johnson,POWER FORWARD,28,CHICAGO BULLS,8,0,42,4,11,1,2,0,0,3,5,2,1,0,2,6,9
johnstr01,Trey Johnson,SHOOTING GUARD,24,CLEVELAND CAVALIERS,4,0,14,0,5,0,0,4,4,0,1,0,0,0,1,4,4
jonesda02,Dahntay Jones,SHOOTING GUARD,28,DENVER NUGGETS,79,71,1426,154,336,11,17,110,151,58,110,78,49,19,68,199,429
jonesda01,Damon Jones,POINT GUARD,32,MILWAUKEE BUCKS,18,0,108,11,34,11,28,0,0,0,6,7,3,0,6,4,33
jonesdw02,Dwayne Jones,POWER FORWARD,25,CHARLOTTE BOBCATS,6,0,52,4,7,0,0,4,6,6,6,0,0,1,4,6,12
jonesfr01,Fred Jones,SMALL FORWARD,29,LOS ANGELES CLIPPERS,52,21,1495,129,317,54,147,66,81,23,103,188,53,11,66,112,378
jonesja02,James Jones,SMALL FORWARD,28,MIAMI HEAT,40,1,630,55,149,33,96,26,31,12,50,20,12,14,12,58,169
jonesso01,Solomon Jones,CENTER,24,ATLANTA HAWKS,63,0,675,67,111,1,2,53,74,52,90,15,7,34,27,125,188
jordade01,DeAndre Jordan,CENTER,20,LOS ANGELES CLIPPERS,53,13,771,93,147,0,0,42,109,72,165,11,11,59,41,96,228
kamanch01,Chris Kaman,CENTER,26,LOS ANGELES CLIPPERS,31,24,921,161,305,0,0,51,75,75,172,46,17,45,84,93,373
kaponja01,Jason Kapono,SHOOTING GUARD,27,TORONTO RAPTORS,80,12,1831,261,604,98,229,34,42,26,137,105,22,3,70,144,654
kiddja01,Jason Kidd,POINT GUARD,35,DALLAS MAVERICKS,81,81,2886,257,618,131,323,86,105,85,415,702,160,39,185,168,731
kinseta01,Tarence Kinsey,SHOOTING GUARD,24,CLEVELAND CAVALIERS,50,3,277,31,69,7,18,33,38,10,28,10,12,0,22,34,102
kirilan01,Andrei Kirilenko,POWER FORWARD,27,UTAH JAZZ,67,10,1831,256,570,20,73,244,311,84,235,175,83,77,121,127,776
kleizli01,Linas Kleiza,SMALL FORWARD,24,DENVER NUGGETS,82,7,1824,289,646,87,267,148,204,92,235,64,31,14,82,155,813
knighbr01,Brevin Knight,POINT GUARD,33,UTAH JAZZ,74,0,938,66,189,0,6,48,64,13,75,190,68,4,66,98,180
korveky01,Kyle Korver,SMALL FORWARD,27,UTAH JAZZ,78,2,1874,245,560,103,267,112,127,35,223,137,47,30,90,170,705
koufoko01,Kosta Koufos,CENTER,19,UTAH JAZZ,48,7,565,94,185,0,0,36,51,50,88,20,12,31,26,70,224
krstine01,Nenad Krstić,CENTER,25,OKLAHOMA CITY THUNDER,46,29,1141,191,407,0,0,63,79,85,168,29,21,49,45,114,445
kurzro01,Rob Kurz,POWER FORWARD,23,GOLDEN STATE WARRIORS,40,5,442,51,131,15,38,40,50,33,48,20,14,19,16,78,157
landrca01,Carl Landry,POWER FORWARD,25,HOUSTON ROCKETS,69,0,1467,240,418,1,3,157,193,124,219,39,26,31,68,166,638
lawac01,Acie Law,POINT GUARD,24,ATLANTA HAWKS,55,1,560,52,139,9,29,49,60,6,52,86,11,3,29,43,162
leeco01,Courtney Lee,SHOOTING GUARD,23,ORLANDO MAGIC,77,42,1939,243,540,82,203,78,94,18,160,91,76,14,69,157,646
leeda02,David Lee,CENTER,25,NEW YORK KNICKS,81,74,2824,522,951,0,3,249,330,256,695,174,80,22,150,260,1293
lewisra02,Rashard Lewis,POWER FORWARD,29,ORLANDO MAGIC,79,79,2859,478,1089,220,554,225,269,92,361,205,81,51,158,194,1401
livinsh01,Shaun Livingston,POINT GUARD,23,MIAMI HEAT,4,0,41,3,8,0,0,3,4,0,2,4,2,0,3,4,9
livinsh01,Shaun Livingston,POINT GUARD,23,OKLAHOMA CITY THUNDER,8,1,190,28,52,0,0,6,6,3,23,16,5,2,6,8,62
lopezbr01,Brook Lopez,CENTER,20,NEW JERSEY NETS,82,75,2501,448,844,0,2,172,217,225,440,86,44,151,147,257,1068
lopezro01,Robin Lopez,CENTER,20,PHOENIX SUNS,60,7,614,71,137,0,1,47,68,52,66,8,11,41,28,97,189
loveke01,Kevin Love,CENTER,20,MINNESOTA TIMBERWOLVES,81,37,2048,316,688,2,19,265,336,274,460,84,35,50,118,205,899
lowryky01,Kyle Lowry,POINT GUARD,22,MEMPHIS GRIZZLIES,49,21,1071,112,272,17,69,129,161,13,98,178,48,8,79,89,370
lowryky01,Kyle Lowry,POINT GUARD,22,HOUSTON ROCKETS,28,0,608,77,162,8,29,52,65,13,65,97,21,9,38,57,214
luety01,Tyronn Lue,POINT GUARD,31,MILWAUKEE BUCKS,30,0,392,54,119,21,45,12,16,6,29,46,6,0,21,41,141
luety01,Tyronn Lue,POINT GUARD,31,ORLANDO MAGIC,14,0,129,17,43,6,17,2,3,0,11,14,2,0,2,13,42
madsema01,Mark Madsen,CENTER,33,MINNESOTA TIMBERWOLVES,19,1,116,3,14,0,0,0,4,10,8,4,1,1,3,18,6
maggeco01,Corey Maggette,POWER FORWARD,29,GOLDEN STATE WARRIORS,51,19,1588,292,634,24,95,342,415,49,233,92,44,8,120,192,950
magloja01,Jamaal Magloire,CENTER,30,MIAMI HEAT,55,12,709,65,131,0,0,29,60,82,140,22,11,25,32,121,159
marbust01,Stephon Marbury,POINT GUARD,31,BOSTON CELTICS,23,4,414,38,111,6,25,6,13,2,26,75,10,3,37,34,88
mariosh01,Shawn Marion,SMALL FORWARD,30,MIAMI HEAT,42,41,1516,215,446,8,40,67,85,107,258,77,57,45,56,92,505
mariosh01,Shawn Marion,SMALL FORWARD,30,TORONTO RAPTORS,27,27,954,167,342,2,13,50,62,73,151,62,31,21,49,40,386
marksse01,Sean Marks,CENTER,33,NEW ORLEANS HORNETS,60,5,838,80,165,2,10,30,44,62,125,14,7,33,35,121,192
marshdo01,Donyell Marshall,POWER FORWARD,35,PHILADELPHIA 76ERS,25,0,189,33,73,25,55,3,6,6,34,15,4,5,6,24,94
martica01,Cartier Martin,SMALL FORWARD,24,CHARLOTTE BOBCATS,33,1,266,28,77,10,33,20,25,7,26,13,8,4,9,33,86
martike01,Kenyon Martin,POWER FORWARD,31,DENVER NUGGETS,66,66,2111,318,648,14,38,119,197,81,314,132,96,74,104,201,769
martike02,Kevin Martin,SHOOTING GUARD,25,SACRAMENTO KINGS,51,46,1947,341,811,115,277,457,527,29,154,138,61,8,146,116,1254
masonde01,Desmond Mason,SHOOTING GUARD,31,OKLAHOMA CITY THUNDER,39,19,1064,124,285,0,3,46,85,41,116,46,15,30,56,96,294
masonro01,Roger Mason,SHOOTING GUARD,28,SAN ANTONIO SPURS,82,71,2496,349,822,166,394,105,118,16,235,173,40,12,100,160,969
maxieja01,Jason Maxiell,CENTER,25,DETROIT PISTONS,78,4,1408,184,320,0,1,84,158,169,155,24,25,63,45,157,452
mayse01,Sean May,POWER FORWARD,24,CHARLOTTE BOBCATS,24,12,301,39,98,1,1,14,20,20,49,10,5,4,26,32,93
mayooj01,O.J. Mayo,SHOOTING GUARD,21,MEMPHIS GRIZZLIES,82,82,3120,562,1283,145,378,247,281,56,252,262,91,13,226,204,1516
mbahalu01,Luc Mbah a Moute,POWER FORWARD,22,MILWAUKEE BUCKS,82,52,2114,227,491,0,4,140,192,189,298,87,87,45,100,204,594
mccanra01,Rashad McCants,SHOOTING GUARD,24,MINNESOTA TIMBERWOLVES,34,2,636,105,292,38,119,60,81,11,52,32,27,6,45,63,308
mccanra01,Rashad McCants,SHOOTING GUARD,24,SACRAMENTO KINGS,24,1,465,87,196,25,70,47,60,10,37,36,20,8,19,40,246
mcdyean01,Antonio McDyess,POWER FORWARD,34,DETROIT PISTONS,62,30,1866,268,525,0,0,60,86,185,422,83,41,50,51,191,596
mcgeeja01,JaVale McGee,CENTER,21,WASHINGTON WIZARDS,75,14,1143,191,387,0,0,107,162,120,174,23,33,75,61,155,489
mcgratr01,Tracy McGrady,SHOOTING GUARD,29,HOUSTON ROCKETS,35,35,1181,188,485,44,117,125,156,20,134,175,42,15,69,38,545
mcguido01,Dominic McGuire,SMALL FORWARD,23,WASHINGTON WIZARDS,79,57,2072,140,324,2,4,74,102,113,315,198,62,74,92,153,356
mcrobjo01,Josh McRoberts,POWER FORWARD,21,INDIANA PACERS,33,0,279,35,83,0,10,10,13,26,48,16,12,16,12,41,80
mensapo01,Pops Mensah-Bonsu,POWER FORWARD,25,SAN ANTONIO SPURS,3,0,20,5,7,0,0,5,7,5,5,0,1,1,2,6,15
mensapo01,Pops Mensah-Bonsu,POWER FORWARD,25,TORONTO RAPTORS,19,0,263,34,96,0,2,28,41,50,53,6,8,4,17,37,96
mihmch01,Chris Mihm,CENTER,29,LOS ANGELES LAKERS,18,0,105,15,40,0,0,6,7,15,19,10,1,6,10,23,36
milescj01,C.J. Miles,SHOOTING GUARD,21,UTAH JAZZ,72,72,1623,258,562,63,179,78,89,45,122,107,46,15,64,187,657
milesda01,Darius Miles,SMALL FORWARD,27,MEMPHIS GRIZZLIES,34,0,298,48,99,1,6,23,31,19,38,17,11,20,21,32,120
milicda01,Darko Miličić,CENTER,23,MEMPHIS GRIZZLIES,61,15,1034,137,266,0,0,59,105,83,181,34,22,51,48,134,333
millean02,Andre Miller,POINT GUARD,32,PHILADELPHIA 76ERS,82,82,2976,492,1041,15,53,338,409,123,245,534,109,14,199,196,1337
millebr01,Brad Miller,CENTER,32,SACRAMENTO KINGS,43,43,1354,184,388,20,43,125,156,83,261,148,30,24,83,135,513
millebr01,Brad Miller,CENTER,32,CHICAGO BULLS,27,0,746,108,226,3,13,99,116,67,134,86,22,12,47,88,318
millemi01,Mike Miller,SMALL FORWARD,28,MINNESOTA TIMBERWOLVES,73,47,2356,264,548,85,225,109,149,73,410,326,30,31,145,139,722
millspa01,Paul Millsap,POWER FORWARD,23,UTAH JAZZ,76,38,2290,400,749,0,4,228,326,251,403,138,78,73,129,288,1028
mingya01,Yao Ming,CENTER,28,HOUSTON ROCKETS,77,77,2589,566,1032,1,1,381,440,204,557,137,30,150,234,257,1514
moblecu01,Cuttino Mobley,SHOOTING GUARD,33,LOS ANGELES CLIPPERS,11,11,365,63,146,12,35,13,18,9,20,12,15,2,18,21,151
mohamna01,Nazr Mohammed,CENTER,31,CHARLOTTE BOBCATS,39,1,341,41,101,0,0,22,40,35,44,8,5,16,23,63,104
moonja01,Jamario Moon,SMALL FORWARD,28,TORONTO RAPTORS,54,39,1379,150,317,38,110,55,65,48,201,70,65,44,31,85,393
moonja01,Jamario Moon,SMALL FORWARD,28,MIAMI HEAT,26,21,689,72,157,27,73,13,15,10,106,25,21,16,12,48,184
mooremi01,Mikki Moore,POWER FORWARD,33,SACRAMENTO KINGS,46,20,746,63,121,0,0,34,42,45,107,28,13,14,27,112,160
mooremi01,Mikki Moore,CENTER,33,BOSTON CELTICS,24,0,456,51,85,0,0,14,19,31,75,25,4,5,21,96,116
morrira01,Randolph Morris,CENTER,23,ATLANTA HAWKS,23,0,89,7,17,0,0,4,4,4,16,2,2,1,7,25,18
morriad01,Adam Morrison,SMALL FORWARD,24,CHARLOTTE BOBCATS,44,5,667,76,211,31,92,16,21,16,56,38,9,4,29,73,199
morriad01,Adam Morrison,SMALL FORWARD,24,LOS ANGELES LAKERS,8,0,44,4,12,1,4,1,2,2,6,3,0,0,3,4,10
morroan01,Anthony Morrow,SHOOTING GUARD,23,GOLDEN STATE WARRIORS,67,17,1515,255,534,86,184,80,92,78,121,80,36,12,52,130,676
murphtr01,Troy Murphy,POWER FORWARD,28,INDIANA PACERS,73,73,2482,364,767,161,358,152,184,146,715,172,58,34,114,226,1041
murraro01,Ronald Murray,SHOOTING GUARD,29,ATLANTA HAWKS,80,2,1975,355,795,87,242,177,233,22,146,158,88,17,128,173,974
mutomdi01,Dikembe Mutombo,CENTER,42,HOUSTON ROCKETS,9,2,96,5,13,0,0,6,9,12,21,0,0,11,6,11,16
najered01,Eduardo Nájera,POWER FORWARD,32,NEW JERSEY NETS,27,0,319,33,74,5,25,8,22,17,50,19,10,4,18,50,79
nashst01,Steve Nash,POINT GUARD,34,PHOENIX SUNS,74,74,2484,428,851,108,246,196,210,19,204,717,55,10,248,108,1160
nelsode01,DeMarcus Nelson,POINT GUARD,23,GOLDEN STATE WARRIORS,13,5,171,24,54,0,3,5,14,6,18,13,9,2,15,24,53
nelsoja01,Jameer Nelson,POINT GUARD,26,ORLANDO MAGIC,42,42,1309,267,531,82,181,86,97,20,125,226,51,3,83,123,702
nestera01,Rasho Nesterović,CENTER,32,INDIANA PACERS,70,19,1214,224,437,0,1,25,32,93,147,109,30,38,63,171,473
nichode01,Demetris Nichols,SMALL FORWARD,24,CHICAGO BULLS,2,0,5,1,4,0,1,0,0,0,0,1,0,0,0,1,2
nichode01,Demetris Nichols,SMALL FORWARD,24,NEW YORK KNICKS,2,0,9,2,5,0,1,1,2,0,2,0,0,1,0,0,5
noahjo01,Joakim Noah,CENTER,23,CHICAGO BULLS,80,55,1938,207,372,0,1,123,182,244,362,106,49,110,82,238,537
nocioan01,Andrés Nocioni,POWER FORWARD,29,CHICAGO BULLS,53,2,1278,186,449,79,209,100,124,34,188,60,26,16,73,176,551
nocioan01,Andrés Nocioni,SMALL FORWARD,29,SACRAMENTO KINGS,23,16,713,113,252,45,102,45,59,20,119,42,13,17,40,85,316
novakst01,Steve Novak,POWER FORWARD,25,LOS ANGELES CLIPPERS,71,3,1161,176,396,119,286,21,23,19,106,40,20,5,23,71,492
nowitdi01,Dirk Nowitzki,POWER FORWARD,30,DALLAS MAVERICKS,81,81,3050,774,1616,61,170,485,545,88,593,197,61,63,157,176,2094
obryapa01,Patrick O'Bryant,CENTER,22,BOSTON CELTICS,26,0,108,16,31,0,0,8,12,7,27,8,3,8,17,29,40
obryapa01,Patrick O'Bryant,CENTER,22,TORONTO RAPTORS,13,3,147,29,53,0,2,3,8,6,26,3,3,11,5,32,61
onealje01,Jermaine O'Neal,CENTER,30,TORONTO RAPTORS,41,34,1216,220,465,0,1,115,142,71,217,67,18,82,92,130,555
onealje01,Jermaine O'Neal,CENTER,30,MIAMI HEAT,27,27,811,145,305,0,0,60,80,55,90,55,11,54,52,81,350
onealsh01,Shaquille O'Neal,CENTER,36,PHOENIX SUNS,75,75,2252,512,841,0,1,309,519,187,446,126,49,108,168,253,1333
obertfa01,Fabricio Oberto,CENTER,33,SAN ANTONIO SPURS,54,11,677,61,104,0,1,20,35,65,77,59,7,11,38,95,142
odengr01,Greg Oden,CENTER,21,PORTLAND TRAIL BLAZERS,61,39,1314,198,351,0,0,144,226,169,255,31,25,69,87,238,540
odomla01,Lamar Odom,POWER FORWARD,29,LOS ANGELES LAKERS,78,32,2316,346,703,33,103,160,257,176,461,204,77,98,138,235,885
okafoem01,Emeka Okafor,CENTER,26,CHARLOTTE BOBCATS,82,81,2691,433,772,0,0,219,369,275,552,53,48,136,144,247,1085
okurme01,Mehmet Okur,CENTER,29,UTAH JAZZ,72,72,2409,431,888,90,202,273,334,124,433,120,54,53,132,219,1225
ollieke01,Kevin Ollie,POINT GUARD,36,MINNESOTA TIMBERWOLVES,50,21,850,61,150,0,1,80,96,13,62,117,19,4,34,79,202
outlatr01,Travis Outlaw,SMALL FORWARD,24,PORTLAND TRAIL BLAZERS,81,6,2246,385,850,89,236,175,242,70,261,83,47,57,94,168,1034
pachuza01,Zaza Pachulia,CENTER,24,ATLANTA HAWKS,77,26,1473,159,320,0,3,163,230,173,263,57,35,26,91,208,481
parkean01,Anthony Parker,SHOOTING GUARD,33,TORONTO RAPTORS,80,71,2637,321,754,94,241,121,145,45,272,269,100,15,114,145,857
parketo01,Tony Parker,POINT GUARD,26,SAN ANTONIO SPURS,72,71,2456,639,1263,19,65,284,363,27,196,496,67,4,186,110,1581
paulch01,Chris Paul,POINT GUARD,23,NEW ORLEANS HORNETS,78,78,3002,631,1255,64,176,455,524,69,363,861,216,10,231,212,1781
pavloal01,Sasha Pavlović,SMALL FORWARD,25,CLEVELAND CAVALIERS,66,12,1053,116,275,48,117,25,54,31,96,72,22,16,48,122,305
pecheol01,Oleksiy Pecherov,CENTER,23,WASHINGTON WIZARDS,32,0,277,39,101,14,43,24,29,35,41,2,6,3,10,34,116
perkike01,Kendrick Perkins,CENTER,24,BOSTON CELTICS,76,76,2253,276,478,0,2,96,160,204,415,96,22,150,165,253,648
petermo01,Morris Peterson,SHOOTING GUARD,31,NEW ORLEANS HORNETS,43,9,515,73,183,33,85,12,19,13,71,16,15,2,15,51,191
petrojo01,Johan Petro,CENTER,23,OKLAHOMA CITY THUNDER,22,12,342,46,113,0,1,10,15,27,68,6,16,5,15,51,102
petrojo01,Johan Petro,CENTER,23,DENVER NUGGETS,27,10,217,27,63,0,1,6,14,15,48,10,3,10,13,56,60
piercpa01,Paul Pierce,SMALL FORWARD,31,BOSTON CELTICS,81,81,3035,540,1181,119,304,459,553,56,401,294,80,27,228,215,1658
pietrmi01,Mickaël Piétrus,SHOOTING GUARD,26,ORLANDO MAGIC,54,25,1329,176,426,80,223,78,110,44,132,65,31,24,56,126,510
poseyja01,James Posey,SHOOTING GUARD,32,NEW ORLEANS HORNETS,75,0,2140,216,524,116,314,120,146,38,324,82,58,21,79,216,668
powele01,Leon Powe,POWER FORWARD,25,BOSTON CELTICS,70,7,1227,177,338,0,0,184,267,145,200,46,24,38,76,192,538
poweljo01,Josh Powell,POWER FORWARD,26,LOS ANGELES LAKERS,60,1,703,106,239,0,0,38,50,71,105,27,9,17,51,98,250
pricero01,Ronnie Price,POINT GUARD,25,UTAH JAZZ,52,17,738,77,203,19,61,34,45,12,57,108,39,5,61,74,207
princta01,Tayshaun Prince,SMALL FORWARD,28,DETROIT PISTONS,82,82,3057,459,1020,56,141,189,243,128,348,253,44,51,101,104,1163
pruitga01,Gabe Pruitt,SHOOTING GUARD,22,BOSTON CELTICS,47,0,366,31,101,14,48,17,21,9,34,39,15,3,19,34,93
przybjo01,Joel Przybilla,CENTER,29,PORTLAND TRAIL BLAZERS,82,43,1952,168,269,0,1,112,169,204,513,27,34,97,78,215,448
quinnch01,Chris Quinn,POINT GUARD,25,MIAMI HEAT,66,0,962,118,289,56,137,47,58,8,67,132,24,2,33,79,339
radmavl01,Vladimir Radmanović,SMALL FORWARD,28,LOS ANGELES LAKERS,46,28,771,95,214,60,136,23,27,18,99,38,28,7,47,51,273
radmavl01,Vladimir Radmanović,SMALL FORWARD,28,CHARLOTTE BOBCATS,32,3,674,101,252,45,126,20,31,27,78,43,18,8,51,60,267
randoan01,Anthony Randolph,POWER FORWARD,19,GOLDEN STATE WARRIORS,63,22,1129,199,431,0,4,101,141,128,235,49,42,74,80,141,499
randosh01,Shavlik Randolph,POWER FORWARD,25,PORTLAND TRAIL BLAZERS,10,0,37,8,13,1,1,1,4,10,8,0,0,1,6,4,18
randoza01,Zach Randolph,CENTER,27,NEW YORK KNICKS,11,11,388,82,189,7,24,55,67,40,97,15,13,3,23,28,226
randoza01,Zach Randolph,POWER FORWARD,27,LOS ANGELES CLIPPERS,39,34,1369,333,684,25,73,124,177,117,250,88,30,13,91,105,815
ratlith01,Theo Ratliff,CENTER,35,PHILADELPHIA 76ERS,46,0,579,34,64,0,0,21,35,46,82,9,17,47,14,77,89
reddmi01,Michael Redd,SHOOTING GUARD,29,MILWAUKEE BUCKS,33,32,1203,249,547,70,191,131,161,24,83,88,35,2,53,45,699
redicjj01,J.J. Redick,SHOOTING GUARD,24,ORLANDO MAGIC,64,5,1111,117,299,67,179,81,93,8,101,73,21,1,54,72,382
richaja01,Jason Richardson,SHOOTING GUARD,28,CHARLOTTE BOBCATS,14,14,491,97,220,27,59,41,55,13,45,36,14,3,24,43,262
richaja01,Jason Richardson,SHOOTING GUARD,28,PHOENIX SUNS,58,57,1919,368,754,102,266,112,144,64,197,110,62,25,71,103,950
richaje01,Jeremy Richardson,SMALL FORWARD,24,ORLANDO MAGIC,12,0,93,14,49,6,17,3,6,1,13,3,0,0,3,6,37
richaqu01,Quentin Richardson,SHOOTING GUARD,28,NEW YORK KNICKS,72,51,1894,262,667,120,329,89,117,71,248,117,47,7,74,132,733
ridnolu01,Luke Ridnour,POINT GUARD,27,MILWAUKEE BUCKS,72,50,2033,250,621,55,157,133,153,33,185,365,92,16,128,200,688
roberan02,Anthony Roberson,POINT GUARD,25,NEW YORK KNICKS,23,0,253,39,103,24,71,5,5,4,11,19,10,1,7,18,107
roberan02,Anthony Roberson,POINT GUARD,25,CHICAGO BULLS,6,0,23,5,17,2,10,0,0,2,5,1,0,0,1,0,12
robinna01,Nate Robinson,POINT GUARD,24,NEW YORK KNICKS,74,11,2209,449,1028,125,385,249,296,98,192,301,95,6,139,206,1272
rodrise01,Sergio Rodríguez,POINT GUARD,22,PORTLAND TRAIL BLAZERS,80,13,1225,129,329,37,114,61,77,43,87,286,54,2,119,133,356
rondora01,Rajon Rondo,POINT GUARD,22,BOSTON CELTICS,80,80,2642,383,759,15,48,172,268,100,316,659,149,11,209,193,953
rosede01,Derrick Rose,POINT GUARD,20,CHICAGO BULLS,81,80,3000,574,1208,16,72,197,250,96,221,512,66,18,202,125,1361
rosema01,Malik Rose,POWER FORWARD,34,NEW YORK KNICKS,18,0,160,11,41,0,4,8,11,4,27,10,1,1,17,24,30
rosema01,Malik Rose,POWER FORWARD,34,OKLAHOMA CITY THUNDER,20,0,310,34,90,0,3,32,40,13,52,26,9,2,19,48,100
rossqu01,Quinton Ross,SMALL FORWARD,27,MEMPHIS GRIZZLIES,68,7,1164,99,259,33,88,34,42,29,97,47,32,14,36,114,265
roybr01,Brandon Roy,SHOOTING GUARD,24,PORTLAND TRAIL BLAZERS,78,78,2903,633,1318,83,220,416,505,104,266,400,88,22,152,127,1765
ruffimi01,Michael Ruffin,POWER FORWARD,32,PORTLAND TRAIL BLAZERS,11,0,35,2,7,0,0,2,2,6,5,0,3,1,2,7,6
rushbr01,Brandon Rush,SHOOTING GUARD,23,INDIANA PACERS,75,19,1803,243,575,78,209,46,66,34,199,66,38,37,75,128,610
rushka01,Kareem Rush,SHOOTING GUARD,28,PHILADELPHIA 76ERS,25,1,199,20,58,10,33,4,4,0,15,15,5,1,10,10,54
salmojo01,John Salmons,SMALL FORWARD,29,SACRAMENTO KINGS,53,53,1980,351,744,77,184,191,232,43,178,196,58,9,122,122,970
salmojo01,John Salmons,SMALL FORWARD,29,CHICAGO BULLS,26,21,979,165,349,49,118,97,115,16,96,53,25,15,43,60,476
sambch01,Cheikh Samb,CENTER,24,DENVER NUGGETS,6,0,24,2,13,0,1,0,0,2,7,1,2,5,2,4,4
sambch01,Cheikh Samb,CENTER,24,LOS ANGELES CLIPPERS,10,0,51,4,16,0,2,3,5,7,6,0,1,5,1,3,11
sambch01,Cheikh Samb,CENTER,24,NEW YORK KNICKS,2,0,8,0,3,0,0,0,2,1,1,0,0,0,0,0,0
scalabr01,Brian Scalabrine,CENTER,30,BOSTON CELTICS,39,8,504,48,114,24,61,16,18,7,43,18,7,10,12,73,136
scolalu01,Luis Scola,POWER FORWARD,28,HOUSTON ROCKETS,82,82,2488,424,799,0,3,196,258,200,520,123,68,11,123,261,1044
sefolth01,Thabo Sefolosha,SMALL FORWARD,24,CHICAGO BULLS,43,14,735,79,182,15,50,21,25,26,97,65,35,19,37,50,194
sefolth01,Thabo Sefolosha,SHOOTING GUARD,24,OKLAHOMA CITY THUNDER,23,22,718,73,175,9,37,40,48,28,91,46,40,26,27,54,195
senesa01,Mouhamed Sene,CENTER,22,OKLAHOMA CITY THUNDER,5,0,23,5,7,0,0,7,9,3,6,0,1,2,3,2,17
senesa01,Mouhamed Sene,CENTER,22,NEW YORK KNICKS,1,0,6,1,2,0,0,1,1,2,3,0,0,1,1,0,3
sessira01,Ramon Sessions,POINT GUARD,22,MILWAUKEE BUCKS,79,39,2173,345,775,6,34,281,354,64,205,452,83,7,152,158,977
sharpwa01,Walter Sharpe,POWER FORWARD,22,DETROIT PISTONS,8,0,20,4,11,0,2,0,2,0,3,0,0,2,0,3,8
simmobo01,Bobby Simmons,SMALL FORWARD,28,NEW JERSEY NETS,71,44,1729,198,441,117,262,43,58,72,205,92,50,10,62,186,556
simmoce01,Cedric Simmons,POWER FORWARD,23,CHICAGO BULLS,11,0,61,11,21,0,0,6,14,4,8,2,1,4,0,6,28
simmoce01,Cedric Simmons,POWER FORWARD,23,SACRAMENTO KINGS,7,0,23,0,4,0,0,1,2,1,3,0,0,0,2,2,1
simsco01,Courtney Sims,CENTER,25,PHOENIX SUNS,1,0,2,0,0,0,0,0,0,0,0,0,0,0,1,0,0
simsco01,Courtney Sims,CENTER,25,NEW YORK KNICKS,1,0,11,3,6,0,0,0,0,2,2,0,0,0,0,1,6
singlse01,Sean Singletary,POINT GUARD,23,PHOENIX SUNS,13,1,122,12,37,4,10,6,6,5,11,12,6,0,5,14,34
singlse01,Sean Singletary,POINT GUARD,23,CHARLOTTE BOBCATS,24,1,181,19,48,6,15,12,15,5,14,17,5,0,18,31,56
singlja01,James Singleton,POWER FORWARD,27,DALLAS MAVERICKS,62,6,884,117,221,13,40,67,78,89,161,17,26,28,36,110,314
skinnbr01,Brian Skinner,POWER FORWARD,32,LOS ANGELES CLIPPERS,51,21,843,92,205,0,2,30,47,72,131,27,17,52,43,94,214
smithcr01,Craig Smith,POWER FORWARD,25,MINNESOTA TIMBERWOLVES,74,31,1460,289,514,0,1,168,248,98,186,79,31,19,105,184,746
smithjr01,J.R. Smith,SHOOTING GUARD,23,DENVER NUGGETS,81,18,2245,424,950,180,453,205,272,43,254,227,78,14,150,190,1233
smithjo02,Joe Smith,CENTER,33,OKLAHOMA CITY THUNDER,36,3,691,99,218,2,4,38,54,53,110,25,10,26,15,72,238
smithjo02,Joe Smith,CENTER,33,CLEVELAND CAVALIERS,21,0,411,57,115,1,3,21,28,36,64,16,7,14,10,50,136
smithjo03,Josh Smith,POWER FORWARD,23,ATLANTA HAWKS,69,69,2421,418,849,26,87,211,359,134,364,169,94,111,161,184,1073
solomwi01,Will Solomon,POINT GUARD,30,TORONTO RAPTORS,39,9,544,79,181,15,57,20,24,9,34,123,20,4,49,60,193
solomwi01,Will Solomon,POINT GUARD,30,SACRAMENTO KINGS,14,0,168,26,64,13,29,5,10,3,18,10,7,0,5,11,70
songada01,Darius Songaila,CENTER,30,WASHINGTON WIZARDS,77,29,1521,243,457,0,1,80,90,75,152,94,64,20,74,200,566
speigma01,Marreese Speights,CENTER,21,PHILADELPHIA 76ERS,79,2,1263,252,502,2,8,102,132,123,170,30,27,56,46,181,608
stackje01,Jerry Stackhouse,SHOOTING GUARD,34,DALLAS MAVERICKS,10,1,162,16,60,3,19,7,7,5,12,12,4,1,9,6,42
stevede01,DeShawn Stevenson,SHOOTING GUARD,27,WASHINGTON WIZARDS,32,25,886,72,231,35,129,32,60,11,65,98,21,2,32,43,211
stojape01,Peja Stojaković,SMALL FORWARD,31,NEW ORLEANS HORNETS,61,59,2089,287,719,145,384,93,104,44,220,75,52,3,51,101,812
stoudam01,Amar'e Stoudemire,POWER FORWARD,26,PHOENIX SUNS,53,53,1948,404,749,3,7,323,387,116,314,104,49,57,150,163,1134
stuckro01,Rodney Stuckey,POINT GUARD,22,DETROIT PISTONS,79,65,2517,401,913,23,78,233,290,69,206,387,78,11,173,217,1058
swiftro01,Robert Swift,CENTER,23,OKLAHOMA CITY THUNDER,26,10,343,37,71,0,0,12,16,21,68,9,5,17,8,50,86
swiftst01,Stromile Swift,POWER FORWARD,29,NEW JERSEY NETS,6,0,64,9,15,0,0,5,11,5,8,1,0,2,7,15,23
swiftst01,Stromile Swift,POWER FORWARD,29,PHOENIX SUNS,13,0,121,15,41,1,1,8,15,11,22,2,4,6,9,25,39
szczewa02,Wally Szczerbiak,SMALL FORWARD,31,CLEVELAND CAVALIERS,74,5,1527,179,398,69,168,90,106,43,189,82,28,10,55,130,517
taylomi01,Mike Taylor,POINT GUARD,23,LOS ANGELES CLIPPERS,51,5,771,110,267,13,40,56,81,22,65,106,36,0,73,84,289
telfase01,Sebastian Telfair,POINT GUARD,23,MINNESOTA TIMBERWOLVES,75,43,2095,267,697,73,211,131,160,32,95,343,73,12,146,184,738
terryja01,Jason Terry,SHOOTING GUARD,31,DALLAS MAVERICKS,74,11,2491,541,1168,167,456,198,225,39,138,251,97,20,119,141,1447
thomaet01,Etan Thomas,CENTER,30,WASHINGTON WIZARDS,26,7,306,32,66,0,0,16,23,25,41,6,3,18,18,35,80
thomake01,Kenny Thomas,POWER FORWARD,31,SACRAMENTO KINGS,8,0,62,3,8,0,0,0,0,4,11,1,6,1,1,9,6
thomaku01,Kurt Thomas,POWER FORWARD,36,SAN ANTONIO SPURS,79,10,1404,153,304,0,2,37,45,134,271,66,34,58,42,170,343
thomati01,Tim Thomas,POWER FORWARD,31,LOS ANGELES CLIPPERS,10,5,220,34,90,6,20,21,34,14,32,10,3,1,14,26,95
thomati01,Tim Thomas,POWER FORWARD,31,NEW YORK KNICKS,36,1,773,119,258,53,126,54,67,20,93,46,22,10,46,91,345
thomati01,Tim Thomas,POWER FORWARD,31,CHICAGO BULLS,18,0,254,36,90,19,43,14,20,8,34,12,6,0,10,27,105
thomaty01,Tyrus Thomas,POWER FORWARD,22,CHICAGO BULLS,79,61,2175,308,683,3,9,238,304,148,360,77,91,151,129,220,857
thompja02,Jason Thompson,POWER FORWARD,22,SACRAMENTO KINGS,82,56,2303,356,717,0,8,198,286,234,372,93,46,59,146,314,910
thornal01,Al Thornton,SMALL FORWARD,25,LOS ANGELES CLIPPERS,71,67,2654,469,1051,20,79,236,313,122,246,103,59,62,130,227,1194
tollian01,Anthony Tolliver,POWER FORWARD,23,SAN ANTONIO SPURS,19,0,208,19,65,9,41,5,10,12,29,17,5,1,7,16,52
tuckeal02,Alando Tucker,SHOOTING GUARD,24,PHOENIX SUNS,30,1,282,52,121,8,23,26,33,19,12,12,5,1,14,14,138
turiaro01,Ronny Turiaf,CENTER,26,GOLDEN STATE WARRIORS,79,26,1696,186,366,0,3,98,124,88,272,166,34,168,70,243,470
turkohe01,Hedo Türkoğlu,SMALL FORWARD,29,ORLANDO MAGIC,77,77,2815,423,1025,134,376,314,389,45,365,375,64,19,204,218,1294
udokaim01,Ime Udoka,SMALL FORWARD,31,SAN ANTONIO SPURS,67,3,1035,110,287,41,125,28,46,28,159,54,36,12,38,86,289
udrihbe01,Beno Udrih,POINT GUARD,26,SACRAMENTO KINGS,73,72,2270,321,696,35,113,123,150,46,174,342,81,12,158,192,800
ukicro01,Roko Ukić,POINT GUARD,24,TORONTO RAPTORS,72,0,890,123,324,11,62,44,60,27,48,153,30,2,60,77,301
varejan01,Anderson Varejão,POWER FORWARD,26,CLEVELAND CAVALIERS,81,42,2306,270,504,0,2,154,250,166,415,81,75,66,80,239,694
vaughja01,Jacque Vaughn,POINT GUARD,33,SAN ANTONIO SPURS,30,0,292,24,75,1,1,16,18,4,18,55,6,0,15,26,65
villach01,Charlie Villanueva,POWER FORWARD,24,MILWAUKEE BUCKS,78,47,2095,487,1089,89,258,201,240,154,366,137,50,56,138,254,1264
voskuja01,Jake Voskuhl,CENTER,31,TORONTO RAPTORS,38,1,240,12,45,0,0,11,14,21,38,8,3,4,17,60,35
vujacsa01,Sasha Vujačić,SHOOTING GUARD,24,LOS ANGELES LAKERS,80,0,1293,155,401,81,223,70,76,19,116,113,77,7,35,154,461
wadedw01,Dwyane Wade,SHOOTING GUARD,27,MIAMI HEAT,79,79,3048,854,1739,88,278,590,771,89,309,589,173,106,272,178,2386
wafervo01,Von Wafer,SHOOTING GUARD,23,HOUSTON ROCKETS,63,11,1225,229,512,64,164,88,117,19,94,71,40,8,59,71,610
walkebi01,Henry Walker,SMALL FORWARD,21,BOSTON CELTICS,29,0,216,36,58,0,1,16,23,8,21,13,6,2,18,51,88
wallabe01,Ben Wallace,POWER FORWARD,34,CLEVELAND CAVALIERS,56,53,1314,69,155,0,0,27,64,136,226,44,48,75,34,82,165
wallage01,Gerald Wallace,SMALL FORWARD,26,CHARLOTTE BOBCATS,71,71,2669,389,811,39,131,365,454,112,441,189,121,67,148,210,1182
wallara01,Rasheed Wallace,CENTER,34,DETROIT PISTONS,66,63,2123,302,720,113,319,78,101,56,434,91,62,86,59,197,795
waltolu01,Luke Walton,SMALL FORWARD,28,LOS ANGELES LAKERS,65,34,1166,134,307,17,57,41,57,55,125,177,32,10,69,105,326
warriha01,Hakim Warrick,POWER FORWARD,26,MEMPHIS GRIZZLIES,82,7,2029,340,693,5,23,266,374,129,277,66,48,39,98,170,951
watsocj01,C.J. Watson,POINT GUARD,24,GOLDEN STATE WARRIORS,77,18,1883,257,562,48,120,168,193,39,153,206,96,4,92,137,730
watsoea01,Earl Watson,POINT GUARD,29,OKLAHOMA CITY THUNDER,68,18,1776,174,453,20,85,80,106,36,147,391,50,11,156,137,448
weaveky01,Kyle Weaver,SHOOTING GUARD,22,OKLAHOMA CITY THUNDER,56,19,1166,113,246,32,93,41,58,31,99,101,47,25,69,81,299
webstma02,Martell Webster,SMALL FORWARD,22,PORTLAND TRAIL BLAZERS,1,0,5,0,1,0,1,0,0,0,0,0,0,0,0,0,0
weemsso01,Sonny Weems,SHOOTING GUARD,22,DENVER NUGGETS,12,0,55,8,25,0,3,3,8,0,4,3,1,0,6,8,19
westda01,David West,POWER FORWARD,28,NEW ORLEANS HORNETS,76,76,2982,610,1292,6,25,367,415,160,486,173,49,68,163,207,1593
westde01,Delonte West,SHOOTING GUARD,25,CLEVELAND CAVALIERS,64,64,2152,285,624,91,228,90,108,31,172,226,94,13,92,125,751
westma02,Mario West,SHOOTING GUARD,24,ATLANTA HAWKS,53,3,269,14,34,1,1,14,30,24,32,19,18,4,13,35,43
westbru01,Russell Westbrook,POINT GUARD,20,OKLAHOMA CITY THUNDER,82,65,2668,436,1095,35,129,349,428,178,221,435,110,16,274,191,1256
whitedj01,D.J. White,POWER FORWARD,22,OKLAHOMA CITY THUNDER,7,0,130,26,50,0,0,10,13,10,22,6,3,5,3,10,62
whiteja02,James White,SMALL FORWARD,26,HOUSTON ROCKETS,4,0,11,3,5,1,2,0,0,0,0,1,1,1,3,2,7
wilcoch01,Chris Wilcox,CENTER,26,OKLAHOMA CITY THUNDER,37,6,719,130,268,0,3,52,87,65,130,33,18,11,55,89,312
wilcoch01,Chris Wilcox,CENTER,26,NEW YORK KNICKS,25,0,330,54,102,0,1,27,53,31,51,14,8,5,20,48,135
wilkida02,Damien Wilkins,SHOOTING GUARD,29,OKLAHOMA CITY THUNDER,41,14,636,77,213,27,72,37,46,20,50,37,22,7,37,55,218
willide01,Deron Williams,POINT GUARD,24,UTAH JAZZ,68,68,2505,463,984,70,226,326,384,24,171,725,73,20,228,134,1322
willija04,Jawad Williams,SMALL FORWARD,25,CLEVELAND CAVALIERS,10,0,20,5,12,2,6,0,0,1,1,0,1,0,1,2,12
willilo02,Lou Williams,SHOOTING GUARD,22,PHILADELPHIA 76ERS,81,0,1919,336,844,63,220,304,385,36,129,242,85,14,151,128,1039
willima03,Marcus Williams,POINT GUARD,23,GOLDEN STATE WARRIORS,9,0,54,4,17,2,6,2,6,0,4,13,1,1,4,6,12
willima04,Marcus Williams,POWER FORWARD,22,SAN ANTONIO SPURS,2,0,3,2,2,0,0,0,0,0,0,0,0,0,0,1,4
willima02,Marvin Williams,SMALL FORWARD,22,ATLANTA HAWKS,61,59,2093,285,622,55,155,220,273,110,272,81,57,39,70,127,845
willima01,Mo Williams,POINT GUARD,26,CLEVELAND CAVALIERS,81,81,2834,526,1126,183,420,208,228,47,232,329,69,9,179,215,1443
willise01,Sean Williams,POWER FORWARD,22,NEW JERSEY NETS,33,0,366,30,72,0,0,20,32,34,45,13,7,29,20,72,80
willish03,Shawne Williams,SMALL FORWARD,22,DALLAS MAVERICKS,15,0,170,16,56,1,17,9,11,19,27,2,2,9,5,19,42
willish02,Shelden Williams,POWER FORWARD,25,SACRAMENTO KINGS,30,0,305,40,89,0,2,32,42,25,53,8,12,10,26,36,112
willish02,Shelden Williams,POWER FORWARD,25,MINNESOTA TIMBERWOLVES,15,0,207,30,68,0,0,14,21,24,51,4,10,8,8,28,74
artesro01,Metta World Peace,SMALL FORWARD,29,HOUSTON ROCKETS,69,55,2452,416,1037,153,383,196,262,65,294,229,105,24,140,155,1181
wrighan01,Antoine Wright,SMALL FORWARD,24,DALLAS MAVERICKS,65,53,1552,179,431,45,149,71,95,31,105,77,46,27,54,172,474
wrighbr03,Brandan Wright,POWER FORWARD,21,GOLDEN STATE WARRIORS,39,23,688,130,246,0,4,63,85,62,95,21,22,37,23,74,323
wrighdo01,Dorell Wright,SMALL FORWARD,23,MIAMI HEAT,6,0,73,8,20,0,0,2,6,2,18,2,2,0,6,8,18
wrighju01,Julian Wright,SMALL FORWARD,21,NEW ORLEANS HORNETS,54,19,772,109,234,2,21,17,30,46,106,43,35,19,43,49,237
wrighlo02,Lorenzen Wright,CENTER,33,CLEVELAND CAVALIERS,17,2,125,10,27,0,0,3,8,7,18,3,4,5,9,17,23
youngni01,Nick Young,SHOOTING GUARD,23,WASHINGTON WIZARDS,82,5,1837,336,756,56,164,164,193,31,119,95,39,20,92,140,892
youngth01,Thaddeus Young,POWER FORWARD,20,PHILADELPHIA 76ERS,75,71,2580,475,960,56,164,139,189,139,238,86,100,23,118,165,1145
yuesu01,Sun Yue,SHOOTING GUARD,23,LOS ANGELES LAKERS,10,0,28,3,11,0,6,0,0,0,0,2,1,1,3,10,6
