slug,name,positions,age,team,games_played,games_started,minutes_played,made_field_goals,attempted_field_goals,made_three_point_field_goals,attempted_three_point_field_goals,made_free_throws,attempted_free_throws,offensive_rebounds,defensive_rebounds,assists,steals,blocks,turnovers,personal_fouls,points
adrieje01,Jeff Adrien,POWER FORWARD,24,GOLDEN STATE WARRIORS,23,0,196,23,54,0,0,11,19,23,35,10,4,5,9,28,57
afflaar01,Arron Afflalo,SHOOTING GUARD,25,DENVER NUGGETS,69,69,2324,312,627,105,248,138,163,45,206,168,34,31,71,153,867
agerma01,Maurice Ager,SHOOTING GUARD,26,MINNESOTA TIMBERWOLVES,4,0,29,6,11,3,4,0,0,0,2,1,1,0,4,4,15
ajincal01,Alexis Ajinça,CENTER,22,DALLAS MAVERICKS,10,2,75,12,32,3,7,2,3,5,12,2,3,5,1,13,29
ajincal01,Alexis Ajinça,CENTER,22,TORONTO RAPTORS,24,0,265,47,101,9,27,11,15,12,49,8,8,14,17,60,114
alabiso01,Solomon Alabi,CENTER,22,TORONTO RAPTORS,12,0,59,3,15,0,0,0,2,7,7,2,2,2,3,5,6
aldrico01,Cole Aldrich,CENTER,22,OKLAHOMA CITY THUNDER,18,0,142,8,15,0,0,2,4,13,22,4,5,7,8,30,18
aldrila01,LaMarcus Aldridge,POWER FORWARD,25,PORTLAND TRAIL BLAZERS,81,81,3211,707,1415,4,23,351,444,278,431,170,82,94,153,220,1769
allenma01,Malik Allen,POWER FORWARD,32,ORLANDO MAGIC,18,0,178,11,31,0,0,1,2,12,20,4,1,4,3,30,23
allenra02,Ray Allen,SHOOTING GUARD,35,BOSTON CELTICS,80,80,2890,480,978,168,378,193,219,51,223,219,77,16,117,147,1321
allento01,Tony Allen,SHOOTING GUARD,29,MEMPHIS GRIZZLIES,72,31,1494,251,492,4,23,137,182,70,123,104,129,44,86,161,643
aminual01,Al-Farouq Aminu,SMALL FORWARD,20,LOS ANGELES CLIPPERS,81,14,1452,160,406,45,143,92,119,75,192,60,59,25,103,121,457
amundlo01,Lou Amundson,POWER FORWARD,28,GOLDEN STATE WARRIORS,46,7,691,83,183,0,0,34,87,81,104,17,14,33,24,87,200
anderch01,Chris Andersen,CENTER,32,DENVER NUGGETS,45,0,732,82,137,0,1,86,135,75,144,20,23,58,25,79,250
anderda03,David Andersen,POWER FORWARD,30,TORONTO RAPTORS,11,0,150,23,47,3,10,7,7,8,26,7,3,3,8,11,56
anderda03,David Andersen,POWER FORWARD,30,NEW ORLEANS HORNETS,29,0,223,33,74,5,13,7,15,12,38,6,2,6,14,29,78
anderja01,James Anderson,SMALL FORWARD,21,SAN ANTONIO SPURS,26,2,286,31,81,18,46,14,18,2,21,18,3,6,13,24,94
anderry01,Ryan Anderson,POWER FORWARD,22,ORLANDO MAGIC,64,14,1424,226,525,134,341,95,117,129,226,52,30,38,49,137,681
anthoca01,Carmelo Anthony,SMALL FORWARD,26,DENVER NUGGETS,50,50,1774,437,967,42,126,343,417,77,305,140,43,31,142,134,1259
anthoca01,Carmelo Anthony,SMALL FORWARD,26,NEW YORK KNICKS,27,27,977,247,536,53,125,164,188,41,140,81,25,15,64,90,711
anthojo01,Joel Anthony,CENTER,28,MIAMI HEAT,75,11,1463,53,99,0,0,47,73,104,162,24,10,93,36,194,153
arenagi01,Gilbert Arenas,POINT GUARD,29,WASHINGTON WIZARDS,21,14,726,130,330,47,145,56,67,6,64,117,30,12,71,76,363
arenagi01,Gilbert Arenas,POINT GUARD,29,ORLANDO MAGIC,49,2,1070,139,404,50,182,64,86,16,103,157,44,9,106,112,392
arizatr01,Trevor Ariza,SMALL FORWARD,25,NEW ORLEANS HORNETS,75,75,2600,303,762,82,271,138,197,61,347,162,120,31,118,180,826
armsthi01,Hilton Armstrong,CENTER,26,WASHINGTON WIZARDS,41,2,412,31,64,1,3,14,23,39,75,10,15,16,25,75,77
armsthi01,Hilton Armstrong,CENTER,26,ATLANTA HAWKS,12,0,76,6,12,1,1,2,10,3,14,4,3,5,3,9,15
arroyca01,Carlos Arroyo,POINT GUARD,31,MIAMI HEAT,49,42,995,109,238,28,64,28,35,13,67,100,14,1,43,60,274
arroyca01,Carlos Arroyo,POINT GUARD,31,BOSTON CELTICS,15,1,190,11,35,3,5,11,12,7,16,25,7,0,17,11,36
arthuda01,Darrell Arthur,POWER FORWARD,22,MEMPHIS GRIZZLIES,80,9,1609,310,624,0,6,109,134,115,227,53,52,63,88,228,729
asikom01,Ömer Aşık,CENTER,24,CHICAGO BULLS,82,0,989,78,141,0,0,73,145,112,194,32,20,56,64,153,229
augusdj01,D.J. Augustin,POINT GUARD,23,CHARLOTTE BOBCATS,82,82,2757,399,958,111,333,269,297,38,187,498,54,3,155,152,1178
babbilu01,Luke Babbitt,SMALL FORWARD,21,PORTLAND TRAIL BLAZERS,24,0,137,15,55,3,16,3,9,6,24,6,2,2,8,15,36
balkmre01,Renaldo Balkman,SMALL FORWARD,26,DENVER NUGGETS,5,0,44,5,9,0,0,3,4,1,3,2,3,2,0,11,13
balkmre01,Renaldo Balkman,SMALL FORWARD,26,NEW YORK KNICKS,3,0,18,1,4,1,2,0,0,1,2,0,1,0,1,4,3
banksma01,Marcus Banks,POINT GUARD,29,TORONTO RAPTORS,3,0,22,0,2,0,0,6,8,0,1,3,1,0,2,4,6
barbole01,Leandro Barbosa,SHOOTING GUARD,28,TORONTO RAPTORS,58,0,1395,294,653,72,213,109,137,14,85,119,50,6,84,112,769
bareajo01,J.J. Barea,POINT GUARD,26,DALLAS MAVERICKS,81,2,1669,285,649,66,189,133,157,29,130,317,30,1,136,136,769
bargnan01,Andrea Bargnani,CENTER,25,TORONTO RAPTORS,66,66,2353,525,1173,77,223,287,350,74,269,119,34,46,152,160,1414
barnema02,Matt Barnes,SMALL FORWARD,30,LOS ANGELES LAKERS,53,0,1020,131,279,34,107,60,77,73,155,71,39,22,58,127,356
barroea01,Earl Barron,CENTER,29,PHOENIX SUNS,12,6,183,12,51,0,0,12,20,16,24,4,6,4,11,32,36
barroea01,Earl Barron,CENTER,29,MILWAUKEE BUCKS,7,0,85,17,37,0,0,2,2,12,10,4,2,2,2,10,36
barroea01,Earl Barron,CENTER,29,PORTLAND TRAIL BLAZERS,2,1,37,3,11,0,0,1,2,4,10,3,0,0,3,4,7
bassbr01,Brandon Bass,POWER FORWARD,25,ORLANDO MAGIC,76,51,1980,332,645,0,2,190,233,134,290,57,27,52,97,159,854
battito01,Tony Battie,CENTER,34,PHILADELPHIA 76ERS,38,0,377,45,96,2,3,8,14,17,82,12,5,15,12,59,100
battish01,Shane Battier,SMALL FORWARD,32,HOUSTON ROCKETS,59,59,1818,186,408,88,225,49,76,58,223,153,53,71,63,127,509
battish01,Shane Battier,SMALL FORWARD,32,MEMPHIS GRIZZLIES,23,0,557,43,101,14,42,15,17,32,60,32,16,10,16,31,115
batumni01,Nicolas Batum,SMALL FORWARD,22,PORTLAND TRAIL BLAZERS,80,67,2522,367,807,118,342,138,164,109,252,123,68,49,83,194,990
bayleje01,Jerryd Bayless,POINT GUARD,22,NEW ORLEANS HORNETS,11,0,149,17,49,3,14,13,17,2,13,28,2,1,17,16,50
bayleje01,Jerryd Bayless,POINT GUARD,22,TORONTO RAPTORS,60,14,1347,201,468,46,132,153,189,24,126,238,36,4,110,133,601
beaslmi01,Michael Beasley,SMALL FORWARD,22,MINNESOTA TIMBERWOLVES,73,73,2361,561,1246,60,164,219,291,118,291,158,54,52,195,222,1401
beaubro01,Rodrigue Beaubois,POINT GUARD,22,DALLAS MAVERICKS,28,26,496,94,223,25,83,23,30,7,45,64,20,8,47,76,236
belinma01,Marco Belinelli,SHOOTING GUARD,24,NEW ORLEANS HORNETS,80,69,1957,302,691,134,324,98,125,17,134,92,38,6,77,146,836
bellch01,Charlie Bell,SHOOTING GUARD,31,GOLDEN STATE WARRIORS,19,0,171,12,43,6,21,2,4,6,12,13,6,1,6,13,32
bellra01,Raja Bell,SHOOTING GUARD,34,UTAH JAZZ,68,63,2097,191,467,68,193,91,102,31,145,118,56,14,63,169,541
bibbymi01,Mike Bibby,POINT GUARD,32,ATLANTA HAWKS,56,56,1674,192,441,113,256,29,46,15,128,202,38,6,68,125,526
bibbymi01,Mike Bibby,POINT GUARD,32,WASHINGTON WIZARDS,2,0,29,1,9,0,4,0,0,0,3,8,1,0,1,3,2
bibbymi01,Mike Bibby,POINT GUARD,32,MIAMI HEAT,22,12,582,55,126,40,88,10,16,2,47,55,11,3,32,47,160
biedran01,Andris Biedriņš,CENTER,24,GOLDEN STATE WARRIORS,59,55,1397,142,266,0,0,10,31,145,281,60,52,52,57,198,294
billuch01,Chauncey Billups,POINT GUARD,34,DENVER NUGGETS,51,51,1646,235,536,105,238,265,287,12,113,271,52,12,129,94,840
billuch01,Chauncey Billups,POINT GUARD,34,NEW YORK KNICKS,21,21,664,104,258,41,125,119,132,13,52,116,19,2,48,52,368
blairde01,DeJuan Blair,POWER FORWARD,21,SAN ANTONIO SPURS,81,65,1734,292,583,0,2,90,137,215,350,77,95,42,113,213,674
blakest01,Steve Blake,POINT GUARD,30,LOS ANGELES LAKERS,79,0,1581,110,306,73,193,26,30,19,137,170,40,3,73,99,319
blatcan01,Andray Blatche,POWER FORWARD,24,WASHINGTON WIZARDS,64,63,2172,426,957,4,18,220,283,183,343,144,98,51,172,182,1076
bledser01,Eric Bledsoe,POINT GUARD,21,LOS ANGELES CLIPPERS,81,25,1841,206,486,32,116,99,133,68,155,289,92,26,194,130,543
boganke01,Keith Bogans,SHOOTING GUARD,30,CHICAGO BULLS,82,82,1461,124,307,90,237,21,32,19,129,101,38,9,41,113,359
bogutan01,Andrew Bogut,CENTER,26,MILWAUKEE BUCKS,65,65,2297,367,742,0,4,96,217,199,521,131,47,168,125,217,830
bonnema01,Matt Bonner,POWER FORWARD,30,SAN ANTONIO SPURS,66,1,1432,172,371,105,230,32,43,60,179,60,26,21,27,110,481
booketr01,Trevor Booker,POWER FORWARD,23,WASHINGTON WIZARDS,65,14,1063,139,253,0,1,68,101,98,153,35,29,42,38,115,346
boozeca01,Carlos Boozer,CENTER,29,CHICAGO BULLS,59,59,1882,431,845,0,0,171,244,130,435,145,45,18,149,186,1033
boshch01,Chris Bosh,POWER FORWARD,26,MIAMI HEAT,77,77,2795,524,1056,6,25,384,471,141,500,144,59,49,138,172,1438
boykiea01,Earl Boykins,POINT GUARD,34,MILWAUKEE BUCKS,57,0,862,156,352,27,71,69,82,15,40,141,38,3,52,43,408
brackcr01,Craig Brackins,POWER FORWARD,23,PHILADELPHIA 76ERS,3,0,33,4,16,0,5,0,0,2,2,1,1,0,0,3,8
bradlav01,Avery Bradley,POINT GUARD,20,BOSTON CELTICS,31,0,162,23,67,0,5,6,12,4,13,12,9,0,16,20,52
brandel01,Elton Brand,POWER FORWARD,31,PHILADELPHIA 76ERS,81,81,2809,502,981,0,1,213,273,237,439,120,92,106,101,244,1217
breweco01,Corey Brewer,SMALL FORWARD,24,MINNESOTA TIMBERWOLVES,56,22,1362,168,437,26,99,121,171,45,107,77,89,14,77,134,483
breweco01,Corey Brewer,SHOOTING GUARD,24,DALLAS MAVERICKS,13,2,148,25,51,4,13,15,21,12,11,12,11,2,10,25,69
brewero02,Ronnie Brewer,SHOOTING GUARD,25,CHICAGO BULLS,81,1,1781,205,427,6,27,87,133,55,207,140,106,22,55,82,503
brockjo01,Jon Brockman,CENTER,23,MILWAUKEE BUCKS,63,6,677,48,94,0,0,40,59,74,110,18,14,3,24,119,136
brookaa01,Aaron Brooks,POINT GUARD,26,HOUSTON ROCKETS,34,7,811,134,387,48,169,78,83,11,40,129,21,2,55,69,394
brookaa01,Aaron Brooks,POINT GUARD,26,PHOENIX SUNS,25,5,473,86,200,22,67,46,57,9,18,104,13,1,44,46,240
brownde04,Derrick Brown,SMALL FORWARD,23,CHARLOTTE BOBCATS,41,1,488,62,113,2,6,25,47,32,52,29,16,8,28,48,151
brownde04,Derrick Brown,SMALL FORWARD,23,NEW YORK KNICKS,8,0,88,12,18,3,4,7,13,9,6,4,4,2,7,11,34
brownkw01,Kwame Brown,CENTER,28,CHARLOTTE BOBCATS,66,50,1714,194,375,0,0,136,231,147,303,43,26,39,69,174,524
brownsh01,Shannon Brown,SHOOTING GUARD,25,LOS ANGELES LAKERS,82,0,1568,273,643,74,212,92,101,35,122,96,67,16,75,124,712
bryanko01,Kobe Bryant,SHOOTING GUARD,32,LOS ANGELES LAKERS,82,82,2779,740,1639,115,356,483,583,83,336,388,99,12,243,172,2078
budinch01,Chase Budinger,SMALL FORWARD,22,HOUSTON ROCKETS,78,22,1738,279,656,89,274,118,138,52,229,127,41,18,67,114,765
butleca01,Caron Butler,SMALL FORWARD,30,DALLAS MAVERICKS,29,29,867,170,378,28,65,68,88,22,96,46,28,8,49,59,436
butlera01,Rasual Butler,SHOOTING GUARD,31,LOS ANGELES CLIPPERS,41,2,744,73,226,42,129,18,27,10,66,27,8,15,22,34,206
butlera01,Rasual Butler,SHOOTING GUARD,31,CHICAGO BULLS,6,0,26,6,11,4,7,0,0,0,1,0,0,0,2,3,16
bynuman01,Andrew Bynum,CENTER,23,LOS ANGELES LAKERS,54,47,1500,237,413,0,0,138,209,170,338,73,19,106,74,140,612
bynumwi01,Will Bynum,POINT GUARD,28,DETROIT PISTONS,61,5,1125,182,406,16,50,102,122,15,59,195,52,4,83,113,482
caldejo01,José Calderón,POINT GUARD,29,TORONTO RAPTORS,68,55,2102,262,596,57,156,88,103,30,172,605,81,7,148,143,669
cambyma01,Marcus Camby,CENTER,36,PORTLAND TRAIL BLAZERS,59,51,1540,117,294,0,1,43,70,182,424,121,40,92,62,140,277
caracde01,Derrick Caracter,CENTER,22,LOS ANGELES LAKERS,41,0,215,32,66,0,0,17,23,19,24,7,4,10,19,47,81
cardibr01,Brian Cardinal,SMALL FORWARD,33,DALLAS MAVERICKS,56,4,618,43,100,42,87,17,18,10,49,40,24,7,17,82,145
carnero01,Rodney Carney,SMALL FORWARD,26,GOLDEN STATE WARRIORS,25,1,331,45,107,17,37,18,27,12,35,11,11,5,16,33,125
carnero01,Rodney Carney,SMALL FORWARD,26,MEMPHIS GRIZZLIES,2,0,5,1,3,0,1,0,0,1,0,0,1,0,0,0,2
carrode01,DeMarre Carroll,POWER FORWARD,24,MEMPHIS GRIZZLIES,7,0,39,4,9,0,0,2,2,2,6,2,1,1,0,5,10
carrode01,DeMarre Carroll,POWER FORWARD,24,HOUSTON ROCKETS,5,0,11,0,3,0,0,0,0,0,0,2,0,0,0,0,0
carroma01,Matt Carroll,SHOOTING GUARD,30,CHARLOTTE BOBCATS,54,1,582,89,199,17,46,40,52,12,56,23,17,6,23,43,235
cartean01,Anthony Carter,POINT GUARD,35,DENVER NUGGETS,14,0,153,10,30,4,12,2,2,0,12,26,9,1,14,19,26
cartean01,Anthony Carter,POINT GUARD,35,NEW YORK KNICKS,19,0,310,35,76,8,28,6,6,7,32,43,18,5,25,30,84
cartevi01,Vince Carter,SHOOTING GUARD,34,ORLANDO MAGIC,22,22,664,125,266,27,78,56,75,11,79,64,20,3,36,70,333
cartevi01,Vince Carter,SHOOTING GUARD,34,PHOENIX SUNS,51,41,1387,264,625,89,243,72,98,43,142,82,47,17,54,123,689
casspom01,Omri Casspi,SMALL FORWARD,22,SACRAMENTO KINGS,71,27,1702,225,546,92,247,68,101,74,233,74,54,13,68,115,610
chalmma01,Mario Chalmers,POINT GUARD,24,MIAMI HEAT,70,28,1579,155,388,83,231,54,62,12,134,177,76,7,91,158,447
chandty01,Tyson Chandler,CENTER,28,DALLAS MAVERICKS,74,74,2059,266,407,0,0,216,295,206,486,32,36,80,88,240,748
chandwi01,Wilson Chandler,SMALL FORWARD,23,NEW YORK KNICKS,51,30,1759,328,712,86,245,96,119,62,241,86,34,70,67,152,838
chandwi01,Wilson Chandler,SMALL FORWARD,23,DENVER NUGGETS,21,19,642,101,241,26,75,34,42,13,92,34,14,24,37,47,262
childjo01,Josh Childress,SHOOTING GUARD,27,PHOENIX SUNS,54,3,894,121,214,1,16,29,59,69,86,42,33,23,44,68,272
clarkea01,Earl Clark,SMALL FORWARD,23,PHOENIX SUNS,9,0,72,12,31,0,0,5,10,4,13,4,1,3,2,6,29
clarkea01,Earl Clark,SMALL FORWARD,23,ORLANDO MAGIC,33,0,392,56,127,0,5,22,37,33,51,5,7,15,26,39,134
collija03,Jarron Collins,CENTER,32,LOS ANGELES CLIPPERS,23,0,157,5,15,0,0,7,10,7,10,1,4,1,5,24,17
collija03,Jarron Collins,CENTER,32,PORTLAND TRAIL BLAZERS,5,0,24,1,6,0,0,0,0,7,0,1,0,0,2,5,2
collija04,Jason Collins,CENTER,32,ATLANTA HAWKS,49,28,593,34,71,1,1,27,41,30,72,22,9,9,26,97,96
collish01,Sherron Collins,POINT GUARD,23,CHARLOTTE BOBCATS,20,0,66,7,25,2,10,1,1,0,5,8,2,0,4,2,17
collida01,Darren Collison,POINT GUARD,23,INDIANA PACERS,79,79,2360,398,870,41,124,202,232,40,185,403,87,14,194,109,1039
collini01,Nick Collison,CENTER,30,OKLAHOMA CITY THUNDER,71,2,1524,137,242,0,0,55,73,119,197,69,42,31,55,210,329
conlemi01,Mike Conley,POINT GUARD,23,MEMPHIS GRIZZLIES,81,81,2872,423,953,80,217,181,247,32,215,528,144,18,176,182,1107
cookbr01,Brian Cook,POWER FORWARD,30,LOS ANGELES CLIPPERS,40,0,447,72,170,34,79,15,24,19,77,15,12,11,25,75,193
cookda02,Daequan Cook,SHOOTING GUARD,23,OKLAHOMA CITY THUNDER,43,0,598,79,181,65,154,16,20,8,64,20,14,1,17,51,239
cousima01,Marcus Cousin,CENTER,24,UTAH JAZZ,4,0,18,2,3,0,0,0,0,0,3,0,0,1,1,1,4
couside01,DeMarcus Cousins,CENTER,20,SACRAMENTO KINGS,81,62,2309,432,1004,3,18,276,402,217,482,204,85,68,268,332,1143
crawfja01,Jamal Crawford,SHOOTING GUARD,30,ATLANTA HAWKS,76,0,2297,368,874,119,349,222,260,22,108,241,57,14,145,97,1077
crawfjo02,Jordan Crawford,SHOOTING GUARD,22,ATLANTA HAWKS,16,0,160,27,77,9,27,4,6,9,19,15,3,0,15,13,67
crawfjo02,Jordan Crawford,SHOOTING GUARD,22,WASHINGTON WIZARDS,26,18,867,165,423,24,101,69,78,22,55,102,36,3,68,50,423
cunnida01,Dante Cunningham,POWER FORWARD,23,PORTLAND TRAIL BLAZERS,56,9,1108,126,291,0,4,32,45,73,116,30,39,32,33,139,284
cunnida01,Dante Cunningham,POWER FORWARD,23,CHARLOTTE BOBCATS,22,9,529,92,181,1,9,13,17,23,65,13,15,11,18,38,198
curryst01,Stephen Curry,POINT GUARD,22,GOLDEN STATE WARRIORS,74,74,2489,505,1053,151,342,212,227,52,234,432,109,20,226,233,1373
dalemsa01,Samuel Dalembert,CENTER,29,SACRAMENTO KINGS,80,46,1938,268,567,0,2,108,148,212,445,67,36,116,132,225,644
dampier01,Erick Dampier,CENTER,35,MIAMI HEAT,51,22,815,52,89,0,1,24,44,53,124,22,14,47,32,82,128
daniean01,Antonio Daniels,POINT GUARD,35,PHILADELPHIA 76ERS,4,0,35,2,5,0,2,2,2,0,5,2,0,0,1,0,6
daniema01,Marquis Daniels,SMALL FORWARD,30,BOSTON CELTICS,49,0,938,114,232,4,21,39,57,24,89,64,39,22,38,63,271
davisba01,Baron Davis,POINT GUARD,31,LOS ANGELES CLIPPERS,43,35,1269,214,515,45,152,79,104,29,91,299,62,22,107,114,552
davisba01,Baron Davis,POINT GUARD,31,CLEVELAND CAVALIERS,15,9,380,75,178,36,87,22,27,6,30,92,16,6,39,29,208
davised01,Ed Davis,POWER FORWARD,21,TORONTO RAPTORS,65,17,1602,215,373,0,0,71,128,168,294,40,39,67,48,183,501
davisgl01,Glen Davis,CENTER,25,BOSTON CELTICS,78,13,2298,359,801,2,15,195,265,101,324,92,78,30,85,231,915
dayeau01,Austin Daye,SMALL FORWARD,22,DETROIT PISTONS,72,16,1446,193,471,69,172,82,108,64,210,78,39,39,59,165,537
delfica01,Carlos Delfino,SMALL FORWARD,28,MILWAUKEE BUCKS,49,40,1590,200,513,105,284,60,75,24,176,112,76,8,57,72,565
denglu01,Luol Deng,SMALL FORWARD,25,CHICAGO BULLS,82,82,3208,531,1155,115,333,253,336,116,360,230,78,48,156,162,1430
derozde01,DeMar DeRozan,SHOOTING GUARD,21,TORONTO RAPTORS,82,82,2851,539,1154,5,52,327,402,75,240,148,85,31,144,217,1410
diawbo01,Boris Diaw,POWER FORWARD,28,CHARLOTTE BOBCATS,82,82,2778,381,774,78,226,84,123,105,309,337,74,46,166,190,924
dioguik01,Ike Diogu,POWER FORWARD,27,LOS ANGELES CLIPPERS,36,0,470,83,148,0,0,41,62,41,74,2,3,3,22,72,207
diopde01,DeSagana Diop,CENTER,29,CHARLOTTE BOBCATS,16,0,181,8,24,0,0,4,11,12,28,7,4,15,11,26,20
doolike01,Keyon Dooling,POINT GUARD,30,MILWAUKEE BUCKS,80,22,1757,206,519,81,234,78,94,12,105,243,54,4,91,119,571
dorsejo01,Joey Dorsey,CENTER,27,TORONTO RAPTORS,43,9,522,52,99,0,0,31,65,79,111,27,24,17,39,78,135
douglto01,Toney Douglas,SHOOTING GUARD,24,NEW YORK KNICKS,81,9,1971,314,755,143,383,85,107,65,179,244,89,4,89,177,856
douglch01,Chris Douglas-Roberts,SMALL FORWARD,24,MILWAUKEE BUCKS,44,12,884,117,273,15,46,74,89,7,81,50,29,13,35,73,323
dowdeza01,Zabian Dowdell,POINT GUARD,26,PHOENIX SUNS,24,0,292,51,125,3,10,16,17,5,15,51,20,2,29,30,121
dragigo01,Goran Dragić,POINT GUARD,24,PHOENIX SUNS,48,2,856,133,316,28,101,59,97,24,62,149,36,6,96,90,353
dragigo01,Goran Dragić,POINT GUARD,24,HOUSTON ROCKETS,22,3,378,59,125,28,54,24,36,12,44,55,14,4,21,35,170
dudleja01,Jared Dudley,SMALL FORWARD,25,PHOENIX SUNS,82,15,2140,300,629,105,253,162,218,111,207,108,87,20,77,139,867
duhonch01,Chris Duhon,POINT GUARD,28,ORLANDO MAGIC,51,5,774,49,129,13,52,14,25,9,43,118,16,2,61,30,125
duncati01,Tim Duncan,CENTER,34,SAN ANTONIO SPURS,76,76,2156,419,838,0,4,184,257,169,509,203,50,146,122,119,1022
dunlemi02,Mike Dunleavy,SHOOTING GUARD,30,INDIANA PACERS,61,44,1683,240,520,102,254,100,125,28,248,105,40,30,69,107,682
duprero01,Ronald Dupree,SMALL FORWARD,30,TORONTO RAPTORS,3,0,13,1,4,0,1,0,0,0,3,1,0,0,0,2,2
duranke01,Kevin Durant,SMALL FORWARD,22,OKLAHOMA CITY THUNDER,78,78,3038,711,1538,145,414,594,675,57,476,214,88,76,218,159,2161
ebankde01,Devin Ebanks,SHOOTING GUARD,21,LOS ANGELES LAKERS,20,0,118,21,51,2,5,18,23,15,12,2,4,5,6,7,62
ellinwa01,Wayne Ellington,SHOOTING GUARD,23,MINNESOTA TIMBERWOLVES,62,8,1181,160,397,48,121,42,53,26,82,72,28,3,53,85,410
ellismo01,Monta Ellis,SHOOTING GUARD,25,GOLDEN STATE WARRIORS,80,80,3227,726,1611,137,379,340,431,44,237,450,168,23,252,203,1929
elsonfr01,Francisco Elson,CENTER,34,UTAH JAZZ,62,1,610,54,113,0,0,26,31,35,80,33,21,14,32,84,134
elyme01,Melvin Ely,CENTER,32,DENVER NUGGETS,30,2,366,28,51,0,0,13,21,27,47,14,4,11,14,50,69
erdense01,Semih Erden,CENTER,24,BOSTON CELTICS,37,7,531,58,97,0,0,34,54,31,76,19,13,21,32,92,150
erdense01,Semih Erden,CENTER,24,CLEVELAND CAVALIERS,4,1,64,4,14,0,0,5,6,6,5,1,2,3,2,12,13
evansje01,Jeremy Evans,SMALL FORWARD,23,UTAH JAZZ,49,3,463,76,115,0,1,26,37,36,61,24,17,17,19,50,178
evansma01,Maurice Evans,SMALL FORWARD,32,ATLANTA HAWKS,47,12,837,79,201,28,89,24,28,23,61,30,16,5,15,74,210
evansma01,Maurice Evans,SMALL FORWARD,32,WASHINGTON WIZARDS,26,12,712,98,223,27,78,28,30,29,43,15,18,9,18,55,251
evansre01,Reggie Evans,POWER FORWARD,30,TORONTO RAPTORS,30,18,798,42,103,0,1,48,88,119,226,38,29,6,39,89,132
evansty01,Tyreke Evans,SHOOTING GUARD,21,SACRAMENTO KINGS,57,53,2107,382,933,43,148,205,266,46,229,319,85,30,184,143,1012
ewingpa02,Patrick Ewing,SMALL FORWARD,26,NEW ORLEANS HORNETS,7,0,19,0,5,0,2,3,4,1,1,2,0,1,1,1,3
eyengch01,Christian Eyenga,SMALL FORWARD,21,CLEVELAND CAVALIERS,44,18,947,130,306,25,91,18,28,27,96,35,34,28,47,78,303
farmajo01,Jordan Farmar,POINT GUARD,24,NEW JERSEY NETS,73,18,1796,255,651,109,304,82,100,24,149,368,62,6,139,128,701
favorde01,Derrick Favors,POWER FORWARD,19,NEW JERSEY NETS,56,23,1091,141,276,0,0,71,116,126,171,21,18,41,56,183,353
favorde01,Derrick Favors,POWER FORWARD,19,UTAH JAZZ,22,4,444,74,140,0,0,32,57,45,70,18,11,27,21,63,180
feltora01,Raymond Felton,POINT GUARD,26,NEW YORK KNICKS,54,54,2074,339,801,88,268,157,181,40,154,488,97,11,176,113,923
feltora01,Raymond Felton,SHOOTING GUARD,26,DENVER NUGGETS,21,0,663,88,204,28,61,37,60,8,67,137,28,0,45,37,241
fernaru01,Rudy Fernández,SHOOTING GUARD,25,PORTLAND TRAIL BLAZERS,78,3,1821,213,575,116,361,126,146,37,135,193,87,14,88,134,668
fesenky01,Kyrylo Fesenko,CENTER,24,UTAH JAZZ,53,1,456,44,100,0,1,18,46,34,74,18,4,16,25,90,106
fieldla01,Landry Fields,SHOOTING GUARD,22,NEW YORK KNICKS,82,81,2541,299,602,86,219,113,147,105,416,155,80,17,107,114,797
fishede01,Derek Fisher,POINT GUARD,36,LOS ANGELES LAKERS,82,82,2297,206,529,63,159,83,103,14,138,224,99,8,70,192,558
flynnjo01,Jonny Flynn,POINT GUARD,21,MINNESOTA TIMBERWOLVES,53,8,983,108,296,31,100,32,42,12,65,182,34,3,113,58,279
forbega01,Gary Forbes,SMALL FORWARD,25,DENVER NUGGETS,63,11,791,124,273,19,58,59,87,28,88,49,23,6,46,77,326
fordtj01,T.J. Ford,POINT GUARD,27,INDIANA PACERS,41,3,773,91,236,6,32,35,48,17,64,141,35,8,63,69,223
fosteje01,Jeff Foster,CENTER,34,INDIANA PACERS,56,3,940,80,167,0,3,27,48,160,190,46,24,31,26,127,187
foyera01,Randy Foye,SHOOTING GUARD,27,LOS ANGELES CLIPPERS,63,24,1551,206,531,71,217,133,149,13,90,170,47,21,95,122,616
fryech01,Channing Frye,POWER FORWARD,27,PHOENIX SUNS,77,64,2541,358,829,171,439,89,107,65,448,96,46,79,73,272,976
gadzuda01,Dan Gadzuric,CENTER,32,GOLDEN STATE WARRIORS,28,4,297,37,88,0,1,5,14,53,33,11,10,18,21,63,79
gadzuda01,Dan Gadzuric,POWER FORWARD,32,NEW JERSEY NETS,14,5,166,17,41,0,0,5,13,18,31,3,3,11,8,28,39
gainesu01,Sundiata Gaines,POINT GUARD,24,MINNESOTA TIMBERWOLVES,8,0,65,7,22,2,6,5,10,1,5,6,3,0,6,4,21
gainesu01,Sundiata Gaines,POINT GUARD,24,TORONTO RAPTORS,6,0,90,15,35,3,15,2,6,2,6,11,4,1,8,10,35
gainesu01,Sundiata Gaines,POINT GUARD,24,NEW JERSEY NETS,10,0,146,20,48,4,17,11,20,10,14,25,9,0,13,11,55
gallida01,Danilo Gallinari,POWER FORWARD,22,NEW YORK KNICKS,48,48,1671,211,509,83,239,259,290,48,181,82,38,18,58,117,764
gallida01,Danilo Gallinari,SMALL FORWARD,22,DENVER NUGGETS,14,12,433,54,131,20,54,78,101,11,65,22,13,9,25,27,206
garcifr01,Francisco García,SMALL FORWARD,29,SACRAMENTO KINGS,58,34,1386,207,475,81,224,65,76,24,109,71,51,49,45,126,560
garneke01,Kevin Garnett,POWER FORWARD,34,BOSTON CELTICS,71,71,2220,434,822,1,5,187,217,83,548,171,95,57,115,148,1056
gasolma01,Marc Gasol,CENTER,26,MEMPHIS GRIZZLIES,81,81,2586,364,691,3,7,220,294,154,415,200,74,136,146,265,951
gasolpa01,Pau Gasol,CENTER,30,LOS ANGELES LAKERS,82,82,3037,593,1120,1,3,354,430,268,568,273,48,130,142,203,1541
gayru01,Rudy Gay,SMALL FORWARD,24,MEMPHIS GRIZZLIES,54,54,2152,409,869,57,144,194,241,82,254,153,91,58,135,131,1069
geeal01,Alonzo Gee,SHOOTING GUARD,23,SAN ANTONIO SPURS,5,0,18,1,3,0,0,0,0,2,1,0,0,2,3,3,2
geeal01,Alonzo Gee,SHOOTING GUARD,23,WASHINGTON WIZARDS,11,5,127,12,27,0,2,8,12,11,11,5,7,0,8,10,32
geeal01,Alonzo Gee,SHOOTING GUARD,23,CLEVELAND CAVALIERS,40,29,973,108,234,17,49,64,80,49,108,33,33,16,44,81,297
georgpa01,Paul George,SHOOTING GUARD,20,INDIANA PACERS,61,19,1265,179,395,41,138,77,101,37,187,65,62,26,70,127,476
gibsoda01,Daniel Gibson,SHOOTING GUARD,24,CLEVELAND CAVALIERS,67,15,1865,264,660,118,293,134,163,24,153,201,48,21,80,154,780
gibsota01,Taj Gibson,POWER FORWARD,25,CHICAGO BULLS,80,19,1742,234,502,1,8,100,148,162,296,58,39,106,71,203,569
ginobma01,Manu Ginóbili,SHOOTING GUARD,33,SAN ANTONIO SPURS,80,79,2426,441,1018,154,441,357,410,42,253,393,123,28,174,163,1393
gomesry01,Ryan Gomes,SMALL FORWARD,28,LOS ANGELES CLIPPERS,76,62,2095,207,505,72,211,61,85,61,193,118,62,12,55,159,547
goodedr01,Drew Gooden,POWER FORWARD,29,MILWAUKEE BUCKS,35,18,860,156,362,3,20,81,102,73,165,47,21,18,46,98,396
gordobe01,Ben Gordon,SHOOTING GUARD,27,DETROIT PISTONS,82,27,2131,339,770,107,266,136,160,41,154,171,48,16,141,178,921
gordoer01,Eric Gordon,SHOOTING GUARD,22,LOS ANGELES CLIPPERS,56,56,2112,427,949,106,291,287,348,45,119,244,71,18,151,115,1247
gortama01,Marcin Gortat,CENTER,26,ORLANDO MAGIC,25,2,396,44,81,0,0,12,18,38,80,17,7,21,17,52,100
gortama01,Marcin Gortat,CENTER,26,PHOENIX SUNS,55,12,1636,294,522,1,4,128,175,110,403,53,29,70,64,136,717
grahajo01,Joey Graham,SMALL FORWARD,28,CLEVELAND CAVALIERS,39,8,586,82,179,9,30,29,36,8,76,18,6,7,28,73,202
grahast01,Stephen Graham,SHOOTING GUARD,28,NEW JERSEY NETS,59,28,959,81,200,5,21,31,38,17,106,40,14,1,38,106,198
grangda01,Danny Granger,SMALL FORWARD,27,INDIANA PACERS,79,79,2763,535,1260,157,407,395,466,87,338,203,89,62,206,213,1622
grayaa01,Aaron Gray,CENTER,26,NEW ORLEANS HORNETS,41,6,531,56,99,0,0,17,34,59,112,16,11,12,32,96,129
greenda02,Danny Green,SHOOTING GUARD,23,SAN ANTONIO SPURS,8,0,92,17,35,7,19,0,0,3,12,2,2,1,5,7,41
greenje02,Jeff Green,POWER FORWARD,24,OKLAHOMA CITY THUNDER,49,49,1815,270,618,56,184,148,181,57,217,89,40,21,76,142,744
greenje02,Jeff Green,SMALL FORWARD,24,BOSTON CELTICS,26,2,612,98,202,8,27,50,63,16,70,19,13,16,23,68,254
greenwi01,Willie Green,SHOOTING GUARD,29,NEW ORLEANS HORNETS,77,13,1674,270,609,54,155,78,100,22,139,74,36,13,67,143,672
greendo01,Donté Greene,SMALL FORWARD,22,SACRAMENTO KINGS,69,21,1127,156,386,45,154,43,65,49,98,48,36,20,60,88,400
greenor01,Orien Greene,SHOOTING GUARD,28,NEW JERSEY NETS,3,0,5,1,2,0,0,1,2,0,0,1,1,0,0,0,3
griffbl01,Blake Griffin,POWER FORWARD,21,LOS ANGELES CLIPPERS,82,82,3112,696,1376,7,24,446,695,270,719,312,63,45,223,252,1845
haddaha01,Hamed Haddadi,CENTER,25,MEMPHIS GRIZZLIES,31,0,168,30,58,0,1,15,23,24,44,5,2,13,11,29,75
hamilri01,Richard Hamilton,SHOOTING GUARD,32,DETROIT PISTONS,55,39,1498,288,671,55,144,146,172,24,102,171,39,4,88,95,777
hansbty01,Tyler Hansbrough,POWER FORWARD,25,INDIANA PACERS,70,29,1535,285,613,0,2,197,253,145,221,41,37,15,76,160,767
haranlu01,Luke Harangody,POWER FORWARD,23,BOSTON CELTICS,28,0,241,28,71,2,10,5,8,17,38,10,4,7,5,36,63
haranlu01,Luke Harangody,POWER FORWARD,23,CLEVELAND CAVALIERS,21,0,399,51,135,14,56,14,18,23,65,20,11,10,11,44,130
hardeja01,James Harden,SHOOTING GUARD,21,OKLAHOMA CITY THUNDER,82,5,2189,298,684,113,324,289,343,42,213,176,92,24,106,207,998
harrial01,Al Harrington,POWER FORWARD,30,DENVER NUGGETS,73,3,1665,281,675,117,328,86,117,76,256,101,39,10,106,202,765
harride01,Devin Harris,POINT GUARD,27,NEW JERSEY NETS,54,54,1724,260,612,33,110,258,307,11,118,411,57,5,158,130,811
harride01,Devin Harris,POINT GUARD,27,UTAH JAZZ,17,16,530,83,201,25,70,77,95,6,34,92,13,2,49,33,268
harrima01,Manny Harris,SHOOTING GUARD,21,CLEVELAND CAVALIERS,54,15,933,108,289,34,92,71,93,36,104,85,31,7,63,65,321
harrimi01,Mike Harris,POWER FORWARD,27,HOUSTON ROCKETS,4,0,16,3,6,0,0,2,4,2,3,1,0,1,1,2,8
hasleud01,Udonis Haslem,POWER FORWARD,30,MIAMI HEAT,13,0,345,44,86,0,0,16,20,29,77,6,7,3,14,39,104
hawessp01,Spencer Hawes,CENTER,22,PHILADELPHIA 76ERS,81,81,1718,264,568,9,37,47,88,129,336,121,29,71,97,201,584
hayesch01,Chuck Hayes,CENTER,27,HOUSTON ROCKETS,74,63,2079,244,463,0,2,94,142,219,380,202,79,49,86,200,582
haywago01,Gordon Hayward,SMALL FORWARD,20,UTAH JAZZ,72,17,1218,142,293,35,74,69,97,41,98,81,30,19,70,106,388
haywala01,Lazar Hayward,SMALL FORWARD,24,MINNESOTA TIMBERWOLVES,42,0,419,55,154,17,60,33,42,23,47,28,12,7,19,44,160
haywobr01,Brendan Haywood,CENTER,31,DALLAS MAVERICKS,72,8,1331,128,223,0,1,64,177,129,247,19,16,74,51,146,320
headlu01,Luther Head,POINT GUARD,28,SACRAMENTO KINGS,36,14,586,68,164,25,64,39,50,16,44,70,10,9,32,43,200
hendege02,Gerald Henderson,SHOOTING GUARD,23,CHARLOTTE BOBCATS,68,30,1661,259,570,7,36,128,163,49,158,101,50,32,64,118,653
henryxa01,Xavier Henry,SHOOTING GUARD,19,MEMPHIS GRIZZLIES,38,16,527,65,160,2,17,33,52,9,28,18,11,3,13,48,165
hibbero01,Roy Hibbert,CENTER,24,INDIANA PACERS,81,80,2244,410,890,0,4,205,275,182,428,166,33,142,185,256,1025
hicksjj01,J.J. Hickson,CENTER,22,CLEVELAND CAVALIERS,80,66,2256,429,936,0,5,247,367,217,478,91,48,54,173,215,1105
hilarne01,Nenê,CENTER,28,DENVER NUGGETS,75,75,2291,402,654,1,5,286,402,145,426,149,84,73,134,238,1091
hillge01,George Hill,POINT GUARD,24,SAN ANTONIO SPURS,76,5,2148,287,633,77,204,233,270,24,175,193,66,21,99,153,884
hillgr01,Grant Hill,SMALL FORWARD,38,PHOENIX SUNS,80,80,2409,399,825,45,114,213,257,77,261,200,64,35,134,184,1056
hilljo01,Jordan Hill,CENTER,23,HOUSTON ROCKETS,72,11,1125,173,352,0,2,60,85,128,178,29,14,52,62,157,406
hinriki01,Kirk Hinrich,SHOOTING GUARD,30,WASHINGTON WIZARDS,48,29,1471,198,438,43,112,92,105,14,115,210,56,10,84,119,531
hinriki01,Kirk Hinrich,POINT GUARD,30,ATLANTA HAWKS,24,22,686,80,185,32,76,14,21,7,46,78,19,7,37,66,206
holidjr01,Jrue Holiday,POINT GUARD,20,PHILADELPHIA 76ERS,82,82,2901,446,999,81,222,172,209,68,264,531,120,29,218,203,1145
holliry01,Ryan Hollins,CENTER,26,CLEVELAND CAVALIERS,70,16,1182,131,219,0,0,111,163,70,116,26,22,42,67,199,373
horfoal01,Al Horford,CENTER,24,ATLANTA HAWKS,77,77,2704,513,921,2,4,150,188,182,536,266,59,80,119,193,1178
houseed01,Eddie House,SHOOTING GUARD,32,MIAMI HEAT,56,1,978,128,321,68,175,38,40,9,83,62,32,3,29,68,362
howardw01,Dwight Howard,CENTER,25,ORLANDO MAGIC,78,78,2935,619,1044,0,7,546,916,309,789,107,107,186,279,258,1784
howarjo01,Josh Howard,SMALL FORWARD,30,WASHINGTON WIZARDS,18,10,409,58,162,7,29,29,47,18,56,24,13,5,20,34,152
howarju01,Juwan Howard,POWER FORWARD,37,MIAMI HEAT,57,0,592,55,125,0,0,29,35,36,86,23,10,4,25,61,139
hudsole01,Lester Hudson,POINT GUARD,26,WASHINGTON WIZARDS,11,0,73,6,24,4,15,2,4,1,4,17,4,1,7,10,18
humphkr01,Kris Humphries,POWER FORWARD,25,NEW JERSEY NETS,74,44,2061,307,583,0,1,127,191,225,546,84,33,80,103,168,741
ibakase01,Serge Ibaka,POWER FORWARD,21,OKLAHOMA CITY THUNDER,82,44,2216,335,617,0,1,138,184,214,408,22,31,198,71,267,808
iguodan01,Andre Iguodala,SMALL FORWARD,27,PHILADELPHIA 76ERS,67,67,2469,338,759,61,181,208,300,61,326,422,101,38,138,109,945
ilgauzy01,Zydrunas Ilgauskas,CENTER,35,MIAMI HEAT,72,51,1145,162,319,0,1,36,46,108,179,26,23,58,52,185,360
mbengdj01,D.J. Mbenga,CENTER,30,NEW ORLEANS HORNETS,41,0,330,23,49,0,0,13,18,35,51,6,6,27,21,52,59
ilyaser01,Ersan İlyasova,POWER FORWARD,23,MILWAUKEE BUCKS,60,34,1505,221,507,36,121,93,104,105,260,56,51,24,63,159,571
iveyro01,Royal Ivey,SHOOTING GUARD,29,OKLAHOMA CITY THUNDER,25,0,155,16,38,7,16,2,2,2,14,7,6,1,5,17,41
jackja01,Jarrett Jack,POINT GUARD,27,TORONTO RAPTORS,13,13,347,48,122,4,24,40,46,6,36,59,14,0,34,25,140
jackja01,Jarrett Jack,SHOOTING GUARD,27,NEW ORLEANS HORNETS,70,2,1375,212,515,29,84,142,168,14,117,183,40,6,76,77,595
jacksda01,Darnell Jackson,POWER FORWARD,25,SACRAMENTO KINGS,59,2,486,77,158,3,11,30,49,49,45,14,12,3,23,61,187
jacksst02,Stephen Jackson,SHOOTING GUARD,32,CHARLOTTE BOBCATS,67,67,2405,435,1059,121,359,249,305,53,251,241,80,28,209,161,1240
jamesda01,Damion James,SMALL FORWARD,23,NEW JERSEY NETS,25,9,403,46,103,0,3,18,28,17,68,20,16,12,25,36,110
jamesle01,LeBron James,SMALL FORWARD,26,MIAMI HEAT,79,79,3063,758,1485,92,279,503,663,80,510,554,124,50,284,163,2111
jamisan01,Antawn Jamison,POWER FORWARD,34,CLEVELAND CAVALIERS,56,38,1842,374,876,91,263,171,234,86,289,93,50,30,77,137,1010
jeffeot01,Othyus Jeffers,SHOOTING GUARD,25,SAN ANTONIO SPURS,1,0,8,1,3,0,0,0,0,0,2,1,0,0,1,1,2
jeffeot01,Othyus Jeffers,SHOOTING GUARD,25,WASHINGTON WIZARDS,16,1,314,30,62,1,4,30,46,25,40,19,17,0,13,31,91
jeffeal01,Al Jefferson,CENTER,26,UTAH JAZZ,82,82,2940,654,1319,0,0,220,289,235,559,149,46,153,105,238,1528
jefferi01,Richard Jefferson,SMALL FORWARD,30,SAN ANTONIO SPURS,81,81,2459,304,642,135,307,148,195,54,256,107,38,34,93,164,891
jeffrja01,Jared Jeffries,POWER FORWARD,29,HOUSTON ROCKETS,18,0,138,11,36,1,6,4,10,20,15,11,7,3,4,21,27
jeffrja01,Jared Jeffries,POWER FORWARD,29,NEW YORK KNICKS,24,9,463,19,50,1,3,8,19,42,39,25,24,14,17,54,47
jennibr01,Brandon Jennings,POINT GUARD,21,MILWAUKEE BUCKS,63,61,2169,361,926,98,303,199,246,42,192,305,95,21,146,131,1019
jetereu01,Eugene Jeter,POINT GUARD,27,SACRAMENTO KINGS,62,1,858,106,259,6,30,37,41,9,61,162,29,2,51,54,255
jianlyi01,Yi Jianlian,POWER FORWARD,23,WASHINGTON WIZARDS,63,11,1112,145,347,3,13,62,91,79,169,25,27,32,51,115,355
johnsam01,Amir Johnson,POWER FORWARD,23,TORONTO RAPTORS,72,54,1853,281,495,0,1,126,160,189,272,81,53,88,69,263,688
johnsar02,Armon Johnson,POINT GUARD,21,PORTLAND TRAIL BLAZERS,38,0,277,46,101,5,12,13,22,11,25,45,5,1,38,31,110
johnsch03,Chris Johnson,CENTER,25,PORTLAND TRAIL BLAZERS,10,1,106,7,18,0,0,13,18,11,16,2,3,6,8,18,27
johnsch03,Chris Johnson,CENTER,25,BOSTON CELTICS,4,0,32,2,3,0,0,2,2,1,4,1,0,3,2,3,6
johnsja01,James Johnson,SMALL FORWARD,23,CHICAGO BULLS,13,0,123,17,41,2,9,6,13,6,18,14,8,9,18,25,42
johnsja01,James Johnson,SMALL FORWARD,23,TORONTO RAPTORS,25,25,699,91,196,6,25,41,58,31,87,75,25,28,46,70,229
johnsjo02,Joe Johnson,SHOOTING GUARD,29,ATLANTA HAWKS,72,72,2554,514,1161,89,300,195,243,59,232,338,47,7,146,131,1312
johnstr01,Trey Johnson,SHOOTING GUARD,26,TORONTO RAPTORS,7,0,81,10,30,1,3,7,8,2,5,11,1,1,5,11,28
johnstr01,Trey Johnson,SHOOTING GUARD,26,LOS ANGELES LAKERS,1,0,13,2,3,0,0,2,2,0,0,0,0,0,0,1,6
johnswe01,Wesley Johnson,SHOOTING GUARD,23,MINNESOTA TIMBERWOLVES,79,63,2069,271,682,103,289,64,92,51,189,148,58,54,95,163,709
jonesda02,Dahntay Jones,SHOOTING GUARD,30,INDIANA PACERS,45,2,589,100,214,14,39,69,90,4,61,33,20,7,31,70,283
jonesdo02,Dominique Jones,SHOOTING GUARD,22,DALLAS MAVERICKS,18,0,135,14,45,0,4,14,17,6,19,19,5,3,10,7,42
jonesja02,James Jones,SMALL FORWARD,30,MIAMI HEAT,81,8,1549,146,346,123,287,60,72,23,137,43,29,19,21,129,475
jonesso01,Solomon Jones,CENTER,26,INDIANA PACERS,39,0,528,49,121,0,1,41,62,45,68,30,12,22,35,94,139
jordade01,DeAndre Jordan,CENTER,22,LOS ANGELES CLIPPERS,80,66,2047,234,341,0,1,98,217,207,368,42,41,142,101,255,566
kamanch01,Chris Kaman,CENTER,28,LOS ANGELES CLIPPERS,32,15,838,177,376,0,0,43,57,51,174,46,16,48,58,75,397
kaponja01,Jason Kapono,SMALL FORWARD,29,PHILADELPHIA 76ERS,24,2,112,7,28,1,8,1,2,3,8,4,2,1,2,4,16
kiddja01,Jason Kidd,POINT GUARD,37,DALLAS MAVERICKS,80,80,2653,215,596,133,391,67,77,35,316,655,134,29,179,119,630
kirilan01,Andrei Kirilenko,SMALL FORWARD,29,UTAH JAZZ,64,62,1999,253,542,36,98,208,270,100,227,192,81,74,117,113,750
kleizli01,Linas Kleiza,SMALL FORWARD,26,TORONTO RAPTORS,39,23,1032,178,406,39,131,41,65,37,140,40,19,7,65,99,436
korveky01,Kyle Korver,SHOOTING GUARD,29,CHICAGO BULLS,82,0,1649,242,557,120,289,77,87,12,138,124,35,20,60,156,681
koufoko01,Kosta Koufos,CENTER,21,MINNESOTA TIMBERWOLVES,39,1,336,47,108,0,2,12,24,42,55,7,8,20,25,50,106
koufoko01,Kosta Koufos,CENTER,21,DENVER NUGGETS,11,1,98,21,42,0,0,12,19,15,18,0,2,5,6,9,54
krstine01,Nenad Krstić,CENTER,27,OKLAHOMA CITY THUNDER,47,47,1018,152,305,0,0,53,66,77,130,19,18,17,33,107,357
krstine01,Nenad Krstić,CENTER,27,BOSTON CELTICS,24,20,553,79,147,0,0,60,80,47,81,8,8,8,23,77,218
landrca01,Carl Landry,POWER FORWARD,27,SACRAMENTO KINGS,53,16,1406,238,484,0,3,155,215,127,126,50,30,20,82,125,631
landrca01,Carl Landry,POWER FORWARD,27,NEW ORLEANS HORNETS,23,10,602,107,203,0,1,58,73,38,56,13,10,12,27,71,272
lawac01,Acie Law,POINT GUARD,26,MEMPHIS GRIZZLIES,11,0,94,3,19,0,6,6,10,3,8,14,4,0,10,10,12
lawac01,Acie Law,POINT GUARD,26,GOLDEN STATE WARRIORS,40,0,632,78,167,6,30,41,54,9,43,70,28,0,33,51,203
lawalga01,Gani Lawal,POWER FORWARD,22,PHOENIX SUNS,1,0,2,0,0,0,0,0,0,0,0,0,0,0,0,1,0
lawsoty01,Ty Lawson,POINT GUARD,23,DENVER NUGGETS,80,31,2103,346,688,69,171,172,225,67,142,377,80,4,137,133,933
leeco01,Courtney Lee,SHOOTING GUARD,25,HOUSTON ROCKETS,81,1,1723,253,576,71,174,95,120,51,158,100,58,18,68,102,672
leeda02,David Lee,POWER FORWARD,27,GOLDEN STATE WARRIORS,73,73,2634,496,978,1,3,210,267,217,497,233,74,31,170,211,1203
lewisra02,Rashard Lewis,POWER FORWARD,31,ORLANDO MAGIC,25,25,810,113,270,44,120,34,45,23,83,29,22,10,35,63,304
lewisra02,Rashard Lewis,SMALL FORWARD,31,WASHINGTON WIZARDS,32,27,1014,139,312,43,124,43,51,48,136,63,30,20,52,96,364
linje01,Jeremy Lin,POINT GUARD,22,GOLDEN STATE WARRIORS,29,0,285,28,72,1,5,19,25,12,22,42,33,9,18,31,76
livinsh01,Shaun Livingston,POINT GUARD,25,CHARLOTTE BOBCATS,73,0,1261,185,397,1,4,108,125,29,120,164,47,29,88,109,479
lopezbr01,Brook Lopez,CENTER,22,NEW JERSEY NETS,82,82,2889,644,1309,0,1,385,489,197,291,129,47,120,176,240,1673
lopezro01,Robin Lopez,CENTER,22,PHOENIX SUNS,67,56,991,179,357,0,0,74,100,82,134,8,18,45,48,143,432
loveke01,Kevin Love,POWER FORWARD,22,MINNESOTA TIMBERWOLVES,73,73,2611,482,1026,88,211,424,499,330,782,184,45,28,155,148,1476
lowryky01,Kyle Lowry,POINT GUARD,24,HOUSTON ROCKETS,75,71,2563,345,809,129,343,192,251,89,220,500,102,23,158,207,1011
lucasjo02,John Lucas III,POINT GUARD,28,CHICAGO BULLS,2,0,10,1,3,0,1,0,2,0,0,1,0,0,0,0,2
maggeco01,Corey Maggette,SMALL FORWARD,31,MILWAUKEE BUCKS,67,18,1401,253,559,28,78,271,325,44,197,84,21,5,127,175,805
magloja01,Jamaal Magloire,CENTER,32,MIAMI HEAT,18,0,158,13,22,0,0,9,18,17,44,3,4,2,5,26,35
mahinia01,Ian Mahinmi,CENTER,24,DALLAS MAVERICKS,56,0,488,55,98,0,2,63,82,43,77,8,14,15,25,105,173
mariosh01,Shawn Marion,SMALL FORWARD,32,DALLAS MAVERICKS,80,27,2253,434,834,5,33,126,164,168,383,110,68,50,130,144,999
marksse01,Sean Marks,CENTER,35,PORTLAND TRAIL BLAZERS,29,0,208,19,44,2,2,5,8,16,24,4,3,5,11,44,45
martica01,Cartier Martin,SMALL FORWARD,26,WASHINGTON WIZARDS,52,1,542,71,182,39,99,28,40,20,54,18,18,6,16,52,209
martike01,Kenyon Martin,POWER FORWARD,33,DENVER NUGGETS,48,48,1233,185,362,2,9,42,72,67,230,109,43,35,59,136,414
martike02,Kevin Martin,SHOOTING GUARD,27,HOUSTON ROCKETS,80,80,2603,553,1267,176,459,594,669,28,230,198,80,15,184,155,1876
masonro01,Roger Mason,SHOOTING GUARD,30,NEW YORK KNICKS,26,0,319,26,77,16,44,7,10,5,38,20,6,2,6,25,75
matthwe02,Wesley Matthews,SHOOTING GUARD,24,PORTLAND TRAIL BLAZERS,82,69,2758,440,979,154,378,266,315,48,210,164,102,9,138,195,1300
maxieja01,Jason Maxiell,POWER FORWARD,27,DETROIT PISTONS,57,14,930,93,189,0,0,51,99,66,107,17,24,21,44,92,237
maynoer01,Eric Maynor,POINT GUARD,23,OKLAHOMA CITY THUNDER,82,0,1200,134,333,37,96,43,59,25,96,238,35,6,77,96,348
mayooj01,O.J. Mayo,SHOOTING GUARD,23,MEMPHIS GRIZZLIES,71,17,1869,304,747,96,264,99,131,35,135,145,73,26,99,127,803
mbahalu01,Luc Mbah a Moute,POWER FORWARD,24,MILWAUKEE BUCKS,79,52,2093,198,428,0,7,133,188,169,251,68,72,28,77,180,529
mcdyean01,Antonio McDyess,POWER FORWARD,36,SAN ANTONIO SPURS,73,16,1387,169,344,0,1,52,77,122,273,84,36,39,72,163,390
mcgeeja01,JaVale McGee,CENTER,23,WASHINGTON WIZARDS,79,75,2193,332,604,0,3,134,230,223,411,38,41,193,102,232,798
mcgratr01,Tracy McGrady,SHOOTING GUARD,31,DETROIT PISTONS,72,39,1686,227,514,30,88,90,129,49,202,252,66,34,102,101,574
mcguido01,Dominic McGuire,SMALL FORWARD,25,CHARLOTTE BOBCATS,52,8,760,72,182,0,2,30,39,63,136,43,10,33,25,94,174
mcrobjo01,Josh McRoberts,POWER FORWARD,23,INDIANA PACERS,72,51,1597,211,386,23,60,88,119,109,273,150,47,57,93,165,533
meeksjo01,Jodie Meeks,SHOOTING GUARD,23,PHILADELPHIA 76ERS,74,64,2062,242,570,138,348,152,170,21,150,78,63,4,60,97,774
mensapo01,Pops Mensah-Bonsu,POWER FORWARD,27,NEW ORLEANS HORNETS,7,0,35,1,3,0,0,0,0,3,8,2,0,0,2,11,2
milescj01,C.J. Miles,SMALL FORWARD,23,UTAH JAZZ,78,19,1969,366,899,109,339,159,196,54,201,135,74,38,93,221,1000
milicda01,Darko Miličić,CENTER,25,MINNESOTA TIMBERWOLVES,69,69,1686,271,578,0,0,64,115,133,227,104,54,140,151,229,606
millean02,Andre Miller,POINT GUARD,34,PORTLAND TRAIL BLAZERS,81,81,2650,388,844,4,37,249,292,97,205,566,114,12,197,171,1029
millebr01,Brad Miller,CENTER,34,HOUSTON ROCKETS,60,5,1015,132,296,40,107,78,94,44,178,145,28,21,54,98,382
millemi01,Mike Miller,SHOOTING GUARD,30,MIAMI HEAT,41,2,838,81,202,43,118,23,34,38,146,51,20,2,41,88,228
millspa02,Patty Mills,POINT GUARD,22,PORTLAND TRAIL BLAZERS,64,0,783,135,328,47,133,36,47,19,32,109,27,1,62,63,353
millspa01,Paul Millsap,POWER FORWARD,25,UTAH JAZZ,76,76,2605,525,988,9,23,256,338,164,415,187,103,69,145,272,1315
mingya01,Yao Ming,CENTER,30,HOUSTON ROCKETS,5,5,91,18,37,0,0,15,16,7,20,4,0,8,7,13,51
mohamna01,Nazr Mohammed,CENTER,33,CHARLOTTE BOBCATS,51,30,851,159,317,0,1,52,88,94,158,17,14,46,51,121,370
mohamna01,Nazr Mohammed,CENTER,33,OKLAHOMA CITY THUNDER,24,7,429,75,131,0,0,15,24,46,70,6,16,10,19,63,165
monrogr01,Greg Monroe,CENTER,20,DETROIT PISTONS,80,48,2222,303,550,0,1,145,233,248,353,105,93,45,81,196,751
moonja01,Jamario Moon,SMALL FORWARD,30,CLEVELAND CAVALIERS,40,13,764,76,189,27,95,10,11,14,104,45,25,27,17,39,189
moonja01,Jamario Moon,SMALL FORWARD,30,LOS ANGELES CLIPPERS,19,7,278,25,59,11,28,5,6,9,38,7,3,6,5,26,66
morroan01,Anthony Morrow,SHOOTING GUARD,25,NEW JERSEY NETS,58,47,1856,279,620,110,260,96,107,37,135,68,19,7,54,135,764
mozgoti01,Timofey Mozgov,CENTER,24,NEW YORK KNICKS,34,14,458,52,112,0,0,31,44,41,63,15,14,23,32,76,135
mozgoti01,Timofey Mozgov,CENTER,24,DENVER NUGGETS,11,0,66,11,21,0,0,6,8,5,12,0,1,2,3,8,28
mulleby01,Byron Mullens,POWER FORWARD,21,OKLAHOMA CITY THUNDER,13,0,85,9,28,0,0,7,14,6,18,0,2,3,8,11,25
murphtr01,Troy Murphy,POWER FORWARD,30,NEW JERSEY NETS,18,4,288,26,76,4,23,9,17,11,64,17,7,2,13,28,65
murphtr01,Troy Murphy,POWER FORWARD,30,BOSTON CELTICS,17,0,178,16,38,1,10,11,13,11,27,6,8,1,7,19,44
ndiayha01,Hamady N'Diaye,CENTER,24,WASHINGTON WIZARDS,16,0,80,4,5,0,0,6,12,2,5,0,2,5,3,18,14
najered01,Eduardo Nájera,POWER FORWARD,34,CHARLOTTE BOBCATS,31,0,372,26,72,11,34,6,11,14,30,20,11,6,13,52,69
nashst01,Steve Nash,POINT GUARD,36,PHOENIX SUNS,75,75,2497,399,811,81,205,227,249,40,220,855,48,4,265,87,1106
nealga01,Gary Neal,SHOOTING GUARD,26,SAN ANTONIO SPURS,80,1,1685,285,632,129,308,84,104,21,175,96,27,4,78,148,783
nelsoja01,Jameer Nelson,POINT GUARD,28,ORLANDO MAGIC,76,76,2319,374,838,119,297,130,162,37,189,456,75,3,194,209,997
noahjo01,Joakim Noah,CENTER,25,CHICAGO BULLS,48,48,1576,211,402,0,1,139,188,182,316,107,48,72,90,156,561
nocioan01,Andrés Nocioni,SMALL FORWARD,31,PHILADELPHIA 76ERS,54,17,931,118,277,42,118,49,61,19,150,45,14,15,47,100,327
novakst01,Steve Novak,SMALL FORWARD,27,DALLAS MAVERICKS,7,0,18,4,8,3,4,0,0,0,5,0,0,0,0,3,11
novakst01,Steve Novak,SMALL FORWARD,27,SAN ANTONIO SPURS,23,0,197,31,59,23,42,8,8,4,19,3,1,5,4,11,93
nowitdi01,Dirk Nowitzki,POWER FORWARD,32,DALLAS MAVERICKS,73,73,2504,610,1179,66,168,395,443,50,463,190,38,47,137,172,1681
onealje01,Jermaine O'Neal,CENTER,32,BOSTON CELTICS,24,10,431,50,109,0,1,29,43,25,63,12,2,30,27,65,129
onealsh01,Shaquille O'Neal,CENTER,38,BOSTON CELTICS,37,36,752,134,201,0,0,73,131,48,130,26,16,42,56,120,341
obertfa01,Fabricio Oberto,CENTER,35,PORTLAND TRAIL BLAZERS,5,0,45,3,5,0,0,1,2,3,4,0,0,0,3,10,7
odomla01,Lamar Odom,POWER FORWARD,31,LOS ANGELES LAKERS,82,35,2639,473,893,68,178,166,246,175,535,249,47,61,139,200,1180
okafoem01,Emeka Okafor,CENTER,28,NEW ORLEANS HORNETS,72,72,2287,300,524,0,1,145,258,230,454,42,40,127,119,230,745
okurme01,Mehmet Okur,CENTER,31,UTAH JAZZ,13,0,168,22,62,5,16,15,20,9,21,19,4,4,7,18,64
outlatr01,Travis Outlaw,SMALL FORWARD,26,NEW JERSEY NETS,82,55,2358,274,731,76,252,132,171,54,271,84,34,36,71,148,756
owensla01,Larry Owens,SMALL FORWARD,28,SAN ANTONIO SPURS,7,0,31,3,6,1,3,2,4,0,4,1,2,0,0,4,9
owensla01,Larry Owens,SMALL FORWARD,28,WASHINGTON WIZARDS,5,0,112,12,26,5,10,2,5,1,10,7,7,5,5,14,31
pachuza01,Zaza Pachulia,CENTER,26,ATLANTA HAWKS,79,7,1244,107,232,0,0,135,179,119,214,58,34,22,69,184,349
parkean01,Anthony Parker,SMALL FORWARD,35,CLEVELAND CAVALIERS,72,65,2091,220,552,86,227,74,95,33,185,218,67,10,80,109,600
parketo01,Tony Parker,POINT GUARD,28,SAN ANTONIO SPURS,78,78,2528,555,1069,25,70,233,303,30,208,513,90,3,200,135,1368
pattepa01,Patrick Patterson,POWER FORWARD,21,HOUSTON ROCKETS,52,6,868,149,267,0,2,30,42,86,114,41,17,37,31,77,328
paulch01,Chris Paul,POINT GUARD,25,NEW ORLEANS HORNETS,80,80,2880,430,928,71,183,337,384,38,289,782,188,5,177,196,1268
pavloal01,Sasha Pavlović,SMALL FORWARD,27,DALLAS MAVERICKS,10,6,163,15,35,7,16,4,5,0,12,7,5,3,5,15,41
pavloal01,Sasha Pavlović,SHOOTING GUARD,27,NEW ORLEANS HORNETS,4,1,50,2,11,0,5,0,0,0,6,6,0,4,1,4,4
pavloal01,Sasha Pavlović,SHOOTING GUARD,27,BOSTON CELTICS,17,0,149,12,26,5,10,2,5,1,13,3,5,0,6,15,31
pekovni01,Nikola Peković,CENTER,25,MINNESOTA TIMBERWOLVES,65,11,887,136,263,0,0,87,114,90,103,27,18,35,91,181,359
perkike01,Kendrick Perkins,CENTER,26,BOSTON CELTICS,12,7,313,32,59,0,0,23,40,23,74,10,2,10,25,37,87
perkike01,Kendrick Perkins,CENTER,26,OKLAHOMA CITY THUNDER,17,17,429,35,71,0,0,17,32,39,96,16,7,16,31,54,87
petermo01,Morris Peterson,SHOOTING GUARD,33,OKLAHOMA CITY THUNDER,4,0,23,2,5,0,1,0,0,0,3,1,0,0,0,5,4
petrojo01,Johan Petro,CENTER,25,NEW JERSEY NETS,77,1,893,129,290,0,4,15,28,62,150,44,34,34,46,178,273
piercpa01,Paul Pierce,SMALL FORWARD,33,BOSTON CELTICS,80,80,2774,507,1021,111,297,386,449,34,396,260,80,51,171,231,1511
pietrmi01,Mickaël Piétrus,SMALL FORWARD,28,ORLANDO MAGIC,19,0,418,45,115,34,87,3,6,6,44,10,10,3,14,35,127
pietrmi01,Mickaël Piétrus,SHOOTING GUARD,28,PHOENIX SUNS,38,4,689,98,250,51,149,36,51,9,67,23,19,18,25,66,283
pittmde01,Dexter Pittman,CENTER,22,MIAMI HEAT,2,0,11,1,3,0,0,0,0,1,2,0,0,0,2,2,2
pondequ01,Quincy Pondexter,SMALL FORWARD,22,NEW ORLEANS HORNETS,66,6,734,73,180,18,50,24,34,23,65,28,17,10,16,63,188
poseyja01,James Posey,SMALL FORWARD,34,INDIANA PACERS,49,0,839,81,241,67,212,11,15,10,137,34,24,6,24,103,240
powele01,Leon Powe,POWER FORWARD,27,CLEVELAND CAVALIERS,14,3,187,29,59,0,0,12,26,16,22,2,7,3,5,20,70
powele01,Leon Powe,CENTER,27,MEMPHIS GRIZZLIES,16,0,141,30,60,0,2,28,46,8,17,5,3,1,7,24,88
poweljo01,Josh Powell,POWER FORWARD,28,ATLANTA HAWKS,54,0,653,94,208,0,1,36,45,49,86,22,5,5,53,78,224
priceaj01,A.J. Price,POINT GUARD,24,INDIANA PACERS,50,0,795,114,320,41,149,54,81,16,56,111,29,1,53,61,323
pricero01,Ronnie Price,SHOOTING GUARD,27,UTAH JAZZ,59,0,717,74,210,20,69,29,39,22,39,56,42,5,55,106,197
princta01,Tayshaun Prince,SMALL FORWARD,30,DETROIT PISTONS,78,78,2562,473,1001,34,98,118,168,78,251,215,30,41,82,90,1098
przybjo01,Joel Przybilla,CENTER,31,PORTLAND TRAIL BLAZERS,31,9,445,21,34,0,0,13,23,28,93,13,5,14,22,63,55
przybjo01,Joel Przybilla,CENTER,31,CHARLOTTE BOBCATS,5,0,74,4,10,0,0,1,4,9,15,0,0,1,7,16,9
quinnch01,Chris Quinn,POINT GUARD,27,SAN ANTONIO SPURS,41,0,292,33,91,11,37,4,8,3,22,42,5,1,12,29,81
radmavl01,Vladimir Radmanović,POWER FORWARD,30,GOLDEN STATE WARRIORS,74,6,1169,137,318,70,173,30,34,64,148,79,44,44,57,157,374
randoan01,Anthony Randolph,POWER FORWARD,21,NEW YORK KNICKS,17,0,127,14,45,1,4,6,12,11,29,7,4,8,10,15,35
randoan01,Anthony Randolph,CENTER,21,MINNESOTA TIMBERWOLVES,23,3,463,109,219,0,0,52,74,32,88,26,18,16,43,47,270
randoza01,Zach Randolph,POWER FORWARD,29,MEMPHIS GRIZZLIES,75,74,2724,598,1188,8,43,300,396,326,588,163,63,25,151,175,1504
ratlith01,Theo Ratliff,CENTER,37,LOS ANGELES LAKERS,10,0,71,1,6,0,0,0,2,6,7,3,2,5,3,7,2
rautian01,Andy Rautins,SHOOTING GUARD,24,NEW YORK KNICKS,5,0,24,3,7,1,4,1,2,0,1,3,1,0,7,0,8
reddmi01,Michael Redd,SHOOTING GUARD,31,MILWAUKEE BUCKS,10,0,134,18,45,4,17,4,4,0,8,12,2,1,4,4,44
redicjj01,J.J. Redick,SHOOTING GUARD,26,ORLANDO MAGIC,59,5,1513,197,447,87,219,112,128,6,107,102,29,3,53,80,593
richaja01,Jason Richardson,SHOOTING GUARD,30,PHOENIX SUNS,25,25,796,183,389,62,148,55,72,33,78,36,27,3,30,46,483
richaja01,Jason Richardson,SHOOTING GUARD,30,ORLANDO MAGIC,55,55,1919,289,667,127,331,61,87,34,186,111,66,10,65,116,766
richaqu01,Quentin Richardson,SMALL FORWARD,30,ORLANDO MAGIC,57,19,955,87,255,42,146,33,44,39,139,38,25,5,33,74,249
ridnolu01,Luke Ridnour,POINT GUARD,29,MINNESOTA TIMBERWOLVES,71,66,2159,319,681,81,184,121,137,37,162,384,89,10,158,146,840
robinna01,Nate Robinson,POINT GUARD,26,BOSTON CELTICS,55,11,983,146,361,63,192,33,40,15,74,105,29,4,66,107,388
robinna01,Nate Robinson,POINT GUARD,26,OKLAHOMA CITY THUNDER,4,0,30,4,15,2,8,3,4,0,1,6,0,0,2,8,13
rondora01,Rajon Rondo,POINT GUARD,24,BOSTON CELTICS,68,68,2527,318,670,10,43,75,132,87,210,760,153,11,234,120,721
rosede01,Derrick Rose,POINT GUARD,22,CHICAGO BULLS,81,81,3026,711,1597,128,385,476,555,81,249,623,85,51,278,136,2026
rossqu01,Quinton Ross,SMALL FORWARD,29,NEW JERSEY NETS,36,4,353,26,59,0,3,5,14,10,20,10,3,6,7,40,57
roybr01,Brandon Roy,SHOOTING GUARD,26,PORTLAND TRAIL BLAZERS,47,23,1310,209,523,38,114,117,138,28,93,129,37,12,55,76,573
rushbr01,Brandon Rush,SHOOTING GUARD,25,INDIANA PACERS,67,21,1754,217,515,93,223,80,106,33,184,62,41,35,69,107,607
salmojo01,John Salmons,SHOOTING GUARD,31,MILWAUKEE BUCKS,73,70,2554,373,898,83,219,195,240,27,239,252,72,28,137,157,1024
samuesa01,Samardo Samuels,POWER FORWARD,22,CLEVELAND CAVALIERS,37,10,701,110,241,0,3,68,110,75,83,17,15,18,53,88,288
sandela01,Larry Sanders,CENTER,22,MILWAUKEE BUCKS,60,12,872,116,268,0,0,28,50,59,119,16,22,72,38,117,260
scalabr01,Brian Scalabrine,POWER FORWARD,32,CHICAGO BULLS,18,0,88,10,19,0,5,0,0,1,7,6,3,4,5,18,20
scolalu01,Luis Scola,POWER FORWARD,30,HOUSTON ROCKETS,74,74,2412,569,1129,0,3,214,290,147,459,185,48,44,147,227,1352
sefolth01,Thabo Sefolosha,SHOOTING GUARD,26,OKLAHOMA CITY THUNDER,79,79,2049,157,333,28,102,59,79,65,281,111,97,38,55,171,401
serapke01,Kevin Séraphin,POWER FORWARD,21,WASHINGTON WIZARDS,58,1,635,66,147,0,0,22,31,80,72,10,17,28,42,126,154
sessira01,Ramon Sessions,POINT GUARD,24,CLEVELAND CAVALIERS,81,38,2133,362,776,3,15,348,423,46,209,419,60,8,178,93,1075
shakumu01,Mustafa Shakur,POINT GUARD,26,WASHINGTON WIZARDS,22,0,159,21,59,1,10,8,15,7,15,25,5,3,18,15,51
silerga01,Garret Siler,CENTER,24,PHOENIX SUNS,21,0,101,17,31,0,0,11,22,16,12,3,1,4,10,20,45
simmobo01,Bobby Simmons,SMALL FORWARD,30,SAN ANTONIO SPURS,2,0,16,0,3,0,3,0,0,0,0,2,0,0,0,2,0
skinnbr01,Brian Skinner,CENTER,34,MILWAUKEE BUCKS,2,0,6,0,0,0,0,0,0,0,0,0,0,0,0,0,0
smithcr01,Craig Smith,POWER FORWARD,27,LOS ANGELES CLIPPERS,48,0,586,104,188,0,5,50,68,43,74,31,16,7,33,84,258
smithis01,Ish Smith,POINT GUARD,22,HOUSTON ROCKETS,28,3,329,32,83,3,8,7,10,6,36,64,13,2,26,26,74
smithis01,Ish Smith,POINT GUARD,22,MEMPHIS GRIZZLIES,15,0,113,11,32,0,2,5,11,1,4,15,5,0,8,11,27
smithjr01,J.R. Smith,SMALL FORWARD,25,DENVER NUGGETS,79,6,1968,341,784,124,318,163,221,45,277,175,92,16,100,173,969
smithja02,Jason Smith,CENTER,24,NEW ORLEANS HORNETS,77,6,1102,136,307,0,2,59,70,89,152,36,26,32,53,150,331
smithjo02,Joe Smith,POWER FORWARD,35,NEW JERSEY NETS,4,3,25,1,4,0,0,0,0,1,2,1,0,0,2,3,2
smithjo02,Joe Smith,POWER FORWARD,35,LOS ANGELES LAKERS,12,0,44,2,12,0,0,2,2,2,16,3,0,4,3,10,6
smithjo03,Josh Smith,POWER FORWARD,25,ATLANTA HAWKS,77,77,2645,497,1041,51,154,229,316,134,523,255,99,120,197,217,1274
songada01,Darius Songaila,CENTER,32,PHILADELPHIA 76ERS,10,0,71,7,15,0,0,2,4,2,8,2,0,0,4,16,16
speigma01,Marreese Speights,CENTER,23,PHILADELPHIA 76ERS,64,1,734,144,291,1,4,55,73,64,146,30,8,19,40,120,344
splitti01,Tiago Splitter,CENTER,26,SAN ANTONIO SPURS,60,6,738,101,191,0,1,76,140,72,129,26,29,17,32,91,278
stackje01,Jerry Stackhouse,SHOOTING GUARD,36,MIAMI HEAT,7,1,50,3,12,1,4,5,7,1,6,3,0,2,2,3,12
stephla01,Lance Stephenson,SHOOTING GUARD,20,INDIANA PACERS,12,0,115,13,39,0,5,11,14,1,17,21,4,0,16,14,37
stevede01,DeShawn Stevenson,SHOOTING GUARD,29,DALLAS MAVERICKS,72,54,1158,128,330,94,249,33,43,20,86,77,21,5,44,71,383
stojape01,Peja Stojaković,SMALL FORWARD,33,NEW ORLEANS HORNETS,6,0,89,14,33,11,25,6,7,0,6,6,2,0,4,2,45
stojape01,Peja Stojaković,SMALL FORWARD,33,TORONTO RAPTORS,2,0,22,7,10,4,6,2,2,0,3,1,0,0,2,0,20
stojape01,Peja Stojaković,SMALL FORWARD,33,DALLAS MAVERICKS,25,13,506,79,184,42,105,15,16,14,52,22,11,2,11,22,215
stoudam01,Amar'e Stoudemire,CENTER,28,NEW YORK KNICKS,78,78,2870,744,1482,10,23,473,597,198,438,202,71,150,250,274,1971
stuckro01,Rodney Stuckey,POINT GUARD,24,DETROIT PISTONS,70,54,2183,363,827,26,90,330,381,70,146,361,76,10,155,177,1082
summeda01,DaJuan Summers,SMALL FORWARD,23,DETROIT PISTONS,22,1,199,28,69,9,21,9,20,2,10,2,3,1,13,21,74
sypa01,Pape Sy,SMALL FORWARD,22,ATLANTA HAWKS,3,0,21,2,6,0,1,3,3,2,1,2,1,0,3,1,7
tayloje02,Jermaine Taylor,SHOOTING GUARD,24,HOUSTON ROCKETS,8,0,77,16,32,2,5,5,6,1,8,2,2,2,6,4,39
tayloje02,Jermaine Taylor,SHOOTING GUARD,24,SACRAMENTO KINGS,26,8,406,78,164,12,40,16,22,25,28,30,12,3,40,35,184
teaguje01,Jeff Teague,POINT GUARD,22,ATLANTA HAWKS,70,7,963,133,304,18,48,77,97,11,91,138,45,25,64,82,361
telfase01,Sebastian Telfair,POINT GUARD,25,MINNESOTA TIMBERWOLVES,37,8,711,97,241,28,78,44,60,17,37,111,25,3,64,64,266
templga01,Garrett Temple,SHOOTING GUARD,24,SAN ANTONIO SPURS,3,0,21,1,5,0,1,0,2,1,1,2,1,1,1,2,2
templga01,Garrett Temple,SHOOTING GUARD,24,MILWAUKEE BUCKS,9,0,83,7,21,3,10,0,4,0,6,6,1,1,2,8,17
templga01,Garrett Temple,POINT GUARD,24,CHARLOTTE BOBCATS,12,0,126,12,42,7,26,7,11,0,15,24,9,4,20,14,38
terryja01,Jason Terry,SHOOTING GUARD,33,DALLAS MAVERICKS,82,10,2564,492,1091,127,351,182,214,24,129,334,93,13,167,140,1293
thabeha01,Hasheem Thabeet,CENTER,23,MEMPHIS GRIZZLIES,45,0,369,17,39,0,0,19,35,24,51,4,9,15,17,73,53
thabeha01,Hasheem Thabeet,CENTER,23,HOUSTON ROCKETS,2,0,4,0,1,0,0,0,0,0,0,0,0,1,0,3,0
thomaet01,Etan Thomas,CENTER,32,ATLANTA HAWKS,13,0,82,10,21,0,0,12,15,6,17,2,1,4,5,11,32
thomaku01,Kurt Thomas,POWER FORWARD,38,CHICAGO BULLS,52,37,1178,95,186,1,1,20,32,75,226,60,32,42,42,164,211
thomaty01,Tyrus Thomas,CENTER,24,CHARLOTTE BOBCATS,41,2,861,156,331,0,3,107,136,65,159,29,30,66,65,113,419
thompja02,Jason Thompson,POWER FORWARD,24,SACRAMENTO KINGS,75,39,1748,271,534,0,3,121,200,144,310,88,28,44,99,212,663
thornal01,Al Thornton,SMALL FORWARD,27,WASHINGTON WIZARDS,49,23,1069,154,327,4,25,81,107,46,110,51,28,9,44,103,393
thornal01,Al Thornton,POWER FORWARD,27,GOLDEN STATE WARRIORS,22,0,314,51,104,0,1,29,35,10,47,11,7,3,20,40,131
thornma01,Marcus Thornton,SHOOTING GUARD,23,NEW ORLEANS HORNETS,46,0,745,137,334,35,93,50,66,25,106,43,19,4,37,50,359
thornma01,Marcus Thornton,SHOOTING GUARD,23,SACRAMENTO KINGS,27,23,1030,213,473,53,147,95,118,36,91,92,45,5,56,60,574
tollian01,Anthony Tolliver,SMALL FORWARD,25,MINNESOTA TIMBERWOLVES,65,4,1362,141,313,47,115,105,131,92,203,82,28,28,49,145,434
turiaro01,Ronny Turiaf,CENTER,28,NEW YORK KNICKS,64,21,1141,103,163,0,0,61,98,64,143,92,35,73,41,160,267
turkohe01,Hedo Türkoğlu,POWER FORWARD,31,PHOENIX SUNS,25,16,630,85,193,41,97,26,36,20,80,58,18,14,31,77,237
turkohe01,Hedo Türkoğlu,SMALL FORWARD,31,ORLANDO MAGIC,56,56,1910,237,529,86,213,80,120,25,231,285,54,20,101,170,640
turneev01,Evan Turner,SHOOTING GUARD,22,PHILADELPHIA 76ERS,78,14,1797,225,529,14,44,101,125,42,264,159,49,14,80,138,565
udohek01,Ekpe Udoh,CENTER,23,GOLDEN STATE WARRIORS,58,18,1030,97,222,0,0,42,64,80,101,40,22,86,48,144,236
udokaim01,Ime Udoka,SMALL FORWARD,33,SAN ANTONIO SPURS,20,0,130,5,21,0,8,4,8,5,14,13,8,1,5,14,14
udrihbe01,Beno Udrih,POINT GUARD,28,SACRAMENTO KINGS,79,64,2734,412,824,65,182,197,228,41,224,386,94,9,141,181,1086
uzohbe01,Ben Uzoh,POINT GUARD,22,NEW JERSEY NETS,42,0,438,61,144,3,8,33,56,30,31,69,13,8,25,29,158
varejan01,Anderson Varejão,CENTER,28,CLEVELAND CAVALIERS,31,31,994,114,216,0,2,54,81,98,203,45,27,38,40,87,282
vasqugr01,Greivis Vásquez,POINT GUARD,24,MEMPHIS GRIZZLIES,70,1,860,95,233,25,86,34,44,12,61,151,22,4,70,83,249
villach01,Charlie Villanueva,POWER FORWARD,26,DETROIT PISTONS,76,11,1666,313,708,125,323,89,116,50,245,48,42,42,66,175,840
vujacsa01,Sasha Vujačić,SHOOTING GUARD,26,LOS ANGELES LAKERS,11,0,54,8,23,3,7,1,2,1,3,5,1,0,5,7,20
vujacsa01,Sasha Vujačić,SHOOTING GUARD,26,NEW JERSEY NETS,56,17,1594,231,572,94,255,80,94,29,153,127,53,5,61,129,636
wadedw01,Dwyane Wade,SHOOTING GUARD,29,MIAMI HEAT,76,76,2823,692,1384,63,206,494,652,123,362,346,111,87,237,197,1941
wafervo01,Von Wafer,SHOOTING GUARD,25,BOSTON CELTICS,58,2,553,67,159,18,67,32,38,7,42,35,18,5,20,39,184
walkebi01,Henry Walker,SHOOTING GUARD,23,NEW YORK KNICKS,61,1,784,104,236,59,153,31,44,16,106,34,21,6,37,81,298
walljo01,John Wall,POINT GUARD,20,WASHINGTON WIZARDS,69,64,2606,398,972,34,115,301,393,35,282,574,121,35,261,175,1131
wallabe01,Ben Wallace,CENTER,36,DETROIT PISTONS,54,49,1238,67,149,1,2,19,57,129,221,72,54,54,44,81,154
wallage01,Gerald Wallace,SMALL FORWARD,28,CHARLOTTE BOBCATS,48,48,1872,252,582,35,106,210,284,72,322,116,59,48,100,120,749
wallage01,Gerald Wallace,POWER FORWARD,28,PORTLAND TRAIL BLAZERS,23,15,821,134,269,27,80,69,90,39,136,57,46,15,52,63,364
waltolu01,Luke Walton,SMALL FORWARD,30,LOS ANGELES LAKERS,54,0,484,38,116,8,34,7,10,9,58,62,9,4,31,38,91
warrewi01,Willie Warren,POINT GUARD,21,LOS ANGELES CLIPPERS,19,0,134,13,35,5,15,6,8,1,11,27,6,0,8,16,37
warriha01,Hakim Warrick,POWER FORWARD,28,PHOENIX SUNS,80,6,1416,228,446,1,11,212,294,88,208,69,32,9,79,100,669
watsocj01,C.J. Watson,POINT GUARD,26,CHICAGO BULLS,82,1,1091,146,394,44,112,69,93,16,78,186,55,11,73,82,405
watsoea01,Earl Watson,POINT GUARD,31,UTAH JAZZ,80,13,1567,126,307,36,107,55,82,52,130,278,61,17,116,146,343
weaveky01,Kyle Weaver,SHOOTING GUARD,24,UTAH JAZZ,5,0,69,9,25,3,7,7,8,2,8,7,2,2,7,3,28
webstma02,Martell Webster,SMALL FORWARD,24,MINNESOTA TIMBERWOLVES,46,1,1094,152,340,55,132,94,122,36,111,53,28,9,58,101,453
weemsso01,Sonny Weems,SMALL FORWARD,24,TORONTO RAPTORS,59,28,1413,228,513,17,61,72,94,39,114,104,34,2,86,87,545
westda01,David West,POWER FORWARD,30,NEW ORLEANS HORNETS,70,70,2451,528,1040,2,9,264,327,155,374,164,67,62,142,202,1322
westde01,Delonte West,POINT GUARD,27,BOSTON CELTICS,24,2,453,55,120,12,33,13,15,6,31,64,20,10,30,29,135
westma02,Mario West,SHOOTING GUARD,26,NEW JERSEY NETS,6,3,116,9,21,1,4,3,5,2,9,10,7,0,2,13,22
westbru01,Russell Westbrook,POINT GUARD,22,OKLAHOMA CITY THUNDER,82,82,2847,614,1390,34,103,531,631,121,258,670,155,30,316,207,1793
whitedj01,D.J. White,POWER FORWARD,24,OKLAHOMA CITY THUNDER,23,0,219,30,65,0,0,5,10,12,40,4,6,8,7,31,65
whitedj01,D.J. White,CENTER,24,CHARLOTTE BOBCATS,24,0,466,81,154,0,2,41,54,31,75,15,6,12,7,46,203
whiteha01,Hassan Whiteside,CENTER,21,SACRAMENTO KINGS,1,0,2,0,0,0,0,0,0,0,0,0,0,0,0,2,0
wilcoch01,Chris Wilcox,POWER FORWARD,28,DETROIT PISTONS,57,29,995,187,322,0,1,50,89,95,176,43,29,17,43,145,424
wilkida02,Damien Wilkins,SMALL FORWARD,31,ATLANTA HAWKS,52,0,676,69,137,2,10,40,56,23,67,41,27,9,21,72,180
willide01,Deron Williams,POINT GUARD,26,UTAH JAZZ,53,53,2009,369,806,89,258,302,354,32,173,514,64,12,187,152,1129
willide01,Deron Williams,POINT GUARD,26,NEW JERSEY NETS,12,12,456,59,169,16,59,46,58,8,47,153,15,3,43,38,180
willija02,Jason Williams,POINT GUARD,35,ORLANDO MAGIC,16,0,171,13,38,7,23,0,0,3,19,24,8,0,11,6,33
willija02,Jason Williams,POINT GUARD,35,MEMPHIS GRIZZLIES,11,0,124,9,29,3,15,0,0,0,8,28,3,1,7,2,21
willija04,Jawad Williams,SMALL FORWARD,27,CLEVELAND CAVALIERS,26,1,391,41,126,13,45,9,12,7,41,22,9,3,16,34,104
willilo02,Lou Williams,SHOOTING GUARD,24,PHILADELPHIA 76ERS,75,0,1747,323,795,88,253,293,356,32,117,252,47,17,102,128,1027
willima02,Marvin Williams,SMALL FORWARD,24,ATLANTA HAWKS,65,52,1865,246,537,37,110,147,174,68,245,88,34,23,62,104,676
willima01,Mo Williams,POINT GUARD,28,CLEVELAND CAVALIERS,36,34,1065,178,462,36,136,85,102,15,82,257,33,10,105,91,477
willima01,Mo Williams,POINT GUARD,28,LOS ANGELES CLIPPERS,22,22,723,113,268,43,108,66,75,6,50,123,20,0,66,59,335
willire02,Reggie Williams,SMALL FORWARD,24,GOLDEN STATE WARRIORS,80,9,1626,268,572,102,241,100,134,45,171,121,28,3,57,124,738
willish03,Shawne Williams,POWER FORWARD,24,NEW YORK KNICKS,64,11,1323,164,385,85,212,41,49,60,179,47,39,51,46,164,454
willish02,Shelden Williams,POWER FORWARD,27,DENVER NUGGETS,42,32,713,82,181,0,0,34,46,74,149,19,18,22,37,92,198
willish02,Shelden Williams,POWER FORWARD,27,NEW YORK KNICKS,17,6,198,21,39,0,0,24,29,19,31,13,5,4,6,34,66
willite01,Terrence Williams,SHOOTING GUARD,23,NEW JERSEY NETS,10,0,206,29,73,4,12,5,10,3,33,31,5,0,25,21,67
willite01,Terrence Williams,SHOOTING GUARD,23,HOUSTON ROCKETS,11,0,84,14,42,2,10,9,11,1,14,7,4,0,8,4,39
artesro01,Metta World Peace,SMALL FORWARD,31,LOS ANGELES LAKERS,82,82,2410,261,658,83,233,92,136,100,167,175,124,36,90,181,697
wrighan01,Antoine Wright,SHOOTING GUARD,26,SACRAMENTO KINGS,7,0,31,1,8,0,4,0,0,2,1,0,1,0,1,3,2
wrighbr03,Brandan Wright,POWER FORWARD,23,GOLDEN STATE WARRIORS,21,1,195,38,63,0,0,7,14,14,27,5,3,10,10,19,83
wrighbr03,Brandan Wright,POWER FORWARD,23,NEW JERSEY NETS,16,1,184,22,54,0,0,14,17,17,31,7,8,7,4,15,58
wrighdo01,Dorell Wright,SMALL FORWARD,25,GOLDEN STATE WARRIORS,82,82,3147,485,1146,194,516,180,228,88,343,242,124,63,133,171,1344
wrighju01,Julian Wright,SMALL FORWARD,23,TORONTO RAPTORS,52,6,766,82,160,2,10,22,43,47,71,58,39,20,43,45,188
youngni01,Nick Young,SHOOTING GUARD,25,WASHINGTON WIZARDS,64,40,2034,412,935,105,271,186,228,26,148,75,45,17,90,144,1115
youngsa01,Sam Young,SMALL FORWARD,25,MEMPHIS GRIZZLIES,78,46,1577,233,494,17,50,89,116,40,147,71,68,23,61,120,572
youngth01,Thaddeus Young,POWER FORWARD,22,PHILADELPHIA 76ERS,82,1,2135,458,847,6,22,123,174,153,281,82,90,26,99,170,1045
