slug,name,positions,age,team,games_played,games_started,minutes_played,made_field_goals,attempted_field_goals,made_three_point_field_goals,attempted_three_point_field_goals,made_free_throws,attempted_free_throws,offensive_rebounds,defensive_rebounds,assists,steals,blocks,turnovers,personal_fouls,points
abdursh01,Shareef Abdur-Rahim,POWER FORWARD,29,SACRAMENTO KINGS,72,30,1961,332,632,5,22,218,278,106,251,149,48,42,108,227,887
ackeral01,Alex Acker,SHOOTING GUARD,23,DETROIT PISTONS,5,0,35,4,16,1,5,0,0,1,4,4,1,0,4,4,9
allenma01,Malik Allen,POWER FORWARD,27,CHICAGO BULLS,54,20,701,121,247,1,1,23,38,44,96,20,14,16,34,92,266
allenra02,Ray Allen,SHOOTING GUARD,30,SEATTLE SUPERSONICS,78,78,3022,681,1500,269,653,324,359,71,261,286,105,16,188,151,1955
allento01,Tony Allen,POINT GUARD,24,BOSTON CELTICS,51,9,978,129,274,11,34,100,134,32,79,67,51,18,67,126,369
alstora01,Rafer Alston,POINT GUARD,29,HOUSTON ROCKETS,63,63,2431,280,738,102,312,99,143,36,219,425,101,15,157,194,761
anderch01,Chris Andersen,CENTER,27,NEW ORLEANS/OKLAHOMA CITY HORNETS,32,2,570,56,98,0,0,49,103,61,94,6,8,41,26,84,161
anderal01,Alan Anderson,SMALL FORWARD,23,CHARLOTTE BOBCATS,36,7,564,75,181,24,58,33,41,23,47,32,11,4,32,48,207
anderde01,Derek Anderson,SHOOTING GUARD,31,HOUSTON ROCKETS,20,8,582,68,173,19,67,61,73,12,71,53,15,4,37,49,216
anderde01,Derek Anderson,SHOOTING GUARD,31,MIAMI HEAT,23,3,465,40,130,21,67,32,38,9,51,48,8,2,17,49,133
andersh01,Shandon Anderson,SMALL FORWARD,32,MIAMI HEAT,48,1,638,54,126,5,19,13,18,18,63,30,17,6,24,75,126
andrima01,Martynas Andriuškevičius,CENTER,19,CLEVELAND CAVALIERS,6,0,9,0,1,0,0,0,0,1,3,0,2,0,0,1,0
anthoca01,Carmelo Anthony,SMALL FORWARD,21,DENVER NUGGETS,80,80,2941,756,1572,37,152,573,709,122,272,216,88,42,218,229,2122
araujra01,Rafael Araújo,CENTER,25,TORONTO RAPTORS,52,34,601,53,145,0,1,15,28,43,101,15,24,6,42,104,121
arenagi01,Gilbert Arenas,POINT GUARD,24,WASHINGTON WIZARDS,80,80,3384,746,1668,199,540,655,799,59,221,484,161,25,297,286,2346
arizatr01,Trevor Ariza,SMALL FORWARD,20,NEW YORK KNICKS,36,10,709,61,146,1,3,42,77,49,88,46,43,9,46,78,165
arizatr01,Trevor Ariza,SMALL FORWARD,20,ORLANDO MAGIC,21,0,290,32,80,0,2,35,50,29,52,15,14,2,16,22,99
armstda01,Darrell Armstrong,POINT GUARD,37,DALLAS MAVERICKS,62,2,622,43,128,11,48,33,42,18,63,86,27,3,58,71,130
arroyca01,Carlos Arroyo,POINT GUARD,26,DETROIT PISTONS,50,0,600,57,157,2,6,42,58,24,46,155,19,3,45,77,158
arroyca01,Carlos Arroyo,SHOOTING GUARD,26,ORLANDO MAGIC,27,0,594,111,221,5,14,64,79,9,51,77,19,1,38,42,291
atkinch01,Chucky Atkins,SHOOTING GUARD,31,WASHINGTON WIZARDS,28,2,552,66,174,33,92,22,31,12,33,69,14,0,30,58,187
atkinch01,Chucky Atkins,POINT GUARD,31,MEMPHIS GRIZZLIES,43,39,1161,160,399,64,182,107,132,11,64,129,29,2,57,94,491
augmost01,Stacey Augmon,SMALL FORWARD,37,ORLANDO MAGIC,36,3,385,25,73,0,0,21,30,18,35,23,12,6,11,40,71
bakervi01,Vin Baker,CENTER,34,LOS ANGELES CLIPPERS,8,1,85,7,15,0,0,13,18,2,17,4,4,4,9,13,27
banksma01,Marcus Banks,POINT GUARD,24,BOSTON CELTICS,18,1,269,33,80,6,19,27,30,4,15,32,7,0,23,38,99
banksma01,Marcus Banks,POINT GUARD,24,MINNESOTA TIMBERWOLVES,40,28,1228,186,388,16,44,91,117,19,97,188,47,11,96,124,479
barbole01,Leandro Barbosa,SHOOTING GUARD,23,PHOENIX SUNS,57,11,1592,273,567,87,196,111,147,31,119,158,48,6,89,145,744
barnema02,Matt Barnes,SMALL FORWARD,25,NEW YORK KNICKS,6,5,93,11,30,1,4,3,4,7,17,6,4,0,6,8,26
barnema02,Matt Barnes,POWER FORWARD,25,PHILADELPHIA 76ERS,50,0,538,59,110,2,11,29,43,41,56,22,16,7,24,92,149
barrean01,Andre Barrett,POINT GUARD,23,PHOENIX SUNS,2,0,21,3,7,0,1,3,3,1,2,2,0,0,1,1,9
barrean01,Andre Barrett,POINT GUARD,23,TORONTO RAPTORS,17,0,261,35,97,2,13,6,9,8,14,50,10,0,14,12,78
barroea01,Earl Barron,CENTER,24,MIAMI HEAT,8,0,45,5,16,0,0,3,4,2,8,0,0,0,5,10,13
barrybr01,Brent Barry,SHOOTING GUARD,34,SAN ANTONIO SPURS,74,5,1259,156,345,80,202,39,59,29,130,123,39,27,52,99,431
barryjo01,Jon Barry,SHOOTING GUARD,36,HOUSTON ROCKETS,20,0,342,25,65,12,32,24,29,1,30,26,13,1,22,25,86
basdeed01,Eddie Basden,SMALL FORWARD,22,CHICAGO BULLS,19,0,141,15,37,1,7,8,10,7,21,8,9,2,9,17,39
bassbr01,Brandon Bass,POWER FORWARD,20,NEW ORLEANS/OKLAHOMA CITY HORNETS,29,1,268,28,70,0,0,12,19,18,50,3,3,7,11,18,68
batises01,Esteban Batista,POWER FORWARD,22,ATLANTA HAWKS,57,3,495,34,80,0,1,33,53,61,83,7,15,11,38,111,101
battito01,Tony Battie,CENTER,29,ORLANDO MAGIC,82,82,2215,280,552,0,6,89,134,145,312,49,46,69,88,250,649
battish01,Shane Battier,SMALL FORWARD,27,MEMPHIS GRIZZLIES,81,81,2839,303,621,65,165,147,208,164,265,136,92,114,90,223,818
baxtelo01,Lonny Baxter,CENTER,27,HOUSTON ROCKETS,23,0,281,33,72,0,0,16,19,38,46,2,9,7,13,48,82
baxtelo01,Lonny Baxter,POWER FORWARD,27,CHARLOTTE BOBCATS,18,0,119,12,32,0,0,12,16,7,26,2,2,1,7,8,36
bellch01,Charlie Bell,SHOOTING GUARD,26,MILWAUKEE BUCKS,59,6,1283,180,410,71,168,63,89,21,99,130,59,5,41,126,494
bellra01,Raja Bell,SHOOTING GUARD,29,PHOENIX SUNS,79,79,2959,425,930,197,446,115,146,44,209,207,76,22,89,248,1162
bendejo01,Jonathan Bender,SMALL FORWARD,25,INDIANA PACERS,2,0,21,4,5,0,0,2,2,0,4,2,0,1,0,2,10
bibbymi01,Mike Bibby,POINT GUARD,27,SACRAMENTO KINGS,82,82,3167,597,1382,192,497,342,403,29,211,444,82,10,199,169,1728
biedran01,Andris Biedriņš,CENTER,19,GOLDEN STATE WARRIORS,68,2,1000,118,185,0,0,22,72,124,159,24,23,47,34,190,258
billuch01,Chauncey Billups,POINT GUARD,29,DETROIT PISTONS,81,81,2925,423,1012,184,425,465,520,41,211,699,71,8,170,160,1495
blakest01,Steve Blake,POINT GUARD,25,PORTLAND TRAIL BLAZERS,68,57,1781,206,470,76,184,72,91,26,120,306,42,5,83,107,560
blatcan01,Andray Blatche,POWER FORWARD,19,WASHINGTON WIZARDS,29,0,175,26,67,3,13,10,12,12,26,10,5,7,12,36,65
blounma01,Mark Blount,CENTER,30,BOSTON CELTICS,39,25,1083,194,380,0,0,97,127,36,126,66,15,36,120,107,485
blounma01,Mark Blount,CENTER,30,MINNESOTA TIMBERWOLVES,42,30,1157,179,354,0,0,71,95,60,143,33,25,40,74,147,429
boganke01,Keith Bogans,SHOOTING GUARD,25,CHARLOTTE BOBCATS,39,9,848,114,288,33,98,80,105,29,77,45,39,3,41,78,341
boganke01,Keith Bogans,SMALL FORWARD,25,HOUSTON ROCKETS,33,22,1064,101,256,32,102,47,81,26,123,83,32,6,49,89,281
bogutan01,Andrew Bogut,POWER FORWARD,21,MILWAUKEE BUCKS,82,77,2348,323,606,0,3,122,194,189,384,192,49,68,125,259,768
bonnema01,Matt Bonner,POWER FORWARD,25,TORONTO RAPTORS,78,6,1710,209,467,102,243,63,76,86,198,56,49,31,32,216,583
boothca01,Calvin Booth,CENTER,29,WASHINGTON WIZARDS,33,2,250,20,47,1,2,5,9,19,33,12,9,9,8,44,46
boozeca01,Carlos Boozer,POWER FORWARD,24,UTAH JAZZ,33,19,1025,219,399,0,0,99,137,73,212,88,30,8,69,105,537
boshch01,Chris Bosh,CENTER,21,TORONTO RAPTORS,70,70,2751,549,1087,0,13,474,581,204,443,181,50,79,157,209,1572
bowenbr01,Bruce Bowen,SMALL FORWARD,34,SAN ANTONIO SPURS,82,82,2755,232,536,104,245,51,84,35,285,126,79,30,67,191,619
bowenry01,Ryan Bowen,SMALL FORWARD,30,HOUSTON ROCKETS,68,19,652,37,124,3,22,11,14,31,57,24,21,6,13,85,88
boykiea01,Earl Boykins,POINT GUARD,29,DENVER NUGGETS,60,0,1542,271,661,62,179,152,174,21,60,230,48,4,83,73,756
bradlmi01,Michael Bradley,POWER FORWARD,26,PHILADELPHIA 76ERS,46,1,367,32,79,1,5,2,3,40,67,17,5,7,19,39,67
brandel01,Elton Brand,POWER FORWARD,26,LOS ANGELES CLIPPERS,79,79,3099,756,1435,1,3,440,568,236,554,208,81,201,173,227,1953
brezepr01,Primož Brezec,CENTER,26,CHARLOTTE BOBCATS,79,79,2165,409,791,0,2,164,224,181,259,45,19,32,85,227,982
brownde02,Devin Brown,SHOOTING GUARD,27,UTAH JAZZ,81,14,1711,207,527,39,118,158,212,73,134,104,44,14,99,153,611
brownkw01,Kwame Brown,CENTER,23,LOS ANGELES LAKERS,72,49,1978,204,388,0,1,128,235,182,291,72,27,46,100,196,536
brownpj01,P.J. Brown,CENTER,36,NEW ORLEANS/OKLAHOMA CITY HORNETS,75,73,2380,269,583,0,0,139,168,182,365,90,46,50,90,216,677
brunsri01,Rick Brunson,POINT GUARD,33,SEATTLE SUPERSONICS,4,0,31,5,8,0,1,0,0,0,2,2,0,0,3,1,10
brunsri01,Rick Brunson,POINT GUARD,33,HOUSTON ROCKETS,23,0,215,16,46,5,12,7,12,1,19,33,8,1,19,21,44
bryanko01,Kobe Bryant,SHOOTING GUARD,27,LOS ANGELES LAKERS,80,80,3277,978,2173,180,518,696,819,71,354,360,147,30,250,233,2832
buckngr01,Greg Buckner,SHOOTING GUARD,29,DENVER NUGGETS,73,27,1758,181,417,86,243,43,55,31,178,127,87,20,52,180,491
burkepa01,Pat Burke,CENTER,32,PHOENIX SUNS,42,0,346,63,127,2,7,13,21,21,52,16,6,13,33,62,141
burksan01,Antonio Burks,POINT GUARD,25,MEMPHIS GRIZZLIES,57,1,570,51,144,1,6,10,23,4,33,76,20,0,36,45,113
burleke01,Kevin Burleson,POINT GUARD,26,CHARLOTTE BOBCATS,39,1,340,22,88,10,54,16,17,4,22,48,26,2,25,63,70
butleca01,Caron Butler,SMALL FORWARD,25,WASHINGTON WIZARDS,75,54,2708,494,1086,41,120,289,332,114,352,186,127,18,175,238,1318
butleja01,Jackie Butler,CENTER,20,NEW YORK KNICKS,55,0,740,117,215,0,0,58,77,67,116,25,17,31,62,127,292
butlera01,Rasual Butler,SMALL FORWARD,26,NEW ORLEANS/OKLAHOMA CITY HORNETS,79,20,1875,257,633,92,242,79,114,51,181,40,33,45,65,142,685
bynuman01,Andrew Bynum,CENTER,18,LOS ANGELES LAKERS,46,0,338,33,82,0,0,8,27,34,46,9,4,22,17,56,74
bynumwi01,Will Bynum,POINT GUARD,23,GOLDEN STATE WARRIORS,15,0,162,21,52,2,9,10,16,3,9,19,7,0,14,10,54
cabarza01,Žarko Čabarkapa,POWER FORWARD,24,GOLDEN STATE WARRIORS,61,0,505,67,174,5,20,60,84,37,74,20,13,7,35,87,199
caldejo01,José Calderón,SHOOTING GUARD,24,TORONTO RAPTORS,64,11,1487,132,312,7,43,78,92,30,111,288,42,4,101,93,349
cambyma01,Marcus Camby,CENTER,31,DENVER NUGGETS,56,54,1857,302,649,1,11,111,156,132,536,115,79,184,92,158,716
cardibr01,Brian Cardinal,POWER FORWARD,28,MEMPHIS GRIZZLIES,36,0,402,46,111,13,29,19,27,11,44,33,23,0,27,65,124
carroma01,Matt Carroll,SHOOTING GUARD,25,CHARLOTTE BOBCATS,78,6,1275,192,476,72,185,138,168,34,123,35,47,11,48,120,594
cartean01,Anthony Carter,POINT GUARD,30,MINNESOTA TIMBERWOLVES,45,8,589,53,137,4,15,40,55,9,53,101,24,9,40,71,150
cartevi01,Vince Carter,SHOOTING GUARD,29,NEW JERSEY NETS,79,79,2906,653,1518,125,367,480,601,135,327,338,94,53,213,235,1911
cassesa01,Sam Cassell,POINT GUARD,36,LOS ANGELES CLIPPERS,78,75,2653,493,1112,70,190,289,335,40,247,491,74,11,175,225,1345
catoke01,Kelvin Cato,CENTER,31,ORLANDO MAGIC,23,0,299,31,72,0,0,26,35,19,44,2,6,10,16,48,88
catoke01,Kelvin Cato,CENTER,31,DETROIT PISTONS,4,0,34,5,12,0,0,0,0,1,6,2,0,2,2,4,10
chandty01,Tyson Chandler,CENTER,23,CHICAGO BULLS,79,50,2121,160,283,0,1,97,193,265,449,81,41,104,123,298,417
cheanca01,Calbert Cheaney,SMALL FORWARD,34,GOLDEN STATE WARRIORS,42,0,448,42,108,0,8,8,8,20,41,19,13,2,17,38,92
childjo01,Josh Childress,SMALL FORWARD,22,ATLANTA HAWKS,74,10,2249,278,504,32,65,154,201,134,253,131,86,39,101,184,742
chrisdo01,Doug Christie,SHOOTING GUARD,35,DALLAS MAVERICKS,7,7,185,9,26,0,1,8,12,2,11,14,9,1,6,10,26
claxtsp01,Speedy Claxton,POINT GUARD,27,NEW ORLEANS/OKLAHOMA CITY HORNETS,71,3,2019,304,736,17,63,246,320,39,154,339,108,6,154,177,871
cleavma01,Mateen Cleaves,POINT GUARD,28,SEATTLE SUPERSONICS,27,0,230,25,71,4,16,19,24,2,12,42,3,2,14,30,73
collija03,Jarron Collins,CENTER,27,UTAH JAZZ,79,41,1730,129,280,0,0,157,219,134,199,97,36,27,61,252,415
collija04,Jason Collins,CENTER,27,NEW JERSEY NETS,71,70,1895,104,262,3,12,44,86,93,249,70,46,40,61,251,255
collini01,Nick Collison,POWER FORWARD,25,SEATTLE SUPERSONICS,66,27,1448,207,394,0,3,79,113,143,225,74,21,35,77,213,493
cookbr01,Brian Cook,POWER FORWARD,25,LOS ANGELES LAKERS,81,46,1535,261,511,36,84,84,101,88,186,74,37,32,61,205,642
crawfja01,Jamal Crawford,SHOOTING GUARD,25,NEW YORK KNICKS,79,27,2555,366,879,101,293,295,357,36,212,301,87,15,175,150,1128
croshau01,Austin Croshere,POWER FORWARD,30,INDIANA PACERS,50,26,1148,132,285,54,140,90,102,62,203,62,22,7,48,105,408
curryed01,Eddy Curry,CENTER,23,NEW YORK KNICKS,72,69,1865,336,597,0,0,307,486,145,287,19,28,56,179,239,979
dalemsa01,Samuel Dalembert,CENTER,24,PHILADELPHIA 76ERS,66,52,1761,196,369,0,1,93,132,159,382,25,34,160,107,244,485
dampier01,Erick Dampier,CENTER,30,DALLAS MAVERICKS,82,36,1934,171,347,0,0,127,215,273,367,51,27,106,115,263,469
daniean01,Antonio Daniels,SHOOTING GUARD,30,WASHINGTON WIZARDS,80,17,2283,230,550,23,101,284,336,19,153,284,52,8,89,96,767
daniema01,Marquis Daniels,SHOOTING GUARD,25,DALLAS MAVERICKS,62,29,1766,246,512,4,19,138,183,81,143,172,67,13,100,143,634
davisan01,Antonio Davis,POWER FORWARD,37,NEW YORK KNICKS,36,31,749,68,159,0,1,45,61,75,97,14,20,9,43,99,181
davisan01,Antonio Davis,CENTER,37,TORONTO RAPTORS,8,8,191,14,31,0,0,7,20,15,21,7,3,1,8,26,35
davisba01,Baron Davis,POINT GUARD,26,GOLDEN STATE WARRIORS,54,48,1971,335,861,102,324,195,289,45,191,480,89,14,159,165,967
davisda01,Dale Davis,CENTER,36,DETROIT PISTONS,28,2,178,9,24,0,1,8,15,21,32,6,0,9,4,23,26
davisjo02,Josh Davis,POWER FORWARD,25,MILWAUKEE BUCKS,4,0,12,1,4,0,1,0,0,2,1,1,1,0,1,2,2
davisjo02,Josh Davis,POWER FORWARD,25,HOUSTON ROCKETS,1,0,0,0,0,0,0,0,0,0,0,0,0,0,0,1,0
davisjo02,Josh Davis,POWER FORWARD,25,PHOENIX SUNS,1,0,5,1,3,0,1,2,3,1,0,0,1,0,0,0,4
davisri01,Ricky Davis,SHOOTING GUARD,26,BOSTON CELTICS,42,42,1747,329,709,40,125,129,164,40,147,221,49,9,115,91,827
davisri01,Ricky Davis,SMALL FORWARD,26,MINNESOTA TIMBERWOLVES,36,36,1460,255,595,33,117,146,181,25,139,173,42,8,98,99,689
delfica01,Carlos Delfino,SHOOTING GUARD,23,DETROIT PISTONS,68,1,726,91,226,20,60,45,67,28,85,44,21,15,36,86,247
delkto01,Tony Delk,SHOOTING GUARD,32,ATLANTA HAWKS,1,0,7,0,1,0,0,2,2,1,1,0,0,0,0,0,2
delkto01,Tony Delk,POINT GUARD,32,DETROIT PISTONS,23,0,378,71,160,20,47,18,25,13,38,33,13,1,19,28,180
denglu01,Luol Deng,SMALL FORWARD,20,CHICAGO BULLS,78,56,2604,442,954,21,78,207,276,127,389,147,72,50,105,128,1112
diawbo01,Boris Diaw,POWER FORWARD,23,PHOENIX SUNS,81,70,2874,449,853,8,30,174,238,159,399,503,58,85,189,260,1080
dickada01,Dan Dickau,POINT GUARD,27,BOSTON CELTICS,19,0,234,17,46,10,20,18,18,5,11,40,11,1,18,40,62
dienetr01,Travis Diener,POINT GUARD,23,ORLANDO MAGIC,23,0,246,29,69,25,57,5,6,4,17,16,7,0,10,22,88
dioguik01,Ike Diogu,POWER FORWARD,22,GOLDEN STATE WARRIORS,69,14,1031,175,334,0,0,136,168,95,134,29,15,30,78,164,486
diopde01,DeSagana Diop,CENTER,24,DALLAS MAVERICKS,81,45,1510,75,154,1,2,39,72,145,229,23,44,146,36,253,190
dixonju01,Juan Dixon,SHOOTING GUARD,27,PORTLAND TRAIL BLAZERS,76,42,1920,357,821,65,170,156,194,30,147,149,58,6,113,157,935
doleami01,Michael Doleac,CENTER,28,MIAMI HEAT,31,3,371,37,88,0,0,24,30,23,62,8,10,7,14,45,98
doolike01,Keyon Dooling,POINT GUARD,25,ORLANDO MAGIC,50,7,1137,178,405,13,43,101,121,11,67,109,49,4,82,116,470
duhonch01,Chris Duhon,POINT GUARD,23,CHICAGO BULLS,74,38,2155,215,538,100,278,117,143,28,192,373,70,3,117,152,647
duncati01,Tim Duncan,POWER FORWARD,29,SAN ANTONIO SPURS,80,80,2784,574,1185,2,5,335,533,231,650,253,70,162,198,219,1485
dunlemi02,Mike Dunleavy,SMALL FORWARD,25,GOLDEN STATE WARRIORS,81,68,2578,331,816,74,260,196,252,78,321,237,60,32,120,199,932
duprero01,Ronald Dupree,SMALL FORWARD,25,MINNESOTA TIMBERWOLVES,36,0,265,33,63,0,1,14,41,21,28,14,12,0,14,44,80
edwarjo01,John Edwards,CENTER,24,ATLANTA HAWKS,40,4,296,31,64,0,0,8,11,18,30,5,3,15,12,76,70
eisleho01,Howard Eisley,POINT GUARD,33,LOS ANGELES CLIPPERS,13,0,112,4,17,1,4,0,0,1,13,25,3,0,3,11,9
eisleho01,Howard Eisley,POINT GUARD,33,DENVER NUGGETS,19,0,282,30,86,12,38,20,24,2,17,44,8,2,18,23,92
ellismo01,Monta Ellis,SHOOTING GUARD,20,GOLDEN STATE WARRIORS,49,3,886,132,318,28,82,42,59,22,83,78,32,11,58,69,334
elsonfr01,Francisco Elson,CENTER,29,DENVER NUGGETS,72,54,1579,151,284,1,5,49,74,99,240,47,54,45,65,211,352
elyme01,Melvin Ely,POWER FORWARD,27,CHARLOTTE BOBCATS,57,22,1348,216,425,0,2,128,192,94,183,76,29,44,100,160,560
evansma01,Maurice Evans,SHOOTING GUARD,27,DETROIT PISTONS,80,1,1139,154,341,43,116,52,65,76,87,60,41,15,39,122,403
evansre01,Reggie Evans,POWER FORWARD,25,SEATTLE SUPERSONICS,41,23,788,88,173,0,1,66,120,114,162,23,24,5,41,95,242
evansre01,Reggie Evans,POWER FORWARD,25,DENVER NUGGETS,26,2,605,43,95,0,0,49,97,57,169,15,16,5,44,71,135
ewingda01,Daniel Ewing,SHOOTING GUARD,22,LOS ANGELES CLIPPERS,66,5,971,97,255,22,78,36,46,23,62,84,37,6,57,86,252
felixno01,Noel Felix,SMALL FORWARD,24,SEATTLE SUPERSONICS,12,0,82,6,25,1,3,5,8,3,10,2,2,3,8,13,18
feltora01,Raymond Felton,POINT GUARD,21,CHARLOTTE BOBCATS,80,54,2406,345,883,97,271,161,222,77,188,446,102,8,182,181,948
finlemi01,Michael Finley,SHOOTING GUARD,32,SAN ANTONIO SPURS,77,18,2038,286,695,110,279,98,115,31,216,116,37,7,62,97,780
fishede01,Derek Fisher,POINT GUARD,31,GOLDEN STATE WARRIORS,82,36,2589,364,887,117,295,244,293,36,175,352,125,8,156,237,1089
fitchge01,Gerald Fitch,POINT GUARD,23,MIAMI HEAT,18,1,239,30,89,7,26,17,23,7,23,33,7,5,15,28,84
fizerma01,Marcus Fizer,POWER FORWARD,27,NEW ORLEANS/OKLAHOMA CITY HORNETS,3,0,39,9,17,1,1,1,2,1,6,1,0,0,2,5,20
fordsh02,Sharrod Ford,POWER FORWARD,24,PHOENIX SUNS,3,0,13,2,3,0,0,0,0,1,2,0,0,1,2,7,4
fordtj01,T.J. Ford,POINT GUARD,22,MILWAUKEE BUCKS,72,70,2557,328,789,35,104,187,248,63,248,473,104,7,219,196,878
fortsda01,Danny Fortson,CENTER,29,SEATTLE SUPERSONICS,23,1,276,27,51,0,0,33,43,31,47,2,4,2,26,76,87
fosteje01,Jeff Foster,CENTER,29,INDIANA PACERS,63,37,1581,138,250,0,4,96,159,224,350,50,41,27,64,191,372
foylead01,Adonal Foyle,CENTER,30,GOLDEN STATE WARRIORS,77,72,1824,152,300,0,0,41,67,143,281,33,44,125,80,215,345
frahmri01,Richie Frahm,SHOOTING GUARD,28,MINNESOTA TIMBERWOLVES,25,0,225,24,65,15,48,3,5,3,20,15,3,2,4,22,66
frahmri01,Richie Frahm,SHOOTING GUARD,28,HOUSTON ROCKETS,8,0,117,15,35,8,22,4,5,0,10,6,1,0,4,8,42
francst01,Steve Francis,POINT GUARD,28,ORLANDO MAGIC,46,45,1734,249,575,18,70,231,290,60,159,262,51,11,156,142,747
francst01,Steve Francis,SHOOTING GUARD,28,NEW YORK KNICKS,24,15,659,84,190,7,13,83,109,14,57,83,23,6,58,62,258
fryech01,Channing Frye,CENTER,22,NEW YORK KNICKS,65,14,1572,305,640,3,9,189,229,138,236,53,30,47,97,200,802
gadzuda01,Dan Gadzuric,CENTER,27,MILWAUKEE BUCKS,74,0,885,171,309,0,1,41,89,91,141,24,25,43,35,171,383
gaide01,Deng Gai,CENTER,23,PHILADELPHIA 76ERS,2,0,5,0,0,0,0,0,0,0,0,0,0,0,0,0,0
gainere01,Reece Gaines,POINT GUARD,25,MILWAUKEE BUCKS,12,0,54,6,12,0,2,1,4,0,0,3,1,0,1,1,13
garcifr01,Francisco García,SMALL FORWARD,24,SACRAMENTO KINGS,67,11,1301,130,325,39,137,78,101,39,146,94,41,47,75,135,377
garneke01,Kevin Garnett,POWER FORWARD,29,MINNESOTA TIMBERWOLVES,76,76,2957,626,1191,8,30,396,489,214,752,308,104,107,180,206,1656
garripa01,Pat Garrity,POWER FORWARD,29,ORLANDO MAGIC,57,0,938,101,242,50,129,30,37,31,77,38,12,9,38,108,282
gasolpa01,Pau Gasol,POWER FORWARD,25,MEMPHIS GRIZZLIES,80,80,3135,600,1194,3,12,425,617,191,522,371,46,153,235,184,1628
georgde01,Devean George,SMALL FORWARD,28,LOS ANGELES LAKERS,71,5,1542,170,425,50,160,58,86,82,192,68,66,34,54,159,448
gilled01,Eddie Gill,POINT GUARD,27,INDIANA PACERS,41,0,122,10,45,7,23,18,23,0,15,12,11,1,9,13,45
ginobma01,Manu Ginóbili,SHOOTING GUARD,28,SAN ANTONIO SPURS,65,56,1813,309,669,83,217,280,360,42,188,235,101,26,121,156,981
giricgo01,Gordan Giriček,SHOOTING GUARD,28,UTAH JAZZ,37,36,956,166,383,18,59,43,57,15,55,63,16,4,63,87,393
goldwan01,Anthony Goldwire,POINT GUARD,34,LOS ANGELES CLIPPERS,3,0,22,1,7,0,2,0,0,0,1,2,0,0,1,0,2
gomesry01,Ryan Gomes,POWER FORWARD,23,BOSTON CELTICS,61,33,1376,173,355,3,9,112,149,102,196,58,35,5,55,83,461
goodedr01,Drew Gooden,POWER FORWARD,24,CLEVELAND CAVALIERS,79,79,2174,334,652,1,3,176,258,237,428,56,52,49,106,190,845
gordobe01,Ben Gordon,SHOOTING GUARD,22,CHICAGO BULLS,80,47,2482,486,1152,166,382,211,268,43,176,240,75,5,180,238,1349
grahajo01,Joey Graham,SMALL FORWARD,23,TORONTO RAPTORS,80,24,1581,198,414,29,87,108,133,57,187,60,37,13,92,228,533
grahast01,Stephen Graham,SHOOTING GUARD,23,HOUSTON ROCKETS,6,0,38,6,16,1,5,4,4,1,6,3,2,0,5,5,17
grahast01,Stephen Graham,SHOOTING GUARD,23,CHICAGO BULLS,3,0,20,1,5,1,4,2,2,0,3,1,0,0,1,3,5
grahast01,Stephen Graham,SHOOTING GUARD,23,CLEVELAND CAVALIERS,13,0,117,14,33,0,1,8,9,4,13,3,3,2,7,23,36
grangda01,Danny Granger,SMALL FORWARD,22,INDIANA PACERS,78,17,1765,221,478,30,93,115,148,131,253,90,58,62,80,211,587
grantbr01,Brian Grant,CENTER,33,PHOENIX SUNS,21,2,248,27,65,0,0,7,8,11,46,7,5,3,7,45,61
greende01,Devin Green,SHOOTING GUARD,23,LOS ANGELES LAKERS,27,0,135,6,28,0,2,13,21,10,14,7,3,0,5,13,25
greenge01,Gerald Green,SHOOTING GUARD,20,BOSTON CELTICS,32,3,374,66,138,6,20,29,37,10,31,18,13,4,22,41,167
greenwi01,Willie Green,SHOOTING GUARD,24,PHILADELPHIA 76ERS,10,2,153,28,66,10,19,4,5,1,14,5,2,0,12,13,70
greenor01,Orien Greene,POINT GUARD,23,BOSTON CELTICS,80,5,1235,100,253,9,40,45,68,37,108,129,77,10,109,181,254
griffad01,Adrian Griffin,SHOOTING GUARD,31,DALLAS MAVERICKS,52,45,1245,98,204,0,2,41,53,75,152,89,51,9,39,113,237
griffed01,Eddie Griffin,CENTER,23,MINNESOTA TIMBERWOLVES,70,27,1359,130,370,16,82,44,74,107,282,40,13,148,43,125,320
grundan01,Anthony Grundy,SHOOTING GUARD,26,ATLANTA HAWKS,12,0,108,19,38,5,15,9,14,1,16,9,7,0,9,14,52
hamilri01,Richard Hamilton,SHOOTING GUARD,27,DETROIT PISTONS,80,80,2825,649,1322,55,120,256,303,84,172,275,52,16,173,207,1609
hamilze01,Zendon Hamilton,CENTER,30,CLEVELAND CAVALIERS,11,0,46,7,13,0,0,11,16,3,8,0,3,0,6,4,25
hamilze01,Zendon Hamilton,CENTER,30,PHILADELPHIA 76ERS,1,0,3,0,1,0,0,1,2,0,0,0,1,0,0,1,1
hardaan01,Anfernee Hardaway,SMALL FORWARD,34,NEW YORK KNICKS,4,0,72,4,14,0,1,2,2,0,10,8,2,0,6,7,10
harprma01,Matt Harpring,SMALL FORWARD,29,UTAH JAZZ,71,32,1944,322,678,14,39,227,313,158,210,98,59,14,109,202,885
harrial01,Al Harrington,POWER FORWARD,25,ATLANTA HAWKS,76,76,2782,551,1220,66,191,243,350,132,391,238,85,14,195,301,1411
harriot01,Othella Harrington,CENTER,32,CHICAGO BULLS,72,23,824,135,273,0,0,77,123,54,100,39,7,13,61,131,347
harride01,Devin Harris,POINT GUARD,22,DALLAS MAVERICKS,56,4,1275,190,405,5,21,169,236,26,99,177,53,16,84,121,554
harrida01,David Harrison,CENTER,23,INDIANA PACERS,67,17,1034,148,294,0,0,89,174,84,170,14,23,59,79,193,385
hartja01,Jason Hart,POINT GUARD,27,SACRAMENTO KINGS,66,0,818,86,221,9,31,37,56,12,59,70,31,5,43,85,218
hasleud01,Udonis Haslem,POWER FORWARD,25,MIAMI HEAT,81,80,2491,300,591,0,2,157,199,167,467,95,50,17,80,216,757
hassetr01,Trenton Hassell,SHOOTING GUARD,26,MINNESOTA TIMBERWOLVES,77,67,2514,286,616,7,23,131,176,82,134,203,43,29,124,201,710
hayesch01,Chuck Hayes,POWER FORWARD,22,HOUSTON ROCKETS,40,0,535,59,105,0,1,29,45,67,112,14,26,14,12,76,147
hayesja01,Jarvis Hayes,SHOOTING GUARD,24,WASHINGTON WIZARDS,21,13,516,77,183,17,47,25,30,19,57,27,16,1,22,38,196
haywobr01,Brendan Haywood,CENTER,26,WASHINGTON WIZARDS,79,70,1879,222,432,0,0,131,224,200,267,46,30,104,97,232,575
headlu01,Luther Head,SHOOTING GUARD,23,HOUSTON ROCKETS,80,27,2310,254,630,113,313,86,123,33,233,215,89,9,119,169,707
hendeal01,Alan Henderson,CENTER,33,CLEVELAND CAVALIERS,51,3,531,47,91,0,0,33,49,60,77,10,9,12,22,58,127
hilarne01,Nenê,POWER FORWARD,23,DENVER NUGGETS,1,0,3,0,1,0,0,0,0,0,0,0,0,0,2,1,0
hillgr01,Grant Hill,SMALL FORWARD,33,ORLANDO MAGIC,21,17,613,119,243,2,8,78,102,15,65,48,24,6,35,50,318
hinriki01,Kirk Hinrich,POINT GUARD,25,CHICAGO BULLS,81,81,2955,451,1078,126,341,256,314,29,259,514,94,21,188,251,1284
hodgeju01,Julius Hodge,SHOOTING GUARD,22,DENVER NUGGETS,14,0,33,5,13,0,0,3,8,5,2,6,2,0,8,7,13
holcora01,Randy Holcomb,SMALL FORWARD,26,CHICAGO BULLS,4,0,11,1,1,0,0,0,0,1,0,0,0,0,0,2,2
horryro01,Robert Horry,POWER FORWARD,35,SAN ANTONIO SPURS,63,3,1182,112,292,53,144,44,68,71,171,79,43,51,41,115,321
houseed01,Eddie House,POINT GUARD,27,PHOENIX SUNS,81,0,1421,320,759,123,316,33,41,15,117,148,42,12,76,96,796
howardw01,Dwight Howard,POWER FORWARD,20,ORLANDO MAGIC,82,81,3021,468,881,0,2,356,598,288,734,125,65,115,217,277,1292
howarjo01,Josh Howard,SMALL FORWARD,25,DALLAS MAVERICKS,59,58,1915,350,743,27,63,196,267,123,248,111,68,26,79,167,923
howarju01,Juwan Howard,POWER FORWARD,32,HOUSTON ROCKETS,80,80,2537,394,859,0,4,154,191,168,367,112,49,8,133,235,942
hudsotr01,Troy Hudson,POINT GUARD,29,MINNESOTA TIMBERWOLVES,36,0,800,127,333,40,101,48,52,8,36,106,12,4,40,55,342
hughela01,Larry Hughes,SHOOTING GUARD,27,CLEVELAND CAVALIERS,36,31,1281,192,469,28,76,146,193,26,135,131,53,21,99,117,558
humphkr01,Kris Humphries,POWER FORWARD,20,UTAH JAZZ,62,2,619,77,203,0,5,34,65,56,101,30,23,16,31,82,188
hunteli01,Lindsey Hunter,POINT GUARD,35,DETROIT PISTONS,30,1,353,37,100,11,43,2,4,10,30,62,19,1,20,44,87
huntest01,Steven Hunter,CENTER,24,PHILADELPHIA 76ERS,69,35,1312,175,291,0,0,71,138,110,161,17,12,76,64,120,421
iguodan01,Andre Iguodala,SMALL FORWARD,22,PHILADELPHIA 76ERS,82,82,3086,344,688,56,158,263,349,117,364,255,135,21,153,198,1007
ilgauzy01,Zydrunas Ilgauskas,CENTER,30,CLEVELAND CAVALIERS,78,78,2283,450,889,0,5,317,380,245,346,91,38,136,155,280,1217
mbengdj01,D.J. Mbenga,CENTER,25,DALLAS MAVERICKS,43,1,237,32,60,0,1,10,20,19,37,2,6,25,16,47,74
iversal01,Allen Iverson,POINT GUARD,30,PHILADELPHIA 76ERS,72,72,3103,815,1822,72,223,675,829,44,188,532,140,10,248,121,2377
iveyro01,Royal Ivey,POINT GUARD,24,ATLANTA HAWKS,73,66,978,116,264,4,10,24,33,31,65,74,24,7,23,147,260
jackja01,Jarrett Jack,SHOOTING GUARD,22,PORTLAND TRAIL BLAZERS,79,4,1599,189,428,20,76,128,160,18,142,219,41,2,102,138,526
jacksbo01,Bobby Jackson,POINT GUARD,32,MEMPHIS GRIZZLIES,71,15,1775,286,748,129,332,107,146,44,179,195,61,1,101,155,808
jacksje01,Jermaine Jackson,POINT GUARD,29,MILWAUKEE BUCKS,30,2,202,11,26,1,4,12,14,8,19,25,4,1,13,19,35
jacksji01,Jim Jackson,SMALL FORWARD,35,PHOENIX SUNS,27,1,420,38,129,14,63,9,13,11,53,31,10,6,30,46,99
jacksji01,Jim Jackson,SMALL FORWARD,35,LOS ANGELES LAKERS,13,0,92,9,31,4,11,0,0,0,12,4,2,0,5,5,22
jackslu02,Luke Jackson,SMALL FORWARD,24,CLEVELAND CAVALIERS,36,0,315,29,85,12,36,26,33,16,24,25,11,2,31,30,96
jacksma02,Marc Jackson,CENTER,31,NEW JERSEY NETS,37,0,433,66,148,0,0,38,48,30,59,22,5,6,28,70,170
jacksma02,Marc Jackson,CENTER,31,NEW ORLEANS/OKLAHOMA CITY HORNETS,27,10,594,108,221,1,2,28,34,56,72,22,8,2,37,56,245
jacksst02,Stephen Jackson,SHOOTING GUARD,27,INDIANA PACERS,81,81,2910,472,1148,117,339,268,341,48,264,225,104,43,203,195,1329
jamesje01,Jerome James,CENTER,30,NEW YORK KNICKS,45,9,406,56,121,0,0,25,40,39,52,12,3,23,51,104,137
jamesle01,LeBron James,SMALL FORWARD,21,CLEVELAND CAVALIERS,79,79,3361,875,1823,127,379,601,814,75,481,521,123,66,260,181,2478
jamesmi01,Mike James,POINT GUARD,30,TORONTO RAPTORS,79,79,2925,576,1228,169,382,283,338,45,217,460,72,3,206,214,1604
jamisan01,Antawn Jamison,SMALL FORWARD,29,WASHINGTON WIZARDS,82,80,3288,660,1494,147,373,217,297,167,598,158,90,12,137,189,1684
jaricma01,Marko Jarić,POINT GUARD,27,MINNESOTA TIMBERWOLVES,75,49,2102,226,566,40,133,95,138,60,173,293,108,21,127,189,587
jasiksa01,Šarūnas Jasikevičius,POINT GUARD,29,INDIANA PACERS,75,15,1557,170,429,86,236,121,133,19,134,227,40,4,116,108,547
jeffeal01,Al Jefferson,POWER FORWARD,21,BOSTON CELTICS,59,7,1062,189,379,0,4,86,134,97,202,30,30,46,62,166,464
jefferi01,Richard Jefferson,SMALL FORWARD,25,NEW JERSEY NETS,78,78,3059,495,1005,60,188,471,580,95,439,297,59,17,174,193,1521
jeffrja01,Jared Jeffries,POWER FORWARD,24,WASHINGTON WIZARDS,77,77,1951,187,415,16,50,99,168,164,215,148,58,50,99,223,489
johnsam01,Amir Johnson,SMALL FORWARD,18,DETROIT PISTONS,3,0,39,7,10,2,3,4,4,3,1,3,0,2,4,7,20
johnsan02,Anthony Johnson,POINT GUARD,31,INDIANA PACERS,75,53,1981,267,603,51,155,106,141,31,137,324,63,22,115,132,691
johnsde03,DerMarr Johnson,SHOOTING GUARD,25,DENVER NUGGETS,58,21,924,132,306,56,160,34,42,19,77,55,25,26,46,86,354
johnser02,Ervin Johnson,CENTER,38,MILWAUKEE BUCKS,18,0,81,7,17,0,0,1,2,5,19,2,1,2,5,23,15
johnsjo02,Joe Johnson,SHOOTING GUARD,24,ATLANTA HAWKS,82,82,3340,632,1395,128,360,261,330,98,237,536,103,31,267,187,1653
johnsli01,Linton Johnson,SMALL FORWARD,25,NEW JERSEY NETS,9,0,35,5,10,0,0,1,4,0,7,2,2,0,4,7,11
johnsli01,Linton Johnson,SMALL FORWARD,25,NEW ORLEANS/OKLAHOMA CITY HORNETS,27,7,489,56,139,13,36,17,23,40,75,12,10,12,24,54,142
jonesda02,Dahntay Jones,SMALL FORWARD,25,MEMPHIS GRIZZLIES,71,4,967,109,263,3,21,60,93,20,84,39,38,15,50,108,281
jonesda01,Damon Jones,POINT GUARD,29,CLEVELAND CAVALIERS,82,7,2089,190,491,140,371,32,50,14,119,169,37,1,55,112,552
jonesdw02,Dwayne Jones,POWER FORWARD,22,BOSTON CELTICS,14,0,87,4,10,0,0,6,13,10,21,2,1,3,3,14,14
jonesed02,Eddie Jones,SHOOTING GUARD,34,MEMPHIS GRIZZLIES,75,75,2437,292,722,133,374,168,215,35,244,177,131,27,93,201,885
jonesfr01,Fred Jones,SHOOTING GUARD,26,INDIANA PACERS,68,2,1837,233,559,63,187,122,160,18,152,154,55,20,107,142,651
jonesja02,James Jones,SMALL FORWARD,25,PHOENIX SUNS,75,24,1772,243,581,110,285,103,121,44,209,57,38,49,35,142,699
jonesju01,Jumaine Jones,POWER FORWARD,26,CHARLOTTE BOBCATS,76,42,2089,298,736,115,335,88,121,105,271,63,68,22,74,200,799
kamanch01,Chris Kaman,CENTER,23,LOS ANGELES CLIPPERS,78,78,2560,369,706,0,2,194,252,187,563,79,45,108,176,269,932
kaponja01,Jason Kapono,SMALL FORWARD,24,MIAMI HEAT,51,2,665,79,177,21,53,28,33,12,59,37,7,3,20,89,207
kasunma01,Mario Kasun,CENTER,25,ORLANDO MAGIC,28,0,213,31,69,0,0,18,23,24,36,3,2,3,15,69,80
khryavi01,Viktor Khryapa,SMALL FORWARD,23,PORTLAND TRAIL BLAZERS,69,53,1492,158,342,10,30,77,111,114,193,88,50,29,84,209,403
kiddja01,Jason Kidd,POINT GUARD,32,NEW JERSEY NETS,80,80,2975,366,905,139,395,194,244,86,494,672,150,29,192,157,1065
kirilan01,Andrei Kirilenko,SMALL FORWARD,24,UTAH JAZZ,69,63,2604,336,730,36,117,346,495,161,391,299,102,220,203,162,1054
kleizli01,Linas Kleiza,POWER FORWARD,21,DENVER NUGGETS,61,2,519,77,173,2,13,57,81,38,78,15,10,13,16,87,213
knighbr01,Brevin Knight,POINT GUARD,30,CHARLOTTE BOBCATS,69,67,2351,308,772,3,13,252,314,35,188,610,157,4,164,202,871
korolya01,Yaroslav Korolev,SMALL FORWARD,18,LOS ANGELES CLIPPERS,24,0,127,9,30,2,7,7,10,5,8,9,3,0,6,11,27
korveky01,Kyle Korver,SMALL FORWARD,24,PHILADELPHIA 76ERS,82,43,2563,327,761,184,438,101,119,27,243,163,65,26,98,224,939
krstine01,Nenad Krstić,POWER FORWARD,22,NEW JERSEY NETS,80,80,2469,447,881,1,4,185,265,182,331,88,32,63,133,297,1080
kukocto01,Toni Kukoč,POWER FORWARD,37,MILWAUKEE BUCKS,65,0,1018,116,298,45,147,40,56,26,124,139,33,17,66,87,317
lafrera01,Raef LaFrentz,POWER FORWARD,29,BOSTON CELTICS,82,63,2033,238,552,112,286,51,75,80,326,115,29,72,65,273,639
lampema01,Maciej Lampe,CENTER,20,NEW ORLEANS/OKLAHOMA CITY HORNETS,2,0,16,0,4,0,0,0,0,1,3,2,0,0,1,2,0
lampema01,Maciej Lampe,CENTER,20,HOUSTON ROCKETS,4,0,12,2,7,0,0,0,2,3,2,0,0,0,2,0,4
leeda02,David Lee,SMALL FORWARD,22,NEW YORK KNICKS,67,14,1129,137,230,0,0,71,123,109,194,43,30,20,51,124,345
lenarvo01,Voshon Lenard,SHOOTING GUARD,32,DENVER NUGGETS,12,6,238,42,103,10,35,5,13,2,26,18,8,2,11,21,99
lenarvo01,Voshon Lenard,SHOOTING GUARD,32,PORTLAND TRAIL BLAZERS,14,0,220,33,88,15,43,11,18,3,16,23,13,2,20,18,92
lewisra02,Rashard Lewis,SMALL FORWARD,26,SEATTLE SUPERSONICS,78,77,2876,538,1151,142,370,350,428,111,279,182,102,50,141,191,1568
livinra01,Randy Livingston,POINT GUARD,30,CHICAGO BULLS,5,0,22,0,2,0,0,0,0,1,3,1,1,0,1,6,0
livinsh01,Shaun Livingston,POINT GUARD,20,LOS ANGELES CLIPPERS,61,14,1525,149,349,1,8,53,77,41,142,273,46,32,111,160,352
lucasjo02,John Lucas III,POINT GUARD,23,HOUSTON ROCKETS,13,0,107,14,36,2,9,0,0,2,3,12,5,0,7,6,30
luety01,Tyronn Lue,POINT GUARD,28,ATLANTA HAWKS,51,10,1234,192,418,58,127,118,138,13,69,157,26,3,75,113,560
macijar01,Arvydas Macijauskas,SHOOTING GUARD,26,NEW ORLEANS/OKLAHOMA CITY HORNETS,19,0,135,14,41,3,12,13,15,3,7,5,7,0,8,10,44
madsema01,Mark Madsen,CENTER,30,MINNESOTA TIMBERWOLVES,62,7,676,27,66,0,7,20,47,50,91,11,23,17,26,114,74
maggeco01,Corey Maggette,SMALL FORWARD,26,LOS ANGELES CLIPPERS,32,13,943,167,375,24,71,212,256,28,141,66,19,4,78,95,570
magloja01,Jamaal Magloire,CENTER,27,MILWAUKEE BUCKS,82,82,2465,287,615,0,0,178,333,220,558,56,29,80,166,276,752
marbust01,Stephon Marbury,POINT GUARD,28,NEW YORK KNICKS,60,60,2193,349,774,33,104,246,326,25,150,382,63,4,157,143,977
mariosh01,Shawn Marion,POWER FORWARD,27,PHOENIX SUNS,81,81,3263,716,1365,96,290,241,298,249,710,143,160,137,125,223,1769
marksse01,Sean Marks,POWER FORWARD,30,SAN ANTONIO SPURS,25,0,181,37,71,0,3,7,12,12,31,7,5,7,7,21,81
marshdo01,Donyell Marshall,POWER FORWARD,32,CLEVELAND CAVALIERS,81,0,2077,265,671,128,395,92,123,105,387,60,59,41,90,160,750
marshra01,Rawle Marshall,SMALL FORWARD,23,DALLAS MAVERICKS,23,9,241,24,60,1,3,22,29,8,23,10,8,7,15,17,71
martida01,Darrick Martin,POINT GUARD,34,TORONTO RAPTORS,40,0,339,34,97,16,40,18,24,2,18,57,17,0,15,42,102
martike01,Kenyon Martin,POWER FORWARD,28,DENVER NUGGETS,56,49,1546,297,600,5,22,121,170,93,260,79,43,52,72,171,720
martike02,Kevin Martin,SHOOTING GUARD,22,SACRAMENTO KINGS,72,41,1913,262,546,66,179,188,222,58,203,97,55,9,81,138,778
masonde01,Desmond Mason,SMALL FORWARD,28,NEW ORLEANS/OKLAHOMA CITY HORNETS,70,55,2102,275,690,1,6,206,302,64,234,66,42,17,113,136,757
maxieja01,Jason Maxiell,POWER FORWARD,22,DETROIT PISTONS,26,0,159,23,54,0,0,14,42,12,16,3,4,5,11,14,60
mayse01,Sean May,POWER FORWARD,21,CHARLOTTE BOBCATS,23,1,398,70,171,0,5,49,64,42,67,22,17,12,33,58,189
mccanra01,Rashad McCants,SHOOTING GUARD,21,MINNESOTA TIMBERWOLVES,79,12,1362,241,535,67,180,78,106,29,114,63,44,22,86,176,627
mccarwa01,Walter McCarty,SMALL FORWARD,31,LOS ANGELES CLIPPERS,36,1,353,33,99,10,45,12,21,15,53,23,8,5,19,52,88
mcdyean01,Antonio McDyess,POWER FORWARD,31,DETROIT PISTONS,82,0,1733,285,560,0,2,68,122,156,280,90,46,48,76,220,638
mcgratr01,Tracy McGrady,SMALL FORWARD,26,HOUSTON ROCKETS,47,47,1745,410,1011,73,234,254,340,46,261,225,59,41,120,88,1147
mcinnje01,Jeff McInnis,SHOOTING GUARD,31,NEW JERSEY NETS,28,1,486,63,143,3,16,20,29,11,39,52,11,2,29,37,149
mckieaa01,Aaron McKie,POINT GUARD,33,LOS ANGELES LAKERS,14,0,121,3,12,0,2,1,2,3,17,11,5,0,2,7,7
mcleoke01,Keith McLeod,POINT GUARD,26,UTAH JAZZ,66,32,1232,120,340,24,82,106,133,11,67,151,42,9,76,131,370
medvest01,Stanislav Medvedenko,POWER FORWARD,26,LOS ANGELES LAKERS,2,0,6,1,2,0,0,0,0,0,0,1,0,0,0,1,2
mihmch01,Chris Mihm,CENTER,26,LOS ANGELES LAKERS,59,56,1541,230,459,0,0,144,201,137,236,61,16,73,83,214,604
milesaa01,Aaron Miles,POINT GUARD,22,GOLDEN STATE WARRIORS,19,0,118,6,18,0,0,4,4,0,14,24,4,1,11,13,16
milescj01,C.J. Miles,POINT GUARD,18,UTAH JAZZ,23,0,203,28,76,5,20,18,24,18,20,16,7,2,9,20,79
milesda01,Darius Miles,SMALL FORWARD,24,PORTLAND TRAIL BLAZERS,40,23,1286,235,510,2,10,87,163,24,158,73,42,39,99,100,559
milicda01,Darko Miličić,CENTER,20,DETROIT PISTONS,25,0,140,17,33,0,2,3,8,10,18,9,3,15,15,25,37
milicda01,Darko Miličić,CENTER,20,ORLANDO MAGIC,30,1,627,102,201,0,0,25,42,34,89,32,11,62,36,67,229
millean02,Andre Miller,POINT GUARD,29,DENVER NUGGETS,82,82,2937,404,872,5,27,313,424,92,259,674,106,18,256,213,1126
millebr01,Brad Miller,CENTER,29,SACRAMENTO KINGS,79,79,2923,434,877,34,88,280,338,122,493,374,61,62,180,234,1182
millemi01,Mike Miller,SHOOTING GUARD,25,MEMPHIS GRIZZLIES,74,9,2268,354,760,138,339,168,210,42,355,200,52,27,140,173,1014
mingya01,Yao Ming,CENTER,25,HOUSTON ROCKETS,57,57,1949,467,900,0,1,337,395,148,433,85,30,94,147,195,1271
moblecu01,Cuttino Mobley,SHOOTING GUARD,30,LOS ANGELES CLIPPERS,79,74,2979,429,1008,83,245,229,273,50,291,238,93,36,145,208,1170
mohamna01,Nazr Mohammed,CENTER,28,SAN ANTONIO SPURS,80,30,1389,190,377,0,0,113,144,163,255,40,21,49,91,220,493
moniase01,Sergei Monia,SMALL FORWARD,22,PORTLAND TRAIL BLAZERS,23,15,336,29,85,9,33,8,12,11,40,19,6,5,12,41,75
moniase01,Sergei Monia,SMALL FORWARD,22,SACRAMENTO KINGS,3,0,7,0,2,0,1,2,2,0,1,0,1,0,0,0,2
mooremi01,Mikki Moore,CENTER,30,SEATTLE SUPERSONICS,47,1,583,54,124,0,2,46,62,44,86,27,7,15,40,92,154
morrite01,Terence Morris,SMALL FORWARD,27,ORLANDO MAGIC,22,0,192,16,49,0,2,3,3,6,32,4,6,5,7,19,35
mournal01,Alonzo Mourning,CENTER,35,MIAMI HEAT,65,20,1302,188,315,0,1,133,224,125,234,11,13,173,79,177,509
murphtr01,Troy Murphy,POWER FORWARD,25,GOLDEN STATE WARRIORS,74,74,2516,363,838,58,181,251,319,195,548,101,47,26,108,191,1035
murrala01,Lamond Murray,SMALL FORWARD,32,NEW JERSEY NETS,57,1,576,72,181,27,78,25,40,29,103,13,17,7,22,66,196
murraro01,Ronald Murray,SHOOTING GUARD,26,SEATTLE SUPERSONICS,48,2,1085,179,451,17,76,99,138,18,68,120,30,4,79,69,474
murraro01,Ronald Murray,SHOOTING GUARD,26,CLEVELAND CAVALIERS,28,25,1027,142,317,20,65,73,104,15,52,77,38,7,56,64,377
mutomdi01,Dikembe Mutombo,CENTER,39,HOUSTON ROCKETS,64,23,955,50,95,0,0,69,91,100,206,4,17,57,35,128,169
ndongbo01,Boniface N'Dong,CENTER,28,LOS ANGELES CLIPPERS,23,1,152,22,53,0,1,6,9,15,22,7,2,5,6,23,50
nachbbo01,Boštjan Nachbar,POWER FORWARD,25,NEW ORLEANS/OKLAHOMA CITY HORNETS,25,13,405,42,124,17,57,25,36,4,45,22,13,5,20,52,126
nachbbo01,Boštjan Nachbar,SMALL FORWARD,25,NEW JERSEY NETS,11,0,97,12,32,2,14,5,8,4,7,5,3,0,4,13,31
nailole01,Lee Nailon,POWER FORWARD,30,PHILADELPHIA 76ERS,22,0,237,40,80,0,0,13,15,23,19,7,8,4,10,32,93
najered01,Eduardo Nájera,POWER FORWARD,29,DENVER NUGGETS,64,3,1449,127,301,4,12,89,114,128,197,52,53,34,54,165,347
nashst01,Steve Nash,POINT GUARD,31,PHOENIX SUNS,79,79,2796,541,1056,150,342,257,279,47,286,826,61,12,276,120,1489
nelsoja01,Jameer Nelson,POINT GUARD,23,ORLANDO MAGIC,62,33,1784,347,719,70,165,141,181,39,141,302,70,9,148,174,905
nestera01,Rasho Nesterović,CENTER,29,SAN ANTONIO SPURS,80,51,1515,172,334,0,2,18,30,114,195,33,21,88,53,209,362
newblir01,Ira Newble,SHOOTING GUARD,31,CLEVELAND CAVALIERS,36,3,353,17,57,3,13,11,16,21,35,9,5,10,12,47,48
nocioan01,Andrés Nocioni,POWER FORWARD,26,CHICAGO BULLS,82,43,2239,383,831,93,238,204,242,89,411,117,40,52,120,252,1063
norrimo01,Moochie Norris,POINT GUARD,32,HOUSTON ROCKETS,29,0,241,26,65,0,5,13,17,9,25,29,14,1,16,31,65
norrimo01,Moochie Norris,POINT GUARD,32,NEW ORLEANS/OKLAHOMA CITY HORNETS,16,0,183,20,47,4,9,16,25,3,17,21,6,0,17,18,60
nowitdi01,Dirk Nowitzki,POWER FORWARD,27,DALLAS MAVERICKS,81,81,3089,751,1564,110,271,539,598,115,613,226,58,83,156,164,2151
onealje01,Jermaine O'Neal,POWER FORWARD,27,INDIANA PACERS,51,47,1802,380,805,3,10,261,368,102,374,133,27,117,151,177,1024
onealsh01,Shaquille O'Neal,CENTER,33,MIAMI HEAT,59,58,1806,480,800,0,0,221,471,172,369,113,23,104,168,230,1181
obertfa01,Fabricio Oberto,CENTER,30,SAN ANTONIO SPURS,59,0,490,44,93,0,2,15,27,57,66,27,9,11,28,91,103
odomla01,Lamar Odom,POWER FORWARD,26,LOS ANGELES LAKERS,80,80,3221,445,925,80,215,216,313,181,557,443,75,64,213,256,1186
okafoem01,Emeka Okafor,POWER FORWARD,23,CHARLOTTE BOBCATS,26,25,874,131,316,0,0,82,125,94,167,31,22,50,53,88,344
okurme01,Mehmet Okur,POWER FORWARD,26,UTAH JAZZ,82,82,2945,519,1128,80,234,354,454,211,535,194,40,73,163,285,1472
ollieke01,Kevin Ollie,SHOOTING GUARD,33,PHILADELPHIA 76ERS,70,23,1069,75,174,1,3,41,49,13,85,101,33,3,29,103,192
olowomi01,Michael Olowokandi,CENTER,30,MINNESOTA TIMBERWOLVES,32,24,752,87,195,0,0,19,39,45,134,17,19,27,41,100,193
olowomi01,Michael Olowokandi,CENTER,30,BOSTON CELTICS,16,0,167,20,45,0,0,5,8,5,36,6,3,6,14,22,45
ostergr01,Greg Ostertag,CENTER,32,UTAH JAZZ,60,22,807,61,124,0,0,24,48,82,143,58,6,66,46,129,146
outlabo01,Bo Outlaw,POWER FORWARD,34,ORLANDO MAGIC,32,0,355,35,58,0,0,5,8,31,46,14,10,12,17,50,75
outlatr01,Travis Outlaw,POWER FORWARD,21,PORTLAND TRAIL BLAZERS,69,11,1153,162,368,14,53,62,89,48,141,34,31,46,37,112,400
owensan01,Andre Owens,POINT GUARD,25,UTAH JAZZ,23,2,210,27,74,3,16,12,18,11,10,8,5,0,13,25,69
pachuza01,Zaza Pachulia,CENTER,21,ATLANTA HAWKS,78,78,2452,307,681,0,2,297,404,264,349,129,89,39,180,286,911
padgesc01,Scott Padgett,POWER FORWARD,29,NEW JERSEY NETS,62,1,718,71,201,42,121,27,34,56,109,41,28,12,21,90,211
palacmi01,Milt Palacio,POINT GUARD,27,UTAH JAZZ,71,18,1376,171,403,1,16,98,150,17,117,190,47,14,110,125,441
pargoja01,Jannero Pargo,POINT GUARD,26,CHICAGO BULLS,57,0,646,109,292,39,103,17,21,8,53,94,24,2,61,57,274
parkesm01,Smush Parker,POINT GUARD,24,LOS ANGELES LAKERS,82,82,2773,348,779,120,328,125,180,37,234,302,140,16,147,213,941
parketo01,Tony Parker,POINT GUARD,23,SAN ANTONIO SPURS,80,80,2715,623,1136,11,36,253,358,38,223,460,83,4,249,161,1510
patteru01,Ruben Patterson,SMALL FORWARD,30,PORTLAND TRAIL BLAZERS,45,2,1056,188,379,0,7,138,226,73,81,60,42,12,82,79,514
patteru01,Ruben Patterson,SHOOTING GUARD,30,DENVER NUGGETS,26,20,736,139,256,1,6,65,112,45,45,67,34,9,68,71,344
paulch01,Chris Paul,POINT GUARD,20,NEW ORLEANS/OKLAHOMA CITY HORNETS,78,78,2808,407,947,50,177,394,465,61,339,611,175,6,183,218,1258
pavloal01,Sasha Pavlović,SHOOTING GUARD,22,CLEVELAND CAVALIERS,53,19,813,87,212,35,96,32,49,16,64,25,19,6,42,103,241
paytoga01,Gary Payton,POINT GUARD,37,MIAMI HEAT,81,25,2305,230,547,66,230,100,126,34,199,257,71,10,102,169,626
perkike01,Kendrick Perkins,CENTER,21,BOSTON CELTICS,68,40,1332,137,266,0,2,80,130,140,264,69,21,105,107,199,354
petermo01,Morris Peterson,SHOOTING GUARD,28,TORONTO RAPTORS,82,77,3140,478,1096,177,448,241,294,65,316,190,104,15,126,223,1374
petrojo01,Johan Petro,CENTER,20,SEATTLE SUPERSONICS,68,41,1282,153,300,0,0,47,75,109,187,15,25,51,60,213,353
piatker01,Eric Piatkowski,SHOOTING GUARD,35,CHICAGO BULLS,29,1,228,24,61,9,33,2,5,4,19,13,6,1,11,20,59
piercpa01,Paul Pierce,SMALL FORWARD,28,BOSTON CELTICS,79,79,3084,689,1462,111,314,627,812,77,453,375,107,34,273,223,2116
pietrmi01,Mickaël Piétrus,SMALL FORWARD,23,GOLDEN STATE WARRIORS,52,18,1179,169,418,56,176,87,143,58,105,44,33,10,78,132,481
planizo01,Zoran Planinić,POINT GUARD,23,NEW JERSEY NETS,56,1,596,66,183,13,56,46,66,14,60,53,20,4,43,91,191
podkopa01,Pavel Podkolzin,CENTER,21,DALLAS MAVERICKS,1,0,18,0,2,0,0,3,6,0,7,0,0,1,2,0,3
pollasc01,Scot Pollard,CENTER,30,INDIANA PACERS,45,32,771,70,154,0,0,29,38,73,145,24,37,20,26,115,169
poseyja01,James Posey,SMALL FORWARD,29,MIAMI HEAT,67,63,1914,159,395,117,290,48,61,33,286,89,54,20,58,196,483
potapvi01,Vitaly Potapenko,CENTER,30,SEATTLE SUPERSONICS,24,12,321,32,64,0,0,10,17,26,36,7,2,2,14,44,74
potapvi01,Vitaly Potapenko,CENTER,30,SACRAMENTO KINGS,9,0,32,5,7,0,0,0,0,1,1,2,0,0,2,6,10
poweljo01,Josh Powell,POWER FORWARD,23,DALLAS MAVERICKS,37,2,429,37,81,0,0,36,45,28,53,9,7,4,22,52,110
pricero01,Ronnie Price,POINT GUARD,22,SACRAMENTO KINGS,29,0,150,21,58,6,27,12,12,5,10,11,6,0,10,10,60
princta01,Tayshaun Prince,SMALL FORWARD,25,DETROIT PISTONS,82,82,2898,455,999,64,183,182,238,104,242,186,62,39,91,96,1156
profila01,Laron Profit,SHOOTING GUARD,28,LOS ANGELES LAKERS,25,1,279,40,84,3,18,21,24,8,35,15,11,5,24,25,104
przybjo01,Joel Przybilla,CENTER,26,PORTLAND TRAIL BLAZERS,56,52,1395,131,239,0,0,82,154,146,245,43,20,130,76,149,344
radmavl01,Vladimir Radmanović,POWER FORWARD,25,SEATTLE SUPERSONICS,47,16,1089,154,384,72,196,55,62,39,148,72,32,15,53,130,435
radmavl01,Vladimir Radmanović,POWER FORWARD,25,LOS ANGELES CLIPPERS,30,11,885,108,259,66,158,38,52,25,146,64,29,14,40,80,320
randosh01,Shavlik Randolph,POWER FORWARD,22,PHILADELPHIA 76ERS,57,1,487,44,97,0,0,43,71,55,78,19,19,12,21,83,131
randoza01,Zach Randolph,POWER FORWARD,24,PORTLAND TRAIL BLAZERS,74,71,2545,536,1229,16,55,245,343,193,399,144,57,14,165,185,1333
ratlith01,Theo Ratliff,CENTER,32,PORTLAND TRAIL BLAZERS,55,19,1301,108,189,0,0,54,83,89,190,28,18,88,47,143,270
rebraze01,Željko Rebrača,CENTER,33,LOS ANGELES CLIPPERS,29,2,412,52,96,0,0,31,41,13,51,9,5,19,24,59,135
reddmi01,Michael Redd,SHOOTING GUARD,26,MILWAUKEE BUCKS,80,80,3130,682,1516,163,413,501,571,78,264,229,95,5,170,157,2028
reedju01,Justin Reed,SMALL FORWARD,24,BOSTON CELTICS,32,0,291,25,74,0,0,25,40,13,16,7,5,4,15,45,75
reedju01,Justin Reed,SMALL FORWARD,24,MINNESOTA TIMBERWOLVES,40,6,706,94,221,0,1,62,80,40,55,34,18,11,37,118,250
richaja01,Jason Richardson,SHOOTING GUARD,25,GOLDEN STATE WARRIORS,75,75,2877,641,1438,183,477,276,410,105,333,232,97,37,167,206,1741
richaqu01,Quentin Richardson,SMALL FORWARD,25,NEW YORK KNICKS,55,43,1442,163,459,64,188,61,91,65,165,88,39,6,56,134,451
ridnolu01,Luke Ridnour,POINT GUARD,24,SEATTLE SUPERSONICS,79,77,2625,334,799,43,149,199,227,47,188,550,123,22,162,178,910
roberan02,Anthony Roberson,POINT GUARD,22,MEMPHIS GRIZZLIES,16,0,88,14,31,5,10,2,2,0,6,5,1,0,3,6,35
roberla01,Lawrence Roberts,CENTER,23,MEMPHIS GRIZZLIES,33,0,181,20,44,0,2,11,23,26,23,5,8,2,5,30,51
robinbe01,Bernard Robinson,SMALL FORWARD,25,CHARLOTTE BOBCATS,66,18,1303,157,365,2,21,106,134,62,157,77,81,10,74,141,422
robincl02,Clifford Robinson,POWER FORWARD,39,NEW JERSEY NETS,80,13,1863,219,513,60,175,52,79,55,212,89,44,40,62,206,550
robinna01,Nate Robinson,POINT GUARD,21,NEW YORK KNICKS,72,26,1544,230,565,58,146,152,202,56,111,147,59,1,114,201,670
roseja01,Jalen Rose,SMALL FORWARD,33,TORONTO RAPTORS,46,22,1236,180,446,31,115,166,217,15,114,113,20,10,65,101,557
roseja01,Jalen Rose,SHOOTING GUARD,33,NEW YORK KNICKS,26,23,747,110,239,28,57,82,101,13,69,68,10,3,50,55,330
rosema01,Malik Rose,POWER FORWARD,31,NEW YORK KNICKS,72,35,1119,105,281,1,1,107,137,84,175,67,43,14,80,145,318
rossqu01,Quinton Ross,SMALL FORWARD,24,LOS ANGELES CLIPPERS,67,45,1515,130,308,0,7,57,75,38,132,79,51,16,47,155,317
ruffimi01,Michael Ruffin,CENTER,29,WASHINGTON WIZARDS,76,4,1010,34,77,0,2,37,74,122,149,27,33,31,38,179,105
rushka01,Kareem Rush,SHOOTING GUARD,25,CHARLOTTE BOBCATS,47,25,1111,181,469,57,164,55,77,18,85,50,38,13,65,79,474
russebr01,Bryon Russell,SMALL FORWARD,35,DENVER NUGGETS,1,0,3,0,0,0,0,0,0,0,1,1,0,0,0,0,0
salmojo01,John Salmons,SHOOTING GUARD,26,PHILADELPHIA 76ERS,82,24,2059,219,521,26,87,155,200,48,172,223,73,13,125,178,619
sampsja01,Jamal Sampson,POWER FORWARD,22,SACRAMENTO KINGS,12,0,39,5,7,0,0,0,2,5,13,5,0,4,0,5,10
sandeme01,Melvin Sanders,SHOOTING GUARD,25,SAN ANTONIO SPURS,16,0,113,16,33,2,3,7,10,4,19,3,5,0,8,20,41
scalabr01,Brian Scalabrine,POWER FORWARD,27,BOSTON CELTICS,71,1,938,74,193,31,87,26,36,27,87,51,21,19,50,127,205
scaleal01,Alex Scales,SHOOTING GUARD,27,SAN ANTONIO SPURS,1,0,0,0,0,0,0,0,0,0,0,0,0,0,0,0,0
schenlu01,Luke Schenscher,CENTER,23,CHICAGO BULLS,20,0,149,16,26,0,0,4,13,8,21,7,1,3,5,21,36
seungha01,Ha Seung-Jin,CENTER,20,PORTLAND TRAIL BLAZERS,27,4,212,18,31,0,0,8,17,14,35,1,3,8,14,41,44
simiewa01,Wayne Simien,POWER FORWARD,22,MIAMI HEAT,43,2,414,58,120,0,0,30,34,38,50,7,13,1,24,70,146
simmobo01,Bobby Simmons,SMALL FORWARD,25,MILWAUKEE BUCKS,75,74,2538,366,808,105,250,165,200,91,242,172,86,21,123,254,1002
singlja01,James Singleton,SMALL FORWARD,24,LOS ANGELES CLIPPERS,59,10,753,77,151,10,20,39,50,63,134,29,19,21,28,95,203
skinnbr01,Brian Skinner,POWER FORWARD,29,SACRAMENTO KINGS,38,0,429,38,69,0,0,12,27,30,71,17,11,20,18,54,88
skinnbr01,Brian Skinner,CENTER,29,PORTLAND TRAIL BLAZERS,27,5,515,44,91,0,0,15,29,46,81,13,14,23,27,65,103
smithch04,Charles Smith,SHOOTING GUARD,30,PORTLAND TRAIL BLAZERS,21,4,208,30,71,15,37,5,8,3,13,9,5,6,4,27,80
smithch04,Charles Smith,SHOOTING GUARD,30,DENVER NUGGETS,1,0,2,0,1,0,1,0,0,0,0,0,0,0,0,1,0
smithdo04,Donta Smith,SHOOTING GUARD,22,ATLANTA HAWKS,23,0,127,15,27,2,4,6,12,3,11,9,8,0,4,20,38
smithjr01,J.R. Smith,SHOOTING GUARD,20,NEW ORLEANS/OKLAHOMA CITY HORNETS,55,25,989,144,366,52,140,83,101,19,91,58,37,4,54,90,423
smithjo02,Joe Smith,POWER FORWARD,30,MILWAUKEE BUCKS,44,5,887,145,305,0,2,89,115,83,147,31,24,13,40,120,379
smithjo03,Josh Smith,SMALL FORWARD,20,ATLANTA HAWKS,80,73,2559,329,774,34,110,210,292,176,355,191,64,208,162,260,902
snower01,Eric Snow,POINT GUARD,32,CLEVELAND CAVALIERS,82,82,2351,163,399,1,10,64,93,38,160,346,76,19,116,218,391
snydeki01,Kirk Snyder,SHOOTING GUARD,22,NEW ORLEANS/OKLAHOMA CITY HORNETS,68,45,1310,205,453,46,129,86,117,55,106,102,29,23,70,106,542
songada01,Darius Songaila,POWER FORWARD,27,CHICAGO BULLS,62,7,1329,236,491,2,5,94,115,76,170,88,35,16,85,157,568
sowpa01,Pape Sow,CENTER,24,TORONTO RAPTORS,42,25,590,53,123,0,0,41,57,54,92,8,21,19,30,118,147
stackje01,Jerry Stackhouse,SHOOTING GUARD,31,DALLAS MAVERICKS,55,11,1525,242,603,36,130,195,221,32,121,160,37,10,121,96,715
stevede01,DeShawn Stevenson,SHOOTING GUARD,24,ORLANDO MAGIC,82,82,2648,359,781,2,15,180,242,59,182,160,58,17,123,178,900
stojape01,Peja Stojaković,SMALL FORWARD,28,SACRAMENTO KINGS,31,31,1147,171,424,71,179,98,105,34,131,68,19,2,51,82,511
stojape01,Peja Stojaković,SMALL FORWARD,28,INDIANA PACERS,40,40,1454,274,594,91,225,140,155,45,205,68,26,8,52,89,779
storeaw01,Awvee Storey,SMALL FORWARD,28,WASHINGTON WIZARDS,25,1,116,16,41,3,7,8,14,8,14,4,3,1,5,22,43
stoudda01,Damon Stoudamire,POINT GUARD,32,MEMPHIS GRIZZLIES,27,27,862,114,287,36,104,53,62,23,72,128,19,1,55,49,317
stoudsa01,Salim Stoudamire,SHOOTING GUARD,23,ATLANTA HAWKS,61,1,1236,204,492,82,216,99,110,12,104,75,27,3,82,118,589
stoudam01,Amar'e Stoudemire,CENTER,23,PHOENIX SUNS,3,3,50,9,27,0,1,8,9,6,10,2,1,3,1,4,26
sweetmi01,Mike Sweetney,CENTER,23,CHICAGO BULLS,66,44,1222,200,444,0,0,133,204,118,232,59,19,56,95,209,533
swiftro01,Robert Swift,CENTER,20,SEATTLE SUPERSONICS,47,20,987,124,241,0,0,53,91,94,170,8,15,56,49,142,301
swiftst01,Stromile Swift,CENTER,26,HOUSTON ROCKETS,66,5,1344,225,458,0,2,136,209,103,188,25,38,50,91,198,586
szczewa02,Wally Szczerbiak,SMALL FORWARD,28,MINNESOTA TIMBERWOLVES,40,40,1555,292,590,58,143,163,182,36,154,112,21,15,86,90,805
szczewa02,Wally Szczerbiak,SMALL FORWARD,28,BOSTON CELTICS,32,31,1174,201,422,44,112,115,128,41,82,101,19,4,50,60,561
taftch01,Chris Taft,CENTER,20,GOLDEN STATE WARRIORS,17,0,144,23,38,0,0,1,6,19,17,2,2,7,2,25,47
taylodo01,Donell Taylor,SHOOTING GUARD,23,WASHINGTON WIZARDS,51,1,465,53,136,4,17,30,43,16,37,45,30,4,34,47,140
tayloma01,Maurice Taylor,POWER FORWARD,29,NEW YORK KNICKS,67,13,1210,182,389,0,1,58,83,65,164,53,21,14,103,177,422
telfase01,Sebastian Telfair,POINT GUARD,20,PORTLAND TRAIL BLAZERS,68,30,1641,228,578,57,162,130,175,19,101,247,66,6,115,167,643
terryja01,Jason Terry,POINT GUARD,28,DALLAS MAVERICKS,80,80,2798,516,1099,171,416,168,210,31,127,306,100,27,135,196,1371
thomabi01,Billy Thomas,SHOOTING GUARD,30,WASHINGTON WIZARDS,17,0,131,13,40,10,30,2,2,5,9,9,10,1,6,19,38
thomaet01,Etan Thomas,CENTER,27,WASHINGTON WIZARDS,71,9,1121,131,246,0,0,75,125,99,180,14,20,68,51,148,337
thomaja02,James Thomas,POWER FORWARD,25,PHILADELPHIA 76ERS,15,0,124,7,13,0,0,8,14,8,23,1,0,3,7,32,22
thomaja02,James Thomas,POWER FORWARD,25,CHICAGO BULLS,7,0,26,3,6,0,0,0,0,4,4,0,0,0,0,3,6
thomajo02,John Thomas,CENTER,30,MEMPHIS GRIZZLIES,3,0,25,2,2,0,0,0,0,0,0,1,0,1,2,3,4
thomajo02,John Thomas,CENTER,30,ATLANTA HAWKS,11,0,66,3,7,0,0,3,4,3,7,1,2,0,4,10,9
thomajo02,John Thomas,CENTER,30,NEW JERSEY NETS,2,0,36,1,6,0,0,0,0,7,3,0,1,1,2,4,2
thomake01,Kenny Thomas,POWER FORWARD,28,SACRAMENTO KINGS,82,55,2293,305,604,0,1,138,204,199,419,168,72,39,135,196,748
thomaku01,Kurt Thomas,CENTER,33,PHOENIX SUNS,53,50,1411,190,391,0,0,75,92,102,313,57,23,54,57,193,455
thomati01,Tim Thomas,SMALL FORWARD,28,CHICAGO BULLS,3,0,32,6,16,1,6,0,0,0,4,2,0,1,1,1,13
thomati01,Tim Thomas,POWER FORWARD,28,PHOENIX SUNS,26,10,634,107,246,45,105,28,42,22,105,18,16,6,32,77,287
thompdi01,Dijon Thompson,SHOOTING GUARD,22,PHOENIX SUNS,10,0,43,11,25,4,11,2,2,4,7,1,3,1,2,6,28
tinslja01,Jamaal Tinsley,POINT GUARD,27,INDIANA PACERS,42,27,1122,158,386,16,70,58,91,35,98,211,49,6,109,96,390
tsakaja01,Jake Tsakalidis,CENTER,26,MEMPHIS GRIZZLIES,51,19,732,100,165,0,0,57,87,78,134,13,14,32,39,107,257
tskitni01,Nikoloz Tskitishvili,POWER FORWARD,22,MINNESOTA TIMBERWOLVES,5,0,13,1,4,0,0,1,2,0,2,0,0,0,2,0,3
tskitni01,Nikoloz Tskitishvili,SMALL FORWARD,22,PHOENIX SUNS,12,0,86,12,33,1,3,8,12,9,11,3,1,2,4,8,33
turiaro01,Ronny Turiaf,CENTER,23,LOS ANGELES LAKERS,23,1,161,15,30,0,0,15,27,11,26,8,3,10,7,30,45
turkohe01,Hedo Türkoğlu,SMALL FORWARD,26,ORLANDO MAGIC,78,59,2615,398,877,114,283,255,296,70,263,216,70,21,130,234,1165
udokaim01,Ime Udoka,SMALL FORWARD,28,NEW YORK KNICKS,8,0,114,9,24,1,3,3,6,3,14,6,1,0,2,8,22
udrihbe01,Beno Udrih,POINT GUARD,23,SAN ANTONIO SPURS,54,3,586,106,233,24,70,39,50,18,34,92,14,2,53,55,275
vanexni01,Nick Van Exel,POINT GUARD,34,SAN ANTONIO SPURS,65,2,986,136,343,55,154,28,41,6,85,123,16,3,57,60,355
vanhoke01,Keith Van Horn,SMALL FORWARD,30,DALLAS MAVERICKS,53,0,1090,164,387,50,136,94,113,54,138,37,31,11,71,121,472
varejan01,Anderson Varejão,CENTER,23,CLEVELAND CAVALIERS,48,4,760,79,150,0,1,61,119,77,158,19,31,19,27,118,219
vaughja01,Jacque Vaughn,SHOOTING GUARD,30,NEW JERSEY NETS,80,6,1234,107,245,1,6,59,81,16,75,123,42,1,52,140,274
villach01,Charlie Villanueva,POWER FORWARD,21,TORONTO RAPTORS,81,36,2361,435,940,70,214,113,160,181,340,88,60,63,99,247,1053
voskuja01,Jake Voskuhl,CENTER,28,CHARLOTTE BOBCATS,51,2,818,114,261,1,3,41,60,62,121,39,26,23,33,157,270
vromaja01,Jackson Vroman,POWER FORWARD,24,NEW ORLEANS/OKLAHOMA CITY HORNETS,41,2,406,26,66,0,0,21,44,33,53,11,12,11,21,78,73
vujacsa01,Sasha Vujačić,POINT GUARD,21,LOS ANGELES LAKERS,82,4,1449,108,312,59,172,46,52,33,126,139,48,3,50,150,321
wadedw01,Dwyane Wade,SHOOTING GUARD,24,MIAMI HEAT,75,75,2892,699,1413,13,76,629,803,107,323,503,146,58,268,217,2040
wafervo01,Von Wafer,SHOOTING GUARD,20,LOS ANGELES LAKERS,16,0,73,6,38,2,17,6,8,5,3,4,3,0,1,12,20
walkean02,Antoine Walker,POWER FORWARD,29,MIAMI HEAT,82,19,2199,391,898,137,383,81,129,103,318,166,47,30,150,187,1000
walkesa01,Samaki Walker,POWER FORWARD,29,INDIANA PACERS,7,0,22,0,2,0,0,2,2,0,3,0,0,1,2,7,2
wallabe01,Ben Wallace,CENTER,31,DETROIT PISTONS,82,82,2890,237,465,0,4,123,296,301,622,158,146,181,88,164,597
wallage01,Gerald Wallace,SMALL FORWARD,23,CHARLOTTE BOBCATS,55,52,1895,317,589,14,50,188,306,123,289,96,138,115,99,150,836
wallara01,Rasheed Wallace,POWER FORWARD,31,DETROIT PISTONS,80,80,2780,459,1067,155,434,136,183,90,457,182,82,130,85,232,1209
walshma01,Matt Walsh,SHOOTING GUARD,23,MIAMI HEAT,2,0,3,1,1,0,0,0,2,0,0,0,0,0,1,0,2
waltolu01,Luke Walton,SMALL FORWARD,25,LOS ANGELES LAKERS,69,6,1333,135,328,18,55,57,76,88,159,156,41,15,78,119,345
warriha01,Hakim Warrick,POWER FORWARD,23,MEMPHIS GRIZZLIES,68,2,724,101,228,0,0,76,115,43,101,30,14,21,56,113,278
watsoea01,Earl Watson,POINT GUARD,26,DENVER NUGGETS,46,10,975,121,282,68,172,37,59,17,69,160,37,7,75,95,347
watsoea01,Earl Watson,POINT GUARD,26,SEATTLE SUPERSONICS,24,0,603,98,227,42,100,38,52,7,65,129,31,3,61,64,276
webbech01,Chris Webber,POWER FORWARD,32,PHILADELPHIA 76ERS,75,75,2893,617,1422,21,77,263,348,184,557,256,103,62,182,219,1518
webstma02,Martell Webster,SMALL FORWARD,19,PORTLAND TRAIL BLAZERS,61,18,1070,139,348,65,182,61,71,29,101,34,21,14,43,90,404
wellsbo01,Bonzi Wells,SHOOTING GUARD,29,SACRAMENTO KINGS,52,41,1684,284,613,10,45,129,190,142,259,144,94,25,126,156,707
welscji01,Jiří Welsch,SMALL FORWARD,26,MILWAUKEE BUCKS,58,2,866,86,222,14,49,65,87,22,89,62,34,1,41,65,251
wesleda01,David Wesley,SHOOTING GUARD,35,HOUSTON ROCKETS,71,59,2372,226,561,99,271,151,187,24,154,204,59,6,120,212,702
westda01,David West,POWER FORWARD,25,NEW ORLEANS/OKLAHOMA CITY HORNETS,74,74,2526,530,1036,3,11,199,236,168,380,92,61,64,105,214,1262
westde01,Delonte West,POINT GUARD,22,BOSTON CELTICS,71,71,2418,333,684,84,218,86,101,57,232,329,84,46,133,197,836
whalero01,Robert Whaley,CENTER,23,UTAH JAZZ,23,0,212,23,57,0,0,3,6,16,27,17,7,8,14,41,49
wilcoch01,Chris Wilcox,CENTER,23,LOS ANGELES CLIPPERS,48,1,657,90,168,0,2,38,59,46,127,18,15,21,32,103,218
wilcoch01,Chris Wilcox,POWER FORWARD,23,SEATTLE SUPERSONICS,29,23,872,167,282,0,0,74,94,72,165,34,18,13,40,80,408
wilkida02,Damien Wilkins,SMALL FORWARD,26,SEATTLE SUPERSONICS,82,12,1525,193,435,14,56,136,162,79,113,107,72,12,85,144,536
wilksmi01,Mike Wilks,POINT GUARD,26,CLEVELAND CAVALIERS,37,0,243,17,59,2,14,6,12,6,21,18,8,1,15,27,42
wilksmi01,Mike Wilks,POINT GUARD,26,SEATTLE SUPERSONICS,10,0,105,12,31,1,5,19,29,3,9,14,6,0,9,7,44
williaa01,Aaron Williams,CENTER,34,TORONTO RAPTORS,14,3,99,10,19,0,0,5,6,5,10,1,4,3,5,28,25
williaa01,Aaron Williams,CENTER,34,NEW ORLEANS/OKLAHOMA CITY HORNETS,34,2,692,81,157,0,0,35,52,59,107,16,13,18,25,110,197
willial02,Alvin Williams,POINT GUARD,31,TORONTO RAPTORS,1,0,10,0,3,0,2,1,2,0,3,0,0,0,0,0,1
willide01,Deron Williams,POINT GUARD,21,UTAH JAZZ,80,47,2307,339,805,91,219,95,135,35,159,359,60,17,145,233,864
willier01,Eric Williams,SMALL FORWARD,33,TORONTO RAPTORS,28,11,352,29,75,5,18,28,38,10,40,15,7,2,15,55,91
willija02,Jason Williams,POINT GUARD,30,MIAMI HEAT,59,56,1874,268,606,107,288,85,98,6,133,287,53,5,100,101,728
willilo02,Lou Williams,POINT GUARD,19,PHILADELPHIA 76ERS,30,0,145,23,52,2,9,8,13,3,16,10,5,0,13,13,56
willima02,Marvin Williams,POWER FORWARD,19,ATLANTA HAWKS,79,7,1952,235,531,13,53,189,253,122,261,63,48,24,83,227,672
willima01,Mo Williams,POINT GUARD,23,MILWAUKEE BUCKS,58,12,1531,267,629,73,191,96,113,30,113,230,52,7,105,146,703
willico02,Corliss Williamson,SMALL FORWARD,32,SACRAMENTO KINGS,37,0,362,43,103,2,2,38,49,21,46,14,7,4,30,56,126
woodslo01,Loren Woods,CENTER,27,TORONTO RAPTORS,27,4,324,28,59,0,1,6,14,44,66,4,9,23,16,49,62
woodsqy01,Qyntel Woods,SMALL FORWARD,24,NEW YORK KNICKS,49,16,1013,129,254,22,60,49,76,44,146,47,32,13,61,96,329
artesro01,Metta World Peace,SMALL FORWARD,26,INDIANA PACERS,16,16,603,109,237,18,54,74,121,26,52,35,42,11,43,45,310
artesro01,Metta World Peace,SMALL FORWARD,26,SACRAMENTO KINGS,40,40,1604,241,630,60,199,132,184,49,159,168,80,30,88,119,674
wrighan01,Antoine Wright,SHOOTING GUARD,21,NEW JERSEY NETS,39,0,370,29,81,1,15,11,22,8,22,12,4,3,21,42,70
wrighbr02,Bracey Wright,SHOOTING GUARD,21,MINNESOTA TIMBERWOLVES,7,0,135,21,51,6,17,14,16,3,15,5,1,0,8,8,62
wrighdo01,Dorell Wright,SMALL FORWARD,20,MIAMI HEAT,20,2,132,20,43,3,6,15,17,2,30,8,3,1,14,12,58
wrighlo02,Lorenzen Wright,CENTER,30,MEMPHIS GRIZZLIES,78,58,1689,194,406,0,2,66,117,142,253,48,52,46,67,201,454
zimmede01,Derrick Zimmerman,POINT GUARD,24,NEW JERSEY NETS,2,0,32,2,3,0,0,0,0,1,3,7,0,0,4,4,4
