slug,name,positions,age,team,games_played,games_started,minutes_played,made_field_goals,attempted_field_goals,made_three_point_field_goals,attempted_three_point_field_goals,made_free_throws,attempted_free_throws,offensive_rebounds,defensive_rebounds,assists,steals,blocks,turnovers,personal_fouls,points
acyqu01,Quincy Acy,POWER FORWARD,22,TORONTO RAPTORS,29,0,342,42,75,1,2,31,38,30,47,11,13,15,17,53,116
adrieje01,Jeff Adrien,POWER FORWARD,26,CHARLOTTE BOBCATS,52,5,713,72,168,0,2,65,100,68,128,36,18,27,32,80,209
afflaar01,Arron Afflalo,SMALL FORWARD,27,ORLANDO MAGIC,64,64,2307,397,905,72,240,191,223,29,210,206,40,11,138,137,1057
akognjo01,Josh Akognon,POINT GUARD,26,DALLAS MAVERICKS,3,0,9,2,4,1,2,0,0,0,1,1,0,0,0,3,5
aldrico01,Cole Aldrich,CENTER,24,HOUSTON ROCKETS,30,0,213,23,43,0,0,4,9,12,45,6,3,9,14,41,50
aldrico01,Cole Aldrich,CENTER,24,SACRAMENTO KINGS,15,0,175,21,37,0,0,8,11,18,45,3,2,14,9,19,50
aldrila01,LaMarcus Aldridge,POWER FORWARD,27,PORTLAND TRAIL BLAZERS,74,74,2790,638,1318,2,14,282,348,175,495,192,62,91,143,187,1560
allenla01,Lavoy Allen,CENTER,23,PHILADELPHIA 76ERS,79,37,1669,206,454,0,1,43,60,159,236,73,24,55,55,180,455
allenra02,Ray Allen,SHOOTING GUARD,37,MIAMI HEAT,79,0,2035,292,651,139,332,140,158,40,177,135,67,15,103,129,863
allento01,Tony Allen,SHOOTING GUARD,31,MEMPHIS GRIZZLIES,79,79,2109,284,638,3,24,134,187,121,242,98,119,44,94,211,705
aminual01,Al-Farouq Aminu,SMALL FORWARD,22,NEW ORLEANS HORNETS,76,71,2066,225,474,4,19,101,137,139,446,103,92,51,116,153,555
amundlo01,Lou Amundson,POWER FORWARD,30,MINNESOTA TIMBERWOLVES,20,0,161,14,38,0,0,4,20,23,24,3,7,6,11,26,32
amundlo01,Lou Amundson,POWER FORWARD,30,CHICAGO BULLS,1,0,2,0,1,0,0,0,0,1,0,0,0,0,0,0,0
amundlo01,Lou Amundson,POWER FORWARD,30,NEW ORLEANS HORNETS,18,0,209,18,42,0,0,8,16,24,34,8,9,6,8,27,44
anderch01,Chris Andersen,CENTER,34,MIAMI HEAT,42,0,624,71,123,2,3,63,93,57,115,17,16,44,24,89,207
anderal01,Alan Anderson,SMALL FORWARD,30,TORONTO RAPTORS,65,2,1495,236,616,95,285,126,147,34,114,103,48,7,80,131,693
anderja01,James Anderson,SMALL FORWARD,23,SAN ANTONIO SPURS,10,0,94,11,25,5,11,7,9,3,11,9,3,2,7,7,34
anderja01,James Anderson,SHOOTING GUARD,23,HOUSTON ROCKETS,29,2,307,41,101,16,49,17,19,15,43,33,12,3,18,18,115
anderry01,Ryan Anderson,POWER FORWARD,24,NEW ORLEANS HORNETS,81,22,2503,472,1115,213,557,152,180,191,328,97,42,31,97,179,1309
anthoca01,Carmelo Anthony,POWER FORWARD,28,NEW YORK KNICKS,67,67,2482,669,1489,157,414,425,512,134,326,171,52,32,175,205,1920
anthojo01,Joel Anthony,CENTER,30,MIAMI HEAT,62,3,566,35,68,0,0,17,28,45,70,13,13,42,22,49,87
arizatr01,Trevor Ariza,SMALL FORWARD,27,WASHINGTON WIZARDS,56,15,1471,188,451,76,209,78,95,44,222,113,72,20,84,72,530
arthuda01,Darrell Arthur,POWER FORWARD,24,MEMPHIS GRIZZLIES,59,3,970,162,359,5,18,33,46,68,101,33,24,33,43,126,362
asikom01,Ömer Aşık,CENTER,26,HOUSTON ROCKETS,82,82,2464,332,614,0,1,168,299,275,681,75,46,87,173,223,832
augusdj01,D.J. Augustin,POINT GUARD,25,INDIANA PACERS,76,5,1226,103,294,67,190,83,99,20,71,170,34,3,68,64,356
ayongu01,Gustavo Ayón,CENTER,27,ORLANDO MAGIC,43,3,571,67,125,0,0,19,38,40,100,59,13,13,38,83,153
ayongu01,Gustavo Ayón,CENTER,27,MILWAUKEE BUCKS,12,0,163,25,42,0,0,1,12,20,39,12,9,4,9,24,51
pendeje02,Jeff Ayres,POWER FORWARD,25,INDIANA PACERS,37,0,369,61,126,2,4,21,23,29,75,15,6,12,23,44,145
babbilu01,Luke Babbitt,POWER FORWARD,23,PORTLAND TRAIL BLAZERS,62,0,730,86,234,62,178,10,13,15,122,29,14,5,22,82,244
barbole01,Leandro Barbosa,POINT GUARD,30,BOSTON CELTICS,41,2,513,83,193,18,47,31,41,8,38,58,17,6,21,51,215
bareajo01,J.J. Barea,POINT GUARD,28,MINNESOTA TIMBERWOLVES,74,2,1713,316,758,97,280,105,134,34,173,294,32,0,145,131,834
bargnan01,Andrea Bargnani,POWER FORWARD,27,TORONTO RAPTORS,35,25,1003,170,426,38,123,65,77,26,102,38,21,23,54,64,443
barneha02,Harrison Barnes,SMALL FORWARD,20,GOLDEN STATE WARRIORS,81,81,2058,276,628,52,145,144,190,53,280,98,52,14,101,140,748
barnema02,Matt Barnes,SMALL FORWARD,32,LOS ANGELES CLIPPERS,80,4,2058,312,675,111,325,87,117,111,255,123,82,63,90,233,822
barroea01,Earl Barron,CENTER,31,WASHINGTON WIZARDS,11,1,122,13,37,0,0,2,5,16,27,3,5,5,10,23,28
barroea01,Earl Barron,CENTER,31,NEW YORK KNICKS,1,1,37,5,14,0,0,1,2,6,12,2,0,1,1,1,11
bartowi01,Will Barton,SHOOTING GUARD,22,PORTLAND TRAIL BLAZERS,73,5,894,118,309,9,65,50,65,36,109,58,34,9,60,56,295
bassbr01,Brandon Bass,POWER FORWARD,27,BOSTON CELTICS,81,69,2239,286,589,0,2,129,150,129,296,84,44,64,80,188,701
battish01,Shane Battier,SMALL FORWARD,34,MIAMI HEAT,72,20,1786,152,362,136,316,32,38,37,128,72,41,55,34,149,472
batumni01,Nicolas Batum,SMALL FORWARD,24,PORTLAND TRAIL BLAZERS,73,73,2807,352,833,165,444,178,210,97,315,360,91,83,190,139,1047
bayleje01,Jerryd Bayless,POINT GUARD,24,MEMPHIS GRIZZLIES,80,4,1765,260,621,71,201,102,122,22,154,264,59,17,120,168,693
baynear01,Aron Baynes,CENTER,26,SAN ANTONIO SPURS,16,0,141,18,36,0,1,7,12,12,20,5,1,6,11,23,43
bazemke01,Kent Bazemore,SHOOTING GUARD,23,GOLDEN STATE WARRIORS,61,0,267,43,116,10,34,27,44,5,17,22,17,4,18,27,123
bealbr01,Bradley Beal,SHOOTING GUARD,19,WASHINGTON WIZARDS,56,46,1745,282,687,91,236,125,159,43,168,137,50,29,90,113,780
beaslmi01,Michael Beasley,SMALL FORWARD,24,PHOENIX SUNS,75,20,1554,310,766,45,144,94,126,52,230,111,31,34,144,107,759
beaubro01,Rodrigue Beaubois,POINT GUARD,24,DALLAS MAVERICKS,45,0,549,65,176,21,72,30,38,9,48,84,19,4,33,54,181
belinma01,Marco Belinelli,SHOOTING GUARD,26,CHICAGO BULLS,73,27,1882,241,610,79,221,141,168,13,127,148,44,6,82,140,702
beverpa01,Patrick Beverley,POINT GUARD,24,HOUSTON ROCKETS,41,0,713,79,189,36,96,34,41,45,64,117,37,21,44,83,228
biedran01,Andris Biedriņš,CENTER,26,GOLDEN STATE WARRIORS,53,9,495,10,21,0,0,4,13,34,119,14,15,42,14,101,24
billuch01,Chauncey Billups,SHOOTING GUARD,36,LOS ANGELES CLIPPERS,22,22,418,53,132,33,90,45,48,2,30,49,12,1,26,25,184
biyombi01,Bismack Biyombo,CENTER,20,CHARLOTTE BOBCATS,80,65,2186,156,346,0,0,74,142,194,388,35,28,143,82,195,386
blairde01,DeJuan Blair,POWER FORWARD,23,SAN ANTONIO SPURS,61,16,851,142,271,0,1,44,70,66,164,45,37,10,49,112,328
blakest01,Steve Blake,POINT GUARD,32,LOS ANGELES LAKERS,45,13,1175,114,270,72,171,27,35,21,111,173,34,6,62,83,327
blatcan01,Andray Blatche,CENTER,26,BROOKLYN NETS,82,8,1555,346,676,3,22,148,216,161,256,85,86,54,123,163,843
bledser01,Eric Bledsoe,POINT GUARD,23,LOS ANGELES CLIPPERS,76,12,1553,253,568,31,78,106,134,78,147,233,109,55,137,112,643
boganke01,Keith Bogans,SHOOTING GUARD,32,BROOKLYN NETS,74,23,1408,108,284,84,245,11,17,16,104,76,28,4,49,108,311
bogutan01,Andrew Bogut,CENTER,28,GOLDEN STATE WARRIORS,32,32,786,83,184,1,1,19,38,68,177,67,20,55,35,85,186
bonnema01,Matt Bonner,POWER FORWARD,32,SAN ANTONIO SPURS,68,4,909,112,230,53,120,11,15,25,104,36,17,19,16,86,288
booketr01,Trevor Booker,POWER FORWARD,25,WASHINGTON WIZARDS,48,14,887,108,220,0,5,40,72,98,141,40,32,16,31,95,256
boozeca01,Carlos Boozer,POWER FORWARD,31,CHICAGO BULLS,79,79,2546,544,1140,0,2,193,264,175,596,179,66,28,176,239,1281
boshch01,Chris Bosh,CENTER,28,MIAMI HEAT,74,74,2454,485,907,21,74,241,302,131,370,123,66,101,128,168,1232
bradlav01,Avery Bradley,POINT GUARD,22,BOSTON CELTICS,50,50,1435,192,478,40,126,37,49,30,81,104,64,19,72,129,461
brandel01,Elton Brand,CENTER,33,DALLAS MAVERICKS,72,18,1527,226,478,0,1,66,93,130,300,70,50,90,57,192,518
breweco01,Corey Brewer,SMALL FORWARD,26,DENVER NUGGETS,82,2,2003,375,883,91,307,149,216,55,180,124,118,23,102,154,990
brewero02,Ronnie Brewer,SMALL FORWARD,27,NEW YORK KNICKS,46,34,711,64,175,22,71,16,39,29,71,40,34,6,14,27,166
brewero02,Ronnie Brewer,SMALL FORWARD,27,OKLAHOMA CITY THUNDER,14,0,142,6,23,1,5,0,0,13,27,10,9,0,4,6,13
brookaa01,Aaron Brooks,POINT GUARD,28,SACRAMENTO KINGS,46,20,959,139,303,48,127,40,52,12,66,108,29,7,63,89,366
brookaa01,Aaron Brooks,POINT GUARD,28,HOUSTON ROCKETS,7,0,38,4,13,2,7,0,0,1,1,6,1,3,4,5,10
brookma01,MarShon Brooks,SHOOTING GUARD,24,BROOKLYN NETS,73,2,912,155,335,15,55,69,94,32,72,76,34,16,69,93,394
brownkw01,Kwame Brown,CENTER,30,PHILADELPHIA 76ERS,22,11,269,17,37,0,0,7,19,23,51,9,6,10,8,37,41
brownsh01,Shannon Brown,SHOOTING GUARD,27,PHOENIX SUNS,59,22,1402,240,571,39,141,98,125,44,105,108,59,15,74,92,617
bryanko01,Kobe Bryant,SHOOTING GUARD,34,LOS ANGELES LAKERS,78,78,3013,738,1595,132,407,525,626,66,367,469,106,25,287,173,2133
budinch01,Chase Budinger,SMALL FORWARD,24,MINNESOTA TIMBERWOLVES,23,1,508,79,191,26,81,32,42,15,56,25,14,7,23,29,216
burksal01,Alec Burks,SHOOTING GUARD,21,UTAH JAZZ,64,0,1137,163,388,33,92,92,129,37,108,92,35,13,74,114,451
butleca01,Caron Butler,SMALL FORWARD,32,LOS ANGELES CLIPPERS,78,78,1879,305,720,128,330,75,90,41,182,78,51,11,72,139,813
butleji01,Jimmy Butler,SMALL FORWARD,23,CHICAGO BULLS,82,20,2134,239,512,40,105,187,233,136,192,115,78,31,62,97,705
bynumwi01,Will Bynum,POINT GUARD,30,DETROIT PISTONS,65,0,1219,253,540,24,76,106,131,28,69,231,45,5,125,128,636
caldejo01,José Calderón,POINT GUARD,31,TORONTO RAPTORS,45,30,1273,187,398,79,184,47,52,14,92,333,28,6,75,58,500
caldejo01,José Calderón,POINT GUARD,31,DETROIT PISTONS,28,28,887,125,237,51,98,25,28,6,64,185,30,2,51,41,326
cambyma01,Marcus Camby,POWER FORWARD,38,NEW YORK KNICKS,24,4,250,17,53,0,0,8,19,24,56,14,7,14,15,28,42
carrode01,DeMarre Carroll,SMALL FORWARD,26,UTAH JAZZ,66,12,1111,149,324,20,70,75,98,87,101,61,58,24,34,119,393
carroma01,Matt Carroll,SHOOTING GUARD,32,CHARLOTTE BOBCATS,1,0,6,0,0,0,0,0,0,0,0,1,0,0,0,1,0
cartevi01,Vince Carter,SMALL FORWARD,36,DALLAS MAVERICKS,81,3,2093,372,855,162,399,182,223,58,276,194,74,44,106,226,1088
casspom01,Omri Casspi,SMALL FORWARD,24,CLEVELAND CAVALIERS,43,1,503,63,160,25,76,22,41,20,94,28,25,12,22,45,173
chalmma01,Mario Chalmers,POINT GUARD,26,MIAMI HEAT,77,77,2068,227,529,123,301,89,112,19,152,273,118,12,119,196,666
chandty01,Tyson Chandler,CENTER,30,NEW YORK KNICKS,66,66,2164,255,400,0,0,179,258,269,434,62,42,75,87,188,689
chandwi01,Wilson Chandler,POWER FORWARD,25,DENVER NUGGETS,43,8,1079,210,455,52,126,88,111,45,173,58,45,12,60,119,560
childjo01,Josh Childress,SMALL FORWARD,29,BROOKLYN NETS,14,0,100,6,21,1,3,1,2,6,9,5,2,2,0,3,14
clarkea01,Earl Clark,POWER FORWARD,25,LOS ANGELES LAKERS,59,36,1363,170,386,35,104,53,76,82,243,65,36,44,62,102,428
clavevi01,Victor Claver,SMALL FORWARD,24,PORTLAND TRAIL BLAZERS,49,16,812,74,189,25,87,14,30,31,88,43,26,12,43,75,187
coleno01,Norris Cole,POINT GUARD,24,MIAMI HEAT,80,4,1590,179,425,35,98,52,80,18,112,164,57,7,104,155,445
collija04,Jason Collins,CENTER,34,BOSTON CELTICS,32,7,330,8,23,0,0,21,30,21,31,6,10,6,16,74,37
collija04,Jason Collins,CENTER,34,WASHINGTON WIZARDS,6,2,54,1,6,0,0,2,2,1,7,2,2,4,2,11,4
collida01,Darren Collison,POINT GUARD,25,DALLAS MAVERICKS,81,47,2372,341,724,48,136,242,275,31,188,415,100,8,173,139,972
collini01,Nick Collison,CENTER,32,OKLAHOMA CITY THUNDER,81,2,1583,176,296,0,4,60,78,123,210,121,51,30,69,197,412
conlemi01,Mike Conley,POINT GUARD,25,MEMPHIS GRIZZLIES,80,80,2757,414,940,106,293,234,282,43,182,487,174,24,189,171,1168
conrowi01,Will Conroy,POINT GUARD,30,MINNESOTA TIMBERWOLVES,4,0,20,0,9,0,3,1,2,1,0,0,0,0,0,1,1
cookda02,Daequan Cook,SHOOTING GUARD,25,HOUSTON ROCKETS,16,1,165,21,59,11,30,2,3,5,13,10,6,2,6,13,55
cookda02,Daequan Cook,SHOOTING GUARD,25,CHICAGO BULLS,33,0,276,30,108,15,61,7,9,2,41,9,2,5,9,13,82
copelch01,Chris Copeland,POWER FORWARD,28,NEW YORK KNICKS,56,13,862,182,380,59,140,63,83,34,85,27,16,12,50,104,486
couside01,DeMarcus Cousins,CENTER,22,SACRAMENTO KINGS,75,74,2289,482,1036,4,22,312,423,222,524,199,108,55,225,269,1280
crawfja01,Jamal Crawford,SHOOTING GUARD,32,LOS ANGELES CLIPPERS,76,0,2230,445,1016,149,396,216,248,22,106,193,79,13,146,71,1255
crawfjo02,Jordan Crawford,SHOOTING GUARD,24,WASHINGTON WIZARDS,43,12,1127,211,508,59,171,87,106,31,104,157,27,5,97,61,568
crawfjo02,Jordan Crawford,SHOOTING GUARD,24,BOSTON CELTICS,27,2,582,90,217,24,75,42,53,13,61,68,12,2,44,45,246
crowdja01,Jae Crowder,SMALL FORWARD,22,DALLAS MAVERICKS,78,16,1353,141,367,63,192,47,73,35,152,94,63,17,49,128,392
cunnida01,Dante Cunningham,POWER FORWARD,25,MINNESOTA TIMBERWOLVES,80,9,2010,314,671,0,6,67,103,142,266,67,84,38,56,153,695
cunnija01,Jared Cunningham,SHOOTING GUARD,21,DALLAS MAVERICKS,8,0,26,6,14,2,3,2,2,1,2,1,1,0,2,3,16
curryed01,Eddy Curry,CENTER,30,DALLAS MAVERICKS,2,0,25,4,8,0,0,1,4,2,2,0,0,0,3,7,9
curryst01,Stephen Curry,POINT GUARD,24,GOLDEN STATE WARRIORS,78,78,2983,626,1388,272,600,262,291,59,255,539,126,12,240,198,1786
dalemsa01,Samuel Dalembert,CENTER,31,MILWAUKEE BUCKS,47,23,765,137,253,1,1,38,55,105,171,21,17,53,51,90,313
daniema01,Marquis Daniels,SMALL FORWARD,32,MILWAUKEE BUCKS,59,33,1085,132,351,20,72,40,54,48,102,65,51,10,45,77,324
davisan02,Anthony Davis,POWER FORWARD,19,NEW ORLEANS HORNETS,64,60,1846,349,676,0,6,169,225,165,357,63,75,112,89,158,867
davised01,Ed Davis,CENTER,23,TORONTO RAPTORS,45,24,1087,186,339,0,0,66,102,95,205,55,25,38,45,111,438
davised01,Ed Davis,POWER FORWARD,23,MEMPHIS GRIZZLIES,36,4,544,74,143,0,0,37,65,57,103,8,13,47,18,80,185
davisgl01,Glen Davis,POWER FORWARD,27,ORLANDO MAGIC,34,33,1064,214,478,0,2,84,117,55,191,70,32,21,64,88,512
dayeau01,Austin Daye,SMALL FORWARD,24,DETROIT PISTONS,24,0,348,43,97,21,40,15,18,10,53,21,5,8,13,43,122
dayeau01,Austin Daye,SMALL FORWARD,24,MEMPHIS GRIZZLIES,31,0,328,47,111,20,58,11,16,6,54,21,9,14,16,39,125
decolna01,Nando De Colo,SHOOTING GUARD,25,SAN ANTONIO SPURS,72,6,920,105,241,31,82,35,44,23,115,138,41,6,81,87,276
delfica01,Carlos Delfino,SMALL FORWARD,30,HOUSTON ROCKETS,67,5,1689,251,620,158,421,48,56,18,202,135,68,9,72,114,708
denglu01,Luol Deng,SMALL FORWARD,27,CHICAGO BULLS,75,75,2903,466,1093,75,233,230,282,162,314,222,81,32,144,105,1237
dentmju01,Justin Dentmon,POINT GUARD,27,DALLAS MAVERICKS,2,0,4,0,2,0,0,0,0,0,0,0,0,0,0,0,0
derozde01,DeMar DeRozan,SHOOTING GUARD,23,TORONTO RAPTORS,82,82,3013,548,1231,34,120,355,427,48,272,204,76,24,151,173,1485
diawbo01,Boris Diaw,POWER FORWARD,30,SAN ANTONIO SPURS,75,20,1709,179,332,30,78,47,65,66,188,180,52,27,84,143,435
diopde01,DeSagana Diop,CENTER,31,CHARLOTTE BOBCATS,22,1,226,8,27,0,1,0,1,10,41,13,5,16,8,19,16
doolike01,Keyon Dooling,POINT GUARD,32,MEMPHIS GRIZZLIES,7,0,82,10,21,5,12,6,7,0,1,8,1,0,5,8,31
douglto01,Toney Douglas,POINT GUARD,26,HOUSTON ROCKETS,49,0,913,139,352,61,162,60,68,23,67,93,40,2,56,103,399
douglto01,Toney Douglas,POINT GUARD,26,SACRAMENTO KINGS,22,0,376,49,114,21,54,16,16,11,37,58,31,1,25,42,135
douglch01,Chris Douglas-Roberts,SHOOTING GUARD,26,DALLAS MAVERICKS,6,0,63,5,14,0,4,7,10,0,5,4,2,0,1,4,17
dragigo01,Goran Dragić,POINT GUARD,26,PHOENIX SUNS,77,77,2581,401,906,88,276,244,326,60,178,569,124,26,212,214,1134
drumman01,Andre Drummond,CENTER,19,DETROIT PISTONS,60,10,1243,208,342,1,2,59,159,169,288,30,59,95,57,144,476
dudleja01,Jared Dudley,SMALL FORWARD,27,PHOENIX SUNS,79,50,2170,313,669,106,271,129,162,79,166,203,75,8,101,128,861
duhonch01,Chris Duhon,POINT GUARD,30,LOS ANGELES LAKERS,46,9,820,47,123,33,91,6,13,11,57,133,20,1,40,56,133
duncati01,Tim Duncan,CENTER,36,SAN ANTONIO SPURS,69,69,2078,490,976,2,7,245,300,124,562,184,50,183,147,117,1227
dunlemi02,Mike Dunleavy,SMALL FORWARD,32,MILWAUKEE BUCKS,75,3,1943,276,624,128,299,105,128,31,260,145,39,35,90,135,785
duranke01,Kevin Durant,SMALL FORWARD,24,OKLAHOMA CITY THUNDER,81,81,3119,731,1433,139,334,679,750,46,594,374,116,105,280,143,2280
ebankde01,Devin Ebanks,SMALL FORWARD,23,LOS ANGELES LAKERS,19,3,197,24,73,6,22,11,14,10,31,10,3,1,11,23,65
ellinwa01,Wayne Ellington,SHOOTING GUARD,25,MEMPHIS GRIZZLIES,40,4,676,81,199,41,97,15,16,5,47,42,16,1,24,38,218
ellinwa01,Wayne Ellington,SHOOTING GUARD,25,CLEVELAND CAVALIERS,38,17,985,145,330,53,143,53,59,20,94,62,29,2,33,43,396
ellismo01,Monta Ellis,SHOOTING GUARD,27,MILWAUKEE BUCKS,82,82,3076,597,1436,94,328,289,374,45,271,496,169,36,254,164,1577
engliki01,Kim English,SHOOTING GUARD,24,DETROIT PISTONS,41,0,407,42,112,14,50,21,29,8,29,26,16,3,19,46,119
evansje01,Jeremy Evans,POWER FORWARD,25,UTAH JAZZ,37,0,215,27,44,0,1,21,33,26,32,11,8,13,8,30,75
evansre01,Reggie Evans,POWER FORWARD,32,BROOKLYN NETS,80,56,1967,125,261,0,0,113,222,260,628,43,74,13,111,199,363
evansty01,Tyreke Evans,SHOOTING GUARD,23,SACRAMENTO KINGS,65,61,2016,366,765,45,133,210,271,56,231,229,90,27,128,133,987
ezelife01,Festus Ezeli,CENTER,23,GOLDEN STATE WARRIORS,78,41,1120,74,169,0,0,43,81,141,172,22,23,74,63,157,191
farieke01,Kenneth Faried,POWER FORWARD,23,DENVER NUGGETS,80,80,2248,380,689,0,0,163,266,260,474,77,81,83,113,234,923
favorde01,Derrick Favors,POWER FORWARD,21,UTAH JAZZ,77,8,1787,274,568,0,5,179,260,184,362,75,67,130,129,247,727
feltora01,Raymond Felton,POINT GUARD,28,NEW YORK KNICKS,68,68,2313,377,882,93,258,101,128,51,143,372,94,14,155,130,948
fieldla01,Landry Fields,SMALL FORWARD,24,TORONTO RAPTORS,51,22,1037,102,223,2,14,34,53,59,149,60,32,8,42,63,240
fishede01,Derek Fisher,POINT GUARD,38,DALLAS MAVERICKS,9,9,229,23,65,10,23,21,23,0,15,31,5,2,18,24,77
fishede01,Derek Fisher,SHOOTING GUARD,38,OKLAHOMA CITY THUNDER,24,0,346,32,96,20,57,14,15,2,20,16,14,1,12,31,98
fournev01,Evan Fournier,SHOOTING GUARD,20,DENVER NUGGETS,38,4,428,75,152,22,54,30,39,6,29,44,19,1,32,65,202
foyera01,Randy Foye,SHOOTING GUARD,29,UTAH JAZZ,82,72,2249,293,738,178,434,118,144,17,110,167,66,27,92,190,882
fredeji01,Jimmer Fredette,SHOOTING GUARD,23,SACRAMENTO KINGS,69,0,967,172,409,65,156,85,99,19,52,92,31,3,68,64,494
freeljo01,Joel Freeland,POWER FORWARD,25,PORTLAND TRAIL BLAZERS,51,1,477,58,142,0,0,18,27,40,79,13,13,11,19,67,134
gallida01,Danilo Gallinari,SMALL FORWARD,24,DENVER NUGGETS,71,71,2309,364,871,135,362,286,348,65,302,176,64,36,111,130,1149
garcifr01,Francisco García,SHOOTING GUARD,31,SACRAMENTO KINGS,40,15,710,77,205,40,109,12,14,7,61,43,32,31,20,66,206
garcifr01,Francisco García,SMALL FORWARD,31,HOUSTON ROCKETS,18,5,319,41,95,27,70,6,7,1,22,20,14,7,12,22,115
garneke01,Kevin Garnett,CENTER,36,BOSTON CELTICS,68,68,2022,422,850,2,16,158,201,75,455,159,78,62,110,154,1004
garredi02,Diante Garrett,POINT GUARD,24,PHOENIX SUNS,19,0,149,16,49,3,15,5,10,5,10,31,10,0,16,5,40
gasolma01,Marc Gasol,CENTER,28,MEMPHIS GRIZZLIES,80,80,2796,429,869,1,14,268,316,184,438,318,80,139,157,255,1127
gasolpa01,Pau Gasol,POWER FORWARD,32,LOS ANGELES LAKERS,49,42,1655,270,579,8,28,125,178,111,310,200,24,61,104,93,673
gayru01,Rudy Gay,SMALL FORWARD,26,MEMPHIS GRIZZLIES,42,42,1541,281,688,40,129,121,156,56,193,108,56,31,104,87,723
gayru01,Rudy Gay,SMALL FORWARD,26,TORONTO RAPTORS,33,32,1146,240,565,44,131,119,139,43,169,94,57,22,94,95,643
geeal01,Alonzo Gee,SMALL FORWARD,25,CLEVELAND CAVALIERS,82,82,2541,305,744,69,219,163,205,75,245,133,107,29,132,199,842
gelabmi01,Mickaël Gelabale,SMALL FORWARD,29,MINNESOTA TIMBERWOLVES,36,13,644,72,139,16,52,21,24,32,67,26,16,4,16,47,181
georgpa01,Paul George,SMALL FORWARD,22,INDIANA PACERS,79,79,2972,493,1176,170,469,221,274,88,515,327,143,51,233,227,1377
gibsoda01,Daniel Gibson,POINT GUARD,26,CLEVELAND CAVALIERS,46,3,919,84,247,56,163,26,37,5,55,82,30,4,31,89,250
gibsota01,Taj Gibson,POWER FORWARD,27,CHICAGO BULLS,65,5,1459,214,441,0,4,89,131,125,220,61,27,90,76,166,517
ginobma01,Manu Ginóbili,SHOOTING GUARD,35,SAN ANTONIO SPURS,60,0,1393,229,539,83,235,164,206,30,171,274,80,13,132,114,705
goodedr01,Drew Gooden,CENTER,31,MILWAUKEE BUCKS,16,0,151,20,61,1,5,11,16,13,18,6,5,6,9,21,52
gordobe01,Ben Gordon,SHOOTING GUARD,29,CHARLOTTE BOBCATS,75,0,1560,310,760,113,292,107,127,18,112,141,35,16,136,134,840
gordoer01,Eric Gordon,SHOOTING GUARD,24,NEW ORLEANS HORNETS,42,40,1264,235,584,56,173,187,222,10,67,137,45,8,117,75,713
gortama01,Marcin Gortat,CENTER,28,PHOENIX SUNS,61,61,1876,295,566,0,3,90,138,128,388,75,40,98,99,127,680
goudean01,Andrew Goudelock,SHOOTING GUARD,24,LOS ANGELES LAKERS,1,0,6,0,2,0,0,0,0,1,0,0,0,0,0,0,0
grangda01,Danny Granger,SMALL FORWARD,29,INDIANA PACERS,5,0,74,10,35,2,10,5,8,3,6,3,2,1,4,6,27
grayaa01,Aaron Gray,CENTER,28,TORONTO RAPTORS,42,16,513,48,90,0,0,23,44,48,85,33,7,5,36,85,119
greenda02,Danny Green,SHOOTING GUARD,25,SAN ANTONIO SPURS,80,80,2201,297,663,177,413,67,79,36,208,141,92,54,94,124,838
greendr01,Draymond Green,SMALL FORWARD,22,GOLDEN STATE WARRIORS,79,1,1061,84,257,14,67,45,55,58,202,53,42,25,51,159,227
greenge01,Gerald Green,SMALL FORWARD,27,INDIANA PACERS,60,7,1080,155,424,59,188,52,65,31,110,50,19,23,53,64,421
greenje02,Jeff Green,POWER FORWARD,26,BOSTON CELTICS,81,17,2252,376,806,70,182,214,265,55,263,128,56,68,132,175,1036
greenwi01,Willie Green,SHOOTING GUARD,31,LOS ANGELES CLIPPERS,72,60,1188,178,386,71,166,23,32,17,80,55,29,12,31,96,450
griffbl01,Blake Griffin,POWER FORWARD,23,LOS ANGELES CLIPPERS,80,80,2598,577,1072,5,28,281,426,186,476,299,97,50,185,231,1440
haddaha01,Hamed Haddadi,CENTER,27,MEMPHIS GRIZZLIES,13,0,87,7,21,0,0,1,2,10,14,4,1,6,4,15,15
haddaha01,Hamed Haddadi,CENTER,27,PHOENIX SUNS,17,0,235,28,61,0,0,13,25,33,54,8,5,21,27,45,69
hamiljo02,Jordan Hamilton,SMALL FORWARD,22,DENVER NUGGETS,40,1,397,84,201,27,73,13,26,32,63,23,15,8,19,24,208
hamilri01,Richard Hamilton,SHOOTING GUARD,34,CHICAGO BULLS,50,45,1088,204,475,16,52,66,77,16,67,119,24,5,84,93,490
hansbbe01,Ben Hansbrough,POINT GUARD,25,INDIANA PACERS,28,0,200,15,45,6,23,21,27,2,16,21,7,2,18,23,57
hansbty01,Tyler Hansbrough,POWER FORWARD,27,INDIANA PACERS,81,8,1366,176,407,0,3,216,300,161,212,36,29,18,78,152,568
hardeja01,James Harden,SHOOTING GUARD,23,HOUSTON ROCKETS,78,78,2985,585,1337,179,486,674,792,62,317,455,142,38,295,178,2023
harklma01,Maurice Harkless,SMALL FORWARD,19,ORLANDO MAGIC,76,59,1974,260,564,32,117,73,128,122,213,50,88,62,69,144,625
harrejo01,Josh Harrellson,CENTER,23,MIAMI HEAT,6,0,31,4,9,1,5,1,2,3,4,0,1,1,3,4,10
harrial01,Al Harrington,CENTER,32,ORLANDO MAGIC,10,0,119,20,57,8,30,3,4,6,21,10,4,1,7,18,51
harride01,Devin Harris,SHOOTING GUARD,29,ATLANTA HAWKS,58,34,1421,194,443,77,230,112,154,6,110,197,64,13,88,103,577
harrite01,Terrel Harris,SHOOTING GUARD,25,MIAMI HEAT,7,0,29,2,8,0,1,6,8,4,5,2,0,0,4,3,10
harrite01,Terrel Harris,SHOOTING GUARD,25,NEW ORLEANS HORNETS,13,0,108,2,19,0,7,1,2,0,17,7,2,3,13,14,5
harrito02,Tobias Harris,SMALL FORWARD,20,MILWAUKEE BUCKS,28,14,325,53,115,7,21,23,26,17,40,13,8,7,18,31,136
harrito02,Tobias Harris,POWER FORWARD,20,ORLANDO MAGIC,27,20,974,180,397,27,87,80,111,56,174,56,24,37,48,89,467
hasleud01,Udonis Haslem,POWER FORWARD,32,MIAMI HEAT,75,59,1414,129,251,0,0,32,45,97,307,38,30,15,45,173,290
hawessp01,Spencer Hawes,CENTER,24,PHILADELPHIA 76ERS,82,40,2233,376,811,31,87,122,157,173,417,183,24,113,131,233,905
hayesch01,Chuck Hayes,CENTER,29,SACRAMENTO KINGS,74,1,1209,84,190,0,1,30,48,113,186,112,31,18,44,114,198
haywago01,Gordon Hayward,SMALL FORWARD,22,UTAH JAZZ,72,27,2104,336,773,102,246,243,294,51,174,213,58,38,120,125,1017
haywala01,Lazar Hayward,SMALL FORWARD,26,MINNESOTA TIMBERWOLVES,4,0,31,2,10,0,4,6,6,0,4,3,2,0,0,3,10
haywobr01,Brendan Haywood,CENTER,33,CHARLOTTE BOBCATS,61,17,1162,93,216,0,1,30,66,125,165,29,16,49,50,125,216
hendege02,Gerald Henderson,SHOOTING GUARD,25,CHARLOTTE BOBCATS,68,58,2133,382,855,33,100,258,313,55,195,177,68,34,108,149,1055
henryxa01,Xavier Henry,SMALL FORWARD,21,NEW ORLEANS HORNETS,50,2,625,66,161,4,11,58,92,21,69,13,16,5,31,72,194
hensojo01,John Henson,POWER FORWARD,22,MILWAUKEE BUCKS,63,9,827,162,336,0,3,56,105,116,181,31,19,42,47,83,380
hibbero01,Roy Hibbert,CENTER,26,INDIANA PACERS,79,79,2269,385,859,1,4,166,224,296,360,113,39,206,162,279,937
hicksjj01,J.J. Hickson,CENTER,24,PORTLAND TRAIL BLAZERS,80,80,2323,418,744,0,2,182,268,266,562,88,48,51,145,160,1018
higgico01,Cory Higgins,SHOOTING GUARD,23,CHARLOTTE BOBCATS,6,0,32,6,19,1,5,1,2,1,2,5,3,0,0,5,14
hilarne01,Nenê,POWER FORWARD,30,WASHINGTON WIZARDS,61,49,1659,285,594,0,1,196,269,101,306,177,55,37,139,171,766
hillge01,George Hill,POINT GUARD,26,INDIANA PACERS,76,76,2620,386,871,130,353,174,213,47,237,355,81,26,116,134,1076
hillgr01,Grant Hill,SMALL FORWARD,40,LOS ANGELES CLIPPERS,29,0,437,38,98,3,11,14,24,6,43,26,11,7,25,39,93
hilljo01,Jordan Hill,POWER FORWARD,25,LOS ANGELES LAKERS,29,1,458,77,155,0,2,40,61,82,84,13,8,19,26,55,194
hinriki01,Kirk Hinrich,POINT GUARD,32,CHICAGO BULLS,60,60,1764,159,422,71,182,70,98,16,142,314,63,25,99,192,459
holidjr01,Jrue Holiday,POINT GUARD,22,PHILADELPHIA 76ERS,78,78,2926,555,1288,91,247,182,242,89,240,625,123,32,292,170,1383
holidju01,Justin Holiday,SHOOTING GUARD,23,PHILADELPHIA 76ERS,9,0,142,16,48,4,16,6,8,0,14,15,3,6,9,7,42
holliry01,Ryan Hollins,CENTER,28,LOS ANGELES CLIPPERS,60,0,663,70,114,0,0,66,88,50,89,11,6,34,44,133,206
honeyty01,Tyler Honeycutt,SMALL FORWARD,22,SACRAMENTO KINGS,9,0,32,3,11,0,2,2,2,3,7,2,0,1,5,2,8
horfoal01,Al Horford,CENTER,26,ATLANTA HAWKS,74,74,2756,576,1060,3,6,134,208,195,562,240,78,78,147,163,1289
howardw01,Dwight Howard,CENTER,27,LOS ANGELES LAKERS,76,76,2722,470,813,1,6,355,721,251,694,108,84,186,225,291,1296
howarjo01,Josh Howard,SMALL FORWARD,32,MINNESOTA TIMBERWOLVES,11,4,207,31,77,5,16,7,12,9,27,4,10,3,10,18,74
howarju01,Juwan Howard,POWER FORWARD,39,MIAMI HEAT,7,2,51,10,19,0,0,1,1,0,8,6,0,0,4,9,21
humphkr01,Kris Humphries,POWER FORWARD,27,BROOKLYN NETS,65,21,1191,139,310,0,2,97,123,126,239,32,16,33,57,127,375
ibakase01,Serge Ibaka,POWER FORWARD,23,OKLAHOMA CITY THUNDER,80,80,2486,446,778,20,57,143,191,222,395,43,28,242,125,213,1055
iguodan01,Andre Iguodala,SHOOTING GUARD,29,DENVER NUGGETS,80,80,2779,396,879,91,287,155,270,82,341,433,139,52,206,127,1038
ilyaser01,Ersan İlyasova,POWER FORWARD,25,MILWAUKEE BUCKS,73,54,2012,371,803,95,214,125,157,154,366,117,68,36,75,185,962
irvinky01,Kyrie Irving,POINT GUARD,20,CLEVELAND CAVALIERS,59,59,2048,484,1070,109,279,248,290,34,182,350,89,21,191,146,1325
iveyro01,Royal Ivey,SHOOTING GUARD,31,PHILADELPHIA 76ERS,53,5,698,62,144,37,88,9,16,16,41,32,23,3,20,73,170
jackja01,Jarrett Jack,SHOOTING GUARD,29,GOLDEN STATE WARRIORS,79,4,2349,387,857,82,203,167,198,21,222,439,60,11,157,134,1023
jacksre01,Reggie Jackson,POINT GUARD,22,OKLAHOMA CITY THUNDER,70,0,993,149,325,24,104,52,62,21,145,122,29,13,53,84,374
jacksst02,Stephen Jackson,SMALL FORWARD,34,SAN ANTONIO SPURS,55,6,1075,123,330,46,170,49,70,22,133,80,37,14,77,89,341
jamesbe01,Bernard James,CENTER,27,DALLAS MAVERICKS,46,11,457,53,103,0,2,25,41,52,79,6,12,38,18,64,131
jamesda01,Damion James,SMALL FORWARD,25,BROOKLYN NETS,2,0,0,0,0,0,0,0,0,0,1,0,0,0,0,0,0
jamesle01,LeBron James,POWER FORWARD,28,MIAMI HEAT,76,76,2877,765,1354,103,254,403,535,97,513,551,129,67,226,110,2036
jamesmi01,Mike James,POINT GUARD,37,DALLAS MAVERICKS,45,23,862,101,271,48,125,23,29,9,63,139,26,3,55,95,273
jamisan01,Antawn Jamison,POWER FORWARD,36,LOS ANGELES LAKERS,76,6,1636,267,575,84,233,94,136,109,253,50,30,22,53,124,712
jeffeal01,Al Jefferson,CENTER,28,UTAH JAZZ,78,78,2578,611,1236,2,17,167,217,156,564,164,80,89,105,170,1391
jefferi01,Richard Jefferson,SMALL FORWARD,32,GOLDEN STATE WARRIORS,56,1,568,62,136,14,45,38,53,5,79,31,14,7,23,45,176
jeffrja01,Jared Jeffries,POWER FORWARD,31,PORTLAND TRAIL BLAZERS,38,0,350,16,54,0,2,12,23,26,34,14,6,6,17,58,44
jenkich01,Charles Jenkins,SHOOTING GUARD,23,GOLDEN STATE WARRIORS,47,0,291,35,83,1,2,10,18,5,16,28,9,1,19,18,81
jenkich01,Charles Jenkins,POINT GUARD,23,PHILADELPHIA 76ERS,12,1,150,14,38,0,0,2,4,3,8,16,6,1,2,4,30
jenkijo01,John Jenkins,SHOOTING GUARD,21,ATLANTA HAWKS,61,2,902,131,294,53,138,59,70,17,77,56,12,10,40,37,374
jennibr01,Brandon Jennings,POINT GUARD,23,MILWAUKEE BUCKS,80,80,2897,497,1247,173,461,230,281,59,187,521,125,10,203,155,1397
jerebjo01,Jonas Jerebko,POWER FORWARD,25,DETROIT PISTONS,49,2,892,142,316,25,83,68,88,68,117,43,38,8,42,90,377
johnsam01,Amir Johnson,POWER FORWARD,25,TORONTO RAPTORS,81,38,2325,336,606,5,13,136,187,227,384,122,81,110,117,301,813
johnsch03,Chris Johnson,CENTER,27,MINNESOTA TIMBERWOLVES,30,0,284,48,75,0,0,21,34,20,40,8,7,28,13,49,117
johnsch04,Chris Johnson,SMALL FORWARD,22,MEMPHIS GRIZZLIES,8,0,102,11,25,6,18,1,2,5,6,2,4,0,3,5,29
johnsiv01,Ivan Johnson,POWER FORWARD,28,ATLANTA HAWKS,69,5,1035,185,356,1,13,81,131,76,190,46,56,14,71,131,452
johnsja01,James Johnson,SMALL FORWARD,25,SACRAMENTO KINGS,54,11,878,117,283,2,21,40,67,49,96,58,41,50,68,99,276
johnsjo02,Joe Johnson,SHOOTING GUARD,31,BROOKLYN NETS,72,72,2642,445,1052,148,395,132,161,53,165,253,49,14,123,99,1170
johnsor01,Orlando Johnson,SHOOTING GUARD,23,INDIANA PACERS,51,0,619,72,180,36,94,23,32,20,90,47,11,9,29,51,203
johnswe01,Wesley Johnson,SMALL FORWARD,25,PHOENIX SUNS,50,21,953,161,396,50,155,27,35,21,102,34,22,18,48,56,399
johnsda03,Darius Johnson-Odom,SHOOTING GUARD,23,LOS ANGELES LAKERS,4,0,6,0,4,0,1,0,0,1,3,1,0,0,0,0,0
jonesda02,Dahntay Jones,SMALL FORWARD,32,DALLAS MAVERICKS,50,15,635,50,140,8,37,66,82,13,57,28,10,5,22,73,174
jonesda02,Dahntay Jones,SMALL FORWARD,32,ATLANTA HAWKS,28,4,381,32,82,3,12,21,31,11,20,20,12,1,16,46,88
jonesde01,DeQuan Jones,SMALL FORWARD,22,ORLANDO MAGIC,63,17,803,95,218,9,35,34,51,17,88,16,19,22,30,55,233
jonesdo02,Dominique Jones,POINT GUARD,24,DALLAS MAVERICKS,29,3,338,40,109,1,9,35,53,18,27,83,14,2,38,29,116
jonesja02,James Jones,SMALL FORWARD,32,MIAMI HEAT,38,0,221,21,61,16,53,2,4,0,22,13,2,6,3,16,60
joneske01,Kevin Jones,POWER FORWARD,23,CLEVELAND CAVALIERS,32,0,334,43,107,0,0,9,15,38,40,10,9,5,8,25,95
jonespe01,Perry Jones,SMALL FORWARD,21,OKLAHOMA CITY THUNDER,38,1,280,39,99,0,2,10,15,12,50,10,5,6,15,23,88
jonesso01,Solomon Jones,POWER FORWARD,28,NEW YORK KNICKS,2,1,26,0,1,0,0,0,0,1,2,0,0,1,3,3,0
joneste01,Terrence Jones,POWER FORWARD,21,HOUSTON ROCKETS,19,0,276,43,94,5,19,13,17,28,37,15,12,19,13,21,104
jordade01,DeAndre Jordan,CENTER,24,LOS ANGELES CLIPPERS,82,82,2010,314,488,0,0,96,249,210,384,28,48,112,100,192,724
josepco01,Cory Joseph,POINT GUARD,21,SAN ANTONIO SPURS,28,9,388,51,110,6,21,18,21,12,40,53,15,4,21,25,126
josepkr01,Kris Joseph,SMALL FORWARD,24,BOSTON CELTICS,6,0,24,2,11,0,2,3,4,1,4,1,0,0,2,2,7
josepkr01,Kris Joseph,SMALL FORWARD,24,BROOKLYN NETS,4,0,30,0,3,0,1,2,4,0,2,0,3,0,0,1,2
kamanch01,Chris Kaman,CENTER,30,DALLAS MAVERICKS,66,52,1363,313,617,0,1,67,85,97,275,51,29,52,103,141,693
kanteen01,Enes Kanter,CENTER,20,UTAH JAZZ,70,2,1078,206,379,1,1,93,117,135,169,31,28,32,101,116,506
kiddja01,Jason Kidd,SHOOTING GUARD,39,NEW YORK KNICKS,76,48,2043,152,409,114,325,40,48,50,273,249,125,25,76,125,458
kiddgmi01,Michael Kidd-Gilchrist,SMALL FORWARD,19,CHARLOTTE BOBCATS,78,77,2025,281,613,2,9,140,187,131,324,117,54,70,101,164,704
kirilan01,Andrei Kirilenko,SMALL FORWARD,31,MINNESOTA TIMBERWOLVES,64,64,2034,284,560,35,120,188,250,102,260,177,96,62,119,82,791
kleizli01,Linas Kleiza,SMALL FORWARD,28,TORONTO RAPTORS,20,3,376,48,144,20,66,32,38,10,42,16,4,2,14,45,148
knighbr03,Brandon Knight,POINT GUARD,21,DETROIT PISTONS,75,75,2365,357,878,120,327,165,225,54,193,303,58,8,205,157,999
korveky01,Kyle Korver,SMALL FORWARD,31,ATLANTA HAWKS,74,60,2259,277,601,189,414,67,78,23,270,146,70,37,70,170,810
koufoko01,Kosta Koufos,CENTER,23,DENVER NUGGETS,81,81,1817,295,508,0,1,58,104,211,351,32,44,103,53,246,648
kravtvi01,Viacheslav Kravtsov,CENTER,25,DETROIT PISTONS,25,0,224,33,46,0,0,11,37,24,21,9,5,9,14,32,77
lambdo01,Doron Lamb,SHOOTING GUARD,21,MILWAUKEE BUCKS,23,0,280,33,95,4,16,8,15,3,14,20,7,0,16,27,78
lambdo01,Doron Lamb,SHOOTING GUARD,21,ORLANDO MAGIC,24,0,297,27,68,10,21,12,19,5,24,12,6,0,10,25,76
lambje01,Jeremy Lamb,SMALL FORWARD,20,OKLAHOMA CITY THUNDER,23,0,147,24,68,9,30,14,14,5,13,5,2,2,6,13,71
landrca01,Carl Landry,POWER FORWARD,29,GOLDEN STATE WARRIORS,81,2,1876,325,602,1,3,223,273,180,303,65,35,31,115,190,874
lawsoty01,Ty Lawson,POINT GUARD,25,DENVER NUGGETS,73,71,2513,448,971,85,232,235,311,36,162,501,107,8,182,135,1216
leeco01,Courtney Lee,SHOOTING GUARD,27,BOSTON CELTICS,78,39,1941,246,530,58,156,62,72,31,159,143,89,21,84,139,612
leeda02,David Lee,POWER FORWARD,29,GOLDEN STATE WARRIORS,79,79,2907,602,1160,0,4,255,320,218,668,279,67,22,207,246,1459
leema01,Malcolm Lee,SHOOTING GUARD,22,MINNESOTA TIMBERWOLVES,16,12,289,29,76,8,24,12,20,15,24,20,12,6,10,30,78
leonaka01,Kawhi Leonard,SMALL FORWARD,21,SAN ANTONIO SPURS,58,57,1810,260,526,65,174,104,126,63,283,93,97,32,62,99,689
leoname01,Meyers Leonard,CENTER,20,PORTLAND TRAIL BLAZERS,69,9,1206,151,277,3,7,72,89,80,175,33,11,38,49,168,377
leuerjo01,Jon Leuer,CENTER,23,CLEVELAND CAVALIERS,9,0,91,10,28,0,3,2,6,5,8,5,2,0,5,11,22
leuerjo01,Jon Leuer,POWER FORWARD,23,MEMPHIS GRIZZLIES,19,0,96,15,24,0,0,4,7,8,16,3,4,0,3,10,34
lewisra02,Rashard Lewis,POWER FORWARD,33,MIAMI HEAT,55,9,792,103,249,51,131,28,45,19,102,30,21,14,33,67,285
liggide01,DeAndre Liggins,SHOOTING GUARD,24,OKLAHOMA CITY THUNDER,39,1,290,21,47,7,19,9,18,13,40,15,18,3,14,33,58
lillada01,Damian Lillard,POINT GUARD,22,PORTLAND TRAIL BLAZERS,82,82,3167,553,1288,185,503,271,321,42,215,531,74,19,243,172,1562
linje01,Jeremy Lin,POINT GUARD,24,HOUSTON ROCKETS,82,82,2640,396,897,87,257,216,275,32,215,497,134,29,236,205,1095
livinsh01,Shaun Livingston,POINT GUARD,27,WASHINGTON WIZARDS,17,4,320,24,66,0,3,15,15,2,35,38,11,2,17,22,63
livinsh01,Shaun Livingston,POINT GUARD,27,CLEVELAND CAVALIERS,49,12,1135,142,280,0,1,70,83,29,92,177,37,29,59,105,354
lopezbr01,Brook Lopez,CENTER,24,BROOKLYN NETS,74,74,2253,570,1094,0,1,297,392,208,304,70,33,154,131,152,1437
lopezro01,Robin Lopez,CENTER,24,NEW ORLEANS HORNETS,82,82,2136,384,719,0,0,161,207,226,236,64,32,128,110,167,929
loveke01,Kevin Love,POWER FORWARD,24,MINNESOTA TIMBERWOLVES,18,18,618,105,298,20,92,100,142,64,188,42,13,9,39,34,330
lowryky01,Kyle Lowry,POINT GUARD,26,TORONTO RAPTORS,68,52,2020,250,623,101,279,190,239,56,265,435,94,24,157,218,791
lucasjo02,John Lucas III,POINT GUARD,30,TORONTO RAPTORS,63,0,827,129,334,57,151,18,25,8,57,105,23,1,26,50,333
machasc01,Scott Machado,POINT GUARD,22,HOUSTON ROCKETS,6,0,21,3,6,0,1,2,2,0,1,6,2,0,8,0,8
macksh01,Shelvin Mack,POINT GUARD,22,WASHINGTON WIZARDS,7,2,141,16,40,4,13,1,2,3,13,23,6,0,8,10,37
macksh01,Shelvin Mack,SHOOTING GUARD,22,PHILADELPHIA 76ERS,4,0,7,1,2,0,1,0,0,0,0,1,0,0,2,1,2
macksh01,Shelvin Mack,POINT GUARD,22,ATLANTA HAWKS,20,1,268,41,84,14,35,8,14,0,24,44,9,0,24,28,104
maggeco01,Corey Maggette,SMALL FORWARD,33,DETROIT PISTONS,18,0,257,27,76,5,21,36,48,5,20,19,6,2,17,42,95
mahinia01,Ian Mahinmi,CENTER,26,INDIANA PACERS,80,2,1322,149,329,0,2,104,171,115,196,27,39,66,92,201,402
mariosh01,Shawn Marion,POWER FORWARD,34,DALLAS MAVERICKS,67,67,2010,355,690,23,73,79,101,146,379,163,75,47,103,111,812
marshke01,Kendall Marshall,POINT GUARD,21,PHOENIX SUNS,48,3,702,56,151,23,73,8,14,4,38,143,22,4,57,48,143
martica01,Cartier Martin,SMALL FORWARD,28,WASHINGTON WIZARDS,41,3,694,96,252,58,146,20,28,11,89,20,19,6,32,58,270
martike01,Kenyon Martin,CENTER,35,NEW YORK KNICKS,18,11,431,56,93,0,0,17,40,34,61,8,16,17,16,64,129
martike02,Kevin Martin,SHOOTING GUARD,29,OKLAHOMA CITY THUNDER,77,0,2136,350,778,158,371,219,246,31,147,106,72,8,101,138,1077
masonro01,Roger Mason,SHOOTING GUARD,32,NEW ORLEANS HORNETS,69,13,1219,132,305,66,159,39,43,11,121,74,26,11,51,104,369
matthwe02,Wesley Matthews,SHOOTING GUARD,26,PORTLAND TRAIL BLAZERS,69,69,2403,352,808,169,425,149,187,35,156,174,90,18,109,172,1022
maxieja01,Jason Maxiell,POWER FORWARD,29,DETROIT PISTONS,72,71,1789,204,457,0,0,90,145,135,274,54,32,95,81,172,498
maynoer01,Eric Maynor,POINT GUARD,25,OKLAHOMA CITY THUNDER,37,0,391,36,115,15,46,17,21,5,13,73,10,0,31,19,104
maynoer01,Eric Maynor,SHOOTING GUARD,25,PORTLAND TRAIL BLAZERS,27,0,572,70,166,19,50,28,41,4,24,109,12,1,48,36,187
mayooj01,O.J. Mayo,SHOOTING GUARD,25,DALLAS MAVERICKS,82,82,2913,461,1026,142,349,191,233,36,255,361,93,23,210,195,1255
mbahalu01,Luc Mbah a Moute,SMALL FORWARD,26,MILWAUKEE BUCKS,58,45,1326,151,377,13,37,72,126,89,167,55,42,14,70,82,387
mcgeeja01,JaVale McGee,CENTER,25,DENVER NUGGETS,79,0,1433,303,527,1,1,110,186,158,223,24,30,157,90,184,717
mcguido01,Dominic McGuire,SMALL FORWARD,27,TORONTO RAPTORS,15,9,230,15,32,0,0,2,6,11,37,10,5,8,7,26,32
mcguido01,Dominic McGuire,SMALL FORWARD,27,NEW ORLEANS HORNETS,9,0,145,9,21,0,0,1,2,7,21,9,8,3,5,13,19
mcguido01,Dominic McGuire,SMALL FORWARD,27,INDIANA PACERS,2,1,12,0,3,0,0,0,2,1,1,1,0,0,0,0,0
mcrobjo01,Josh McRoberts,POWER FORWARD,25,ORLANDO MAGIC,41,3,685,60,153,17,55,22,30,41,96,70,10,12,28,65,159
mcrobjo01,Josh McRoberts,POWER FORWARD,25,CHARLOTTE BOBCATS,26,19,802,96,190,7,29,43,55,52,136,71,22,15,38,66,242
meeksjo01,Jodie Meeks,SHOOTING GUARD,25,LOS ANGELES LAKERS,78,10,1663,205,530,122,342,86,96,37,134,69,58,5,52,103,618
melofa01,Fab Melo,CENTER,22,BOSTON CELTICS,6,0,36,3,6,0,0,1,4,0,3,0,2,2,1,7,7
middlkh01,Khris Middleton,SHOOTING GUARD,21,DETROIT PISTONS,27,0,475,62,141,14,45,27,32,4,46,28,15,4,11,53,165
milescj01,C.J. Miles,SMALL FORWARD,25,CLEVELAND CAVALIERS,65,13,1364,255,614,126,328,93,107,24,150,63,49,17,69,138,729
milicda01,Darko Miličić,CENTER,27,BOSTON CELTICS,1,0,5,0,1,0,0,0,0,0,1,0,0,0,2,1,0
millean02,Andre Miller,POINT GUARD,36,DENVER NUGGETS,82,11,2151,303,632,17,64,163,194,60,178,484,73,11,172,159,786
milleda01,Darius Miller,SMALL FORWARD,22,NEW ORLEANS HORNETS,52,2,694,44,108,22,56,8,8,8,70,44,17,12,23,89,118
millemi01,Mike Miller,SMALL FORWARD,32,MIAMI HEAT,59,17,900,100,231,73,175,8,11,18,139,99,21,4,35,63,281
millequ01,Quincy Miller,POWER FORWARD,20,DENVER NUGGETS,7,0,26,4,12,0,1,1,2,1,1,3,1,0,1,3,9
millspa02,Patty Mills,POINT GUARD,24,SAN ANTONIO SPURS,58,2,656,113,241,52,130,16,19,9,41,62,26,4,39,55,294
millspa01,Paul Millsap,POWER FORWARD,27,UTAH JAZZ,78,78,2375,429,875,13,39,264,356,177,377,201,102,80,138,232,1135
mohamna01,Nazr Mohammed,CENTER,35,CHICAGO BULLS,63,12,693,66,180,0,2,34,47,73,122,26,21,32,24,97,166
monrogr01,Greg Monroe,CENTER,22,DETROIT PISTONS,81,81,2687,514,1058,0,4,270,392,236,541,281,105,55,234,190,1298
mooreet01,E'Twaun Moore,SHOOTING GUARD,23,ORLANDO MAGIC,75,21,1682,237,598,67,197,47,59,48,119,206,51,23,105,122,588
morrida01,Darius Morris,POINT GUARD,22,LOS ANGELES LAKERS,48,17,683,73,188,24,66,24,37,24,33,76,21,2,45,58,194
morrima03,Marcus Morris,POWER FORWARD,23,HOUSTON ROCKETS,54,17,1154,171,400,74,194,49,75,63,156,47,27,16,53,120,465
morrima03,Marcus Morris,SMALL FORWARD,23,PHOENIX SUNS,23,6,370,51,126,12,39,17,42,17,41,15,18,4,24,40,131
morrima02,Markieff Morris,POWER FORWARD,23,PHOENIX SUNS,82,32,1837,266,653,45,134,93,127,131,265,108,77,64,104,209,670
morroan01,Anthony Morrow,SHOOTING GUARD,27,ATLANTA HAWKS,24,1,301,47,111,15,38,16,18,10,16,9,12,1,4,33,125
morroan01,Anthony Morrow,SHOOTING GUARD,27,DALLAS MAVERICKS,17,0,82,17,34,1,5,4,4,1,3,4,1,0,4,10,39
motiedo01,Donatas Motiejūnas,POWER FORWARD,22,HOUSTON ROCKETS,44,14,538,97,213,24,83,32,51,36,57,31,7,10,37,73,250
moultar01,Arnett Moultrie,POWER FORWARD,22,PHILADELPHIA 76ERS,47,0,542,78,134,0,0,18,28,76,69,10,17,10,19,43,174
mozgoti01,Timofey Mozgov,CENTER,26,DENVER NUGGETS,41,1,366,44,87,0,2,20,26,50,57,9,6,18,25,57,108
mulleby01,Byron Mullens,POWER FORWARD,23,CHARLOTTE BOBCATS,53,41,1428,217,563,66,208,64,99,71,266,81,34,32,74,110,564
murphke01,Kevin Murphy,SHOOTING GUARD,22,UTAH JAZZ,17,0,52,7,28,1,5,0,0,0,4,2,1,0,3,4,15
murphtr01,Troy Murphy,POWER FORWARD,32,DALLAS MAVERICKS,14,1,256,22,61,11,35,10,11,7,42,7,10,6,7,29,65
nashst01,Steve Nash,POINT GUARD,38,LOS ANGELES LAKERS,50,50,1627,236,475,57,130,107,116,26,116,333,30,5,126,70,636
nealga01,Gary Neal,SHOOTING GUARD,28,SAN ANTONIO SPURS,68,17,1484,246,597,89,251,64,74,13,130,129,30,2,69,93,645
nelsoja01,Jameer Nelson,POINT GUARD,30,ORLANDO MAGIC,56,56,1977,306,780,121,355,89,102,23,186,413,71,6,154,161,822
nichoan01,Andrew Nicholson,POWER FORWARD,23,ORLANDO MAGIC,75,28,1249,256,486,0,0,75,94,69,189,44,24,32,79,133,587
noahjo01,Joakim Noah,CENTER,27,CHICAGO BULLS,66,64,2426,303,630,0,5,178,237,260,473,262,78,141,176,185,784
novakst01,Steve Novak,SMALL FORWARD,29,NEW YORK KNICKS,81,1,1641,178,430,149,351,30,33,17,135,35,28,8,12,97,535
nowitdi01,Dirk Nowitzki,POWER FORWARD,34,DALLAS MAVERICKS,53,47,1661,343,728,65,157,166,193,37,326,132,38,37,70,93,917
onealje01,Jermaine O'Neal,CENTER,34,PHOENIX SUNS,55,4,1029,179,371,0,0,96,115,82,211,42,19,78,73,126,454
oquinky01,Kyle O'Quinn,CENTER,22,ORLANDO MAGIC,57,5,638,101,197,0,1,30,45,65,144,52,11,26,37,107,232
odomla01,Lamar Odom,POWER FORWARD,33,LOS ANGELES CLIPPERS,82,2,1616,146,366,18,90,20,42,117,363,142,69,58,86,214,330
ohlbrti01,Tim Ohlbrecht,CENTER,24,HOUSTON ROCKETS,3,0,12,1,3,0,0,1,1,0,1,1,1,0,4,1,3
okafoem01,Emeka Okafor,CENTER,30,WASHINGTON WIZARDS,79,77,2052,328,687,0,0,109,191,199,493,93,45,77,107,145,765
ortonda01,Daniel Orton,CENTER,22,OKLAHOMA CITY THUNDER,13,0,104,12,26,0,0,9,17,13,13,4,4,3,4,13,33
outlatr01,Travis Outlaw,SMALL FORWARD,28,SACRAMENTO KINGS,38,2,444,74,177,14,50,38,52,17,44,21,11,8,19,35,200
pachuza01,Zaza Pachulia,CENTER,28,ATLANTA HAWKS,52,15,1134,114,241,0,3,78,103,132,204,79,35,12,70,128,306
pargoja01,Jannero Pargo,POINT GUARD,33,WASHINGTON WIZARDS,7,0,102,8,32,3,20,2,2,0,6,14,0,1,8,8,21
pargoja01,Jannero Pargo,POINT GUARD,33,ATLANTA HAWKS,7,0,113,13,38,7,20,2,2,1,6,19,3,0,5,8,35
pargoja01,Jannero Pargo,POINT GUARD,33,CHARLOTTE BOBCATS,18,0,292,57,142,29,76,8,9,9,13,34,15,2,28,26,151
pargoje01,Jeremy Pargo,POINT GUARD,26,CLEVELAND CAVALIERS,25,11,447,75,187,18,57,28,41,7,25,64,12,2,37,32,196
pargoje01,Jeremy Pargo,SHOOTING GUARD,26,PHILADELPHIA 76ERS,14,0,208,24,63,7,17,14,21,1,16,28,1,0,13,14,69
parketo01,Tony Parker,POINT GUARD,30,SAN ANTONIO SPURS,66,66,2174,519,995,24,68,279,330,18,180,499,54,6,170,92,1341
parsoch01,Chandler Parsons,SMALL FORWARD,24,HOUSTON ROCKETS,76,76,2758,456,939,152,395,113,155,79,325,269,75,32,147,148,1177
pattepa01,Patrick Patterson,POWER FORWARD,23,HOUSTON ROCKETS,47,38,1219,236,455,35,96,37,49,73,148,51,18,27,42,90,544
pattepa01,Patrick Patterson,POWER FORWARD,23,SACRAMENTO KINGS,24,3,556,83,168,16,36,11,14,40,76,30,13,13,19,48,193
paulch01,Chris Paul,POINT GUARD,27,LOS ANGELES CLIPPERS,70,70,2335,412,856,76,232,286,323,53,209,678,169,10,159,143,1186
pavloal01,Sasha Pavlović,SHOOTING GUARD,29,PORTLAND TRAIL BLAZERS,39,1,528,42,119,18,60,1,6,7,49,32,24,5,14,59,103
pekovni01,Nikola Peković,CENTER,27,MINNESOTA TIMBERWOLVES,62,62,1959,385,741,0,0,241,324,230,315,53,43,50,101,143,1011
perkike01,Kendrick Perkins,CENTER,28,OKLAHOMA CITY THUNDER,78,78,1954,143,313,0,1,44,72,110,356,111,43,83,109,227,330
petrojo01,Johan Petro,CENTER,27,ATLANTA HAWKS,31,8,352,48,110,1,4,11,12,33,79,16,10,9,24,48,108
piercpa01,Paul Pierce,SMALL FORWARD,35,BOSTON CELTICS,77,77,2575,476,1092,145,382,333,423,45,442,370,84,30,214,210,1430
pietrmi01,Mickaël Piétrus,SMALL FORWARD,30,TORONTO RAPTORS,19,16,386,34,98,20,64,12,18,5,31,9,12,6,16,33,100
pittmde01,Dexter Pittman,CENTER,24,MIAMI HEAT,4,0,12,3,5,0,0,0,0,4,3,0,0,0,2,4,6
pittmde01,Dexter Pittman,CENTER,24,MEMPHIS GRIZZLIES,7,0,20,1,6,0,0,0,3,3,2,0,0,0,1,4,2
plumlmi01,Miles Plumlee,CENTER,24,INDIANA PACERS,14,0,55,5,21,0,0,3,4,12,10,2,0,3,3,5,13
pondequ01,Quincy Pondexter,SMALL FORWARD,24,MEMPHIS GRIZZLIES,59,1,1243,128,299,60,152,59,75,43,89,61,35,6,42,95,375
priceaj01,A.J. Price,POINT GUARD,26,WASHINGTON WIZARDS,57,22,1278,161,413,70,200,49,62,20,94,205,33,3,64,73,441
pricero01,Ronnie Price,POINT GUARD,29,PORTLAND TRAIL BLAZERS,39,0,510,39,120,10,39,17,24,13,31,73,26,3,34,61,105
prigipa01,Pablo Prigioni,POINT GUARD,35,NEW YORK KNICKS,78,18,1263,100,220,53,134,22,25,41,102,236,69,2,86,127,275
princta01,Tayshaun Prince,SMALL FORWARD,32,DETROIT PISTONS,45,45,1457,215,484,23,53,74,93,43,166,111,21,13,54,45,527
princta01,Tayshaun Prince,SMALL FORWARD,32,MEMPHIS GRIZZLIES,37,36,1174,144,336,15,41,22,37,29,126,85,27,12,35,41,325
przybjo01,Joel Przybilla,CENTER,33,MILWAUKEE BUCKS,12,1,68,1,4,0,0,0,2,5,16,4,1,2,4,10,2
quinnch01,Chris Quinn,SHOOTING GUARD,29,CLEVELAND CAVALIERS,7,0,78,4,16,0,5,2,2,1,1,9,3,0,6,4,10
radmavl01,Vladimir Radmanović,POWER FORWARD,32,CHICAGO BULLS,25,0,144,13,43,5,27,2,3,10,18,8,8,4,7,29,33
randoan01,Anthony Randolph,POWER FORWARD,23,DENVER NUGGETS,39,0,329,56,114,0,8,31,45,29,66,12,19,21,37,41,143
randosh01,Shavlik Randolph,POWER FORWARD,29,BOSTON CELTICS,16,0,198,28,48,0,0,11,27,28,42,4,8,7,10,38,67
randoza01,Zach Randolph,POWER FORWARD,31,MEMPHIS GRIZZLIES,76,75,2607,471,1024,2,23,225,300,310,544,108,61,31,150,180,1169
redicjj01,J.J. Redick,SHOOTING GUARD,28,ORLANDO MAGIC,50,11,1575,262,582,117,300,115,129,9,110,220,29,5,105,70,756
redicjj01,J.J. Redick,SHOOTING GUARD,28,MILWAUKEE BUCKS,28,2,804,120,298,48,151,56,61,8,44,76,9,4,33,47,344
richaja01,Jason Richardson,SHOOTING GUARD,32,PHILADELPHIA 76ERS,33,33,936,135,336,57,167,20,33,19,108,51,40,15,26,57,347
richaqu01,Quentin Richardson,SMALL FORWARD,32,NEW YORK KNICKS,1,0,29,1,11,1,4,2,2,5,5,1,0,0,2,1,5
ridnolu01,Luke Ridnour,SHOOTING GUARD,31,MINNESOTA TIMBERWOLVES,82,82,2474,367,811,66,212,139,164,41,165,311,82,15,130,187,939
riverau01,Austin Rivers,SHOOTING GUARD,20,NEW ORLEANS HORNETS,61,26,1418,145,390,28,86,59,108,16,93,127,26,9,74,122,377
roberbr01,Brian Roberts,POINT GUARD,27,NEW ORLEANS HORNETS,78,5,1324,213,511,59,153,70,77,17,80,219,37,3,71,108,555
robinna01,Nate Robinson,POINT GUARD,28,CHICAGO BULLS,82,23,2086,399,921,141,348,135,169,29,155,358,85,10,144,207,1074
robinth01,Thomas Robinson,POWER FORWARD,21,SACRAMENTO KINGS,51,0,809,103,243,0,0,41,71,92,146,36,25,21,65,95,247
robinth01,Thomas Robinson,POWER FORWARD,21,HOUSTON ROCKETS,19,0,247,35,78,0,1,16,38,30,47,10,16,5,23,29,86
rondora01,Rajon Rondo,POINT GUARD,26,BOSTON CELTICS,38,38,1423,225,465,12,50,60,93,43,169,420,70,9,148,96,522
rosste01,Terrence Ross,SHOOTING GUARD,21,TORONTO RAPTORS,73,2,1239,186,457,65,196,30,42,35,109,53,43,14,48,122,467
roybr01,Brandon Roy,SHOOTING GUARD,28,MINNESOTA TIMBERWOLVES,5,5,122,11,35,0,9,7,10,3,11,23,3,0,7,5,29
rubiori01,Ricky Rubio,POINT GUARD,22,MINNESOTA TIMBERWOLVES,57,47,1691,185,514,27,92,211,264,44,185,418,137,5,172,143,608
rushbr01,Brandon Rush,SMALL FORWARD,27,GOLDEN STATE WARRIORS,2,0,25,6,9,0,2,2,3,0,1,2,0,0,3,5,14
sacrero01,Robert Sacre,CENTER,23,LOS ANGELES LAKERS,32,3,203,18,48,0,0,7,11,9,25,6,0,10,10,38,43
salmojo01,John Salmons,SMALL FORWARD,33,SACRAMENTO KINGS,76,72,2278,244,612,99,267,85,110,33,174,226,51,25,85,143,672
samuesa01,Samardo Samuels,CENTER,24,CLEVELAND CAVALIERS,18,1,196,22,60,0,1,14,24,10,18,8,3,3,6,30,58
sandela01,Larry Sanders,CENTER,24,MILWAUKEE BUCKS,71,55,1937,306,605,0,2,84,136,224,448,83,53,201,87,233,696
scolalu01,Luis Scola,POWER FORWARD,32,PHOENIX SUNS,82,67,2184,432,915,3,16,181,230,158,383,182,67,35,126,257,1048
scottmi01,Mike Scott,POWER FORWARD,24,ATLANTA HAWKS,40,1,376,70,147,0,1,43,56,39,71,12,4,2,21,32,183
sefolth01,Thabo Sefolosha,SHOOTING GUARD,28,OKLAHOMA CITY THUNDER,81,81,2229,224,466,108,258,57,69,58,259,125,103,44,64,177,613
selbyjo01,Josh Selby,POINT GUARD,21,MEMPHIS GRIZZLIES,10,0,59,6,22,1,6,7,11,0,5,4,2,0,7,7,20
serapke01,Kevin Séraphin,CENTER,23,WASHINGTON WIZARDS,79,8,1721,330,716,0,0,61,88,107,239,57,24,59,130,211,721
sessira01,Ramon Sessions,SHOOTING GUARD,26,CHARLOTTE BOBCATS,61,0,1652,276,676,33,107,291,347,27,142,230,48,7,104,91,876
shengto01,Tornike Shengelia,SMALL FORWARD,21,BROOKLYN NETS,19,0,93,10,23,1,2,9,16,9,14,3,3,1,11,11,30
shumpim01,Iman Shumpert,SHOOTING GUARD,22,NEW YORK KNICKS,45,45,996,109,275,51,127,36,47,31,105,75,43,7,37,99,305
shvedal01,Alexey Shved,SHOOTING GUARD,24,MINNESOTA TIMBERWOLVES,77,16,1840,236,635,85,288,108,150,41,134,286,54,27,147,117,665
simshe01,Henry Sims,CENTER,22,NEW ORLEANS HORNETS,2,0,5,2,3,0,0,0,0,2,0,0,0,0,1,1,4
singlky01,Kyle Singler,SMALL FORWARD,24,DETROIT PISTONS,82,74,2293,275,642,70,200,100,124,109,221,77,57,37,98,217,720
singlch01,Chris Singleton,POWER FORWARD,23,WASHINGTON WIZARDS,57,11,924,92,241,7,36,40,70,51,133,37,38,24,45,124,231
sloando01,Donald Sloan,SHOOTING GUARD,25,CLEVELAND CAVALIERS,20,0,257,27,78,7,19,20,25,3,25,37,5,0,13,17,81
sloando01,Donald Sloan,POINT GUARD,25,NEW ORLEANS HORNETS,3,0,6,0,0,0,0,0,0,0,0,1,0,0,1,0,0
smithgr02,Greg Smith,CENTER,22,HOUSTON ROCKETS,70,10,1110,170,274,0,1,81,130,111,210,25,18,40,41,175,421
smithis01,Ish Smith,POINT GUARD,24,ORLANDO MAGIC,36,3,378,39,116,4,17,3,7,11,35,57,13,6,27,14,85
smithis01,Ish Smith,POINT GUARD,24,MILWAUKEE BUCKS,16,0,138,17,43,4,10,0,0,1,14,30,8,3,10,12,38
smithjr01,J.R. Smith,SHOOTING GUARD,27,NEW YORK KNICKS,80,0,2678,527,1249,155,436,237,311,64,361,218,100,24,134,226,1446
smithja02,Jason Smith,CENTER,26,NEW ORLEANS HORNETS,51,0,876,167,341,0,4,86,102,64,122,34,15,45,55,123,420
smithjo03,Josh Smith,POWER FORWARD,27,ATLANTA HAWKS,76,76,2683,550,1182,61,201,166,321,133,506,321,94,136,226,175,1327
smithno01,Nolan Smith,POINT GUARD,24,PORTLAND TRAIL BLAZERS,40,0,288,42,114,6,28,20,28,7,20,35,7,1,29,26,110
speigma01,Marreese Speights,CENTER,25,MEMPHIS GRIZZLIES,40,2,579,106,247,2,5,48,67,76,113,18,10,27,35,86,262
speigma01,Marreese Speights,CENTER,25,CLEVELAND CAVALIERS,39,1,721,154,337,1,5,87,108,70,127,29,14,26,45,89,396
splitti01,Tiago Splitter,POWER FORWARD,28,SAN ANTONIO SPURS,81,58,1997,315,563,0,2,208,285,144,371,130,63,64,100,161,838
stackje01,Jerry Stackhouse,SMALL FORWARD,38,BROOKLYN NETS,37,0,544,66,172,30,89,20,23,5,28,35,7,4,24,31,182
stephla01,Lance Stephenson,SHOOTING GUARD,22,INDIANA PACERS,78,72,2278,275,598,62,188,75,115,47,257,223,81,16,109,162,687
stevede01,DeShawn Stevenson,SHOOTING GUARD,31,ATLANTA HAWKS,56,31,1158,98,262,76,209,12,23,18,104,52,29,6,23,69,284
stiemgr01,Greg Stiemsma,CENTER,27,MINNESOTA TIMBERWOLVES,76,19,1209,127,278,0,0,53,69,61,200,30,44,90,59,184,307
stoneju01,Julyan Stone,POINT GUARD,24,DENVER NUGGETS,4,0,28,2,2,0,0,3,4,2,1,2,1,0,2,4,7
stoudam01,Amar'e Stoudemire,POWER FORWARD,30,NEW YORK KNICKS,29,0,682,154,267,0,0,105,130,60,85,13,10,21,50,89,413
stuckro01,Rodney Stuckey,SHOOTING GUARD,26,DETROIT PISTONS,76,24,2171,304,748,55,182,213,272,43,169,270,51,17,134,127,876
sullija01,Jared Sullinger,POWER FORWARD,20,BOSTON CELTICS,45,5,892,111,225,1,5,47,63,92,172,35,22,22,29,154,270
summeda01,DaJuan Summers,POWER FORWARD,25,LOS ANGELES CLIPPERS,2,0,7,1,4,0,0,0,0,0,2,1,0,0,0,0,2
tayloje03,Jeff Taylor,SMALL FORWARD,23,CHARLOTTE BOBCATS,77,29,1507,172,399,53,154,75,103,51,99,63,47,15,48,136,472
tayloty01,Tyshawn Taylor,POINT GUARD,22,BROOKLYN NETS,38,0,221,32,87,6,13,15,27,2,16,21,13,0,25,25,85
teaguje01,Jeff Teague,POINT GUARD,24,ATLANTA HAWKS,80,78,2628,439,974,89,248,199,226,25,155,579,117,28,230,181,1166
teaguma01,Marquis Teague,POINT GUARD,19,CHICAGO BULLS,48,0,392,43,113,4,23,9,16,3,41,63,9,7,35,47,99
teletmi01,Mirza Teletović,POWER FORWARD,27,BROOKLYN NETS,53,0,499,71,185,37,108,9,11,33,62,23,13,8,20,53,188
telfase01,Sebastian Telfair,POINT GUARD,27,PHOENIX SUNS,46,2,795,94,247,43,113,44,57,12,56,114,28,10,53,84,275
telfase01,Sebastian Telfair,POINT GUARD,27,TORONTO RAPTORS,13,0,185,18,62,10,37,10,12,1,15,39,9,1,11,20,56
templga01,Garrett Temple,SHOOTING GUARD,26,WASHINGTON WIZARDS,51,36,1156,105,258,26,80,26,37,29,94,115,50,17,61,94,262
terryja01,Jason Terry,SHOOTING GUARD,35,BOSTON CELTICS,79,24,2124,281,648,123,331,114,131,19,140,198,66,11,102,110,799
thabeha01,Hasheem Thabeet,CENTER,25,OKLAHOMA CITY THUNDER,66,4,770,64,106,0,0,32,53,69,126,11,30,60,41,148,160
thomais02,Isaiah Thomas,POINT GUARD,23,SACRAMENTO KINGS,79,62,2122,366,832,115,321,253,287,29,132,316,67,3,140,167,1100
thomaku01,Kurt Thomas,POWER FORWARD,40,NEW YORK KNICKS,39,17,392,45,83,1,1,6,13,24,65,21,10,16,8,52,97
thomala01,Lance Thomas,SMALL FORWARD,24,NEW ORLEANS HORNETS,59,9,646,53,106,0,0,43,59,44,71,17,11,7,14,78,149
thomama01,Malcolm Thomas,POWER FORWARD,24,GOLDEN STATE WARRIORS,5,0,21,0,1,0,0,3,4,0,5,2,0,1,1,1,3
thomama01,Malcolm Thomas,POWER FORWARD,24,CHICAGO BULLS,7,0,36,5,9,0,0,2,4,5,6,2,2,1,2,7,12
thomaty01,Tyrus Thomas,POWER FORWARD,26,CHARLOTTE BOBCATS,26,2,360,48,136,3,8,26,31,16,44,19,14,15,17,51,125
thompja02,Jason Thompson,POWER FORWARD,26,SACRAMENTO KINGS,82,81,2285,374,745,0,3,143,206,172,377,84,48,61,101,227,891
thompkl01,Klay Thompson,SHOOTING GUARD,22,GOLDEN STATE WARRIORS,82,82,2936,508,1205,211,526,132,157,32,274,183,86,45,157,237,1359
thomptr01,Tristan Thompson,POWER FORWARD,21,CLEVELAND CAVALIERS,82,82,2564,390,799,0,3,177,291,306,467,108,60,71,123,234,957
thornma01,Marcus Thornton,SHOOTING GUARD,25,SACRAMENTO KINGS,72,8,1726,332,774,141,379,111,126,50,131,91,61,4,68,105,916
tinslja01,Jamaal Tinsley,POINT GUARD,34,UTAH JAZZ,66,32,1221,86,234,39,127,18,26,17,98,290,64,14,106,106,229
tollian01,Anthony Tolliver,SMALL FORWARD,27,ATLANTA HAWKS,62,11,963,82,216,45,133,44,51,31,124,32,15,12,36,66,253
tuckepj01,P.J. Tucker,SHOOTING GUARD,27,PHOENIX SUNS,79,45,1910,210,444,22,70,64,86,132,218,109,62,19,67,145,506
turiaro01,Ronny Turiaf,CENTER,30,LOS ANGELES CLIPPERS,65,0,701,49,97,0,0,23,63,45,107,35,19,35,29,80,121
turkohe01,Hedo Türkoğlu,SMALL FORWARD,33,ORLANDO MAGIC,11,1,189,14,53,1,24,3,6,4,22,23,7,1,12,11,32
turneev01,Evan Turner,SMALL FORWARD,24,PHILADELPHIA 76ERS,82,82,2892,441,1053,58,159,154,208,56,461,354,71,17,187,197,1094
tylerje01,Jeremy Tyler,CENTER,21,GOLDEN STATE WARRIORS,20,0,63,9,24,0,0,4,6,6,11,1,1,2,6,10,22
tylerje01,Jeremy Tyler,CENTER,21,ATLANTA HAWKS,1,0,5,0,0,0,0,0,0,0,3,0,0,0,0,0,0
udohek01,Ekpe Udoh,CENTER,25,MILWAUKEE BUCKS,76,9,1312,117,269,0,1,89,119,113,138,43,39,85,43,139,323
udrihbe01,Beno Udrih,SHOOTING GUARD,30,MILWAUKEE BUCKS,39,0,719,113,238,13,49,24,33,17,61,138,16,2,53,39,263
udrihbe01,Beno Udrih,POINT GUARD,30,ORLANDO MAGIC,27,9,738,97,238,21,53,60,70,17,46,164,25,1,55,51,275
valanjo01,Jonas Valančiūnas,CENTER,20,TORONTO RAPTORS,62,57,1482,204,366,0,0,146,185,121,251,45,17,78,94,188,554
varejan01,Anderson Varejão,CENTER,30,CLEVELAND CAVALIERS,25,25,901,138,289,0,5,77,102,138,223,84,37,14,44,68,353
varnaja01,Jarvis Varnado,POWER FORWARD,24,BOSTON CELTICS,5,0,18,2,4,0,0,2,4,1,2,1,1,0,1,1,6
varnaja01,Jarvis Varnado,POWER FORWARD,24,MIAMI HEAT,8,0,40,1,3,0,0,0,0,1,5,2,0,2,5,9,2
vasqugr01,Greivis Vásquez,POINT GUARD,26,NEW ORLEANS HORNETS,78,78,2685,438,1012,83,243,124,154,43,294,704,66,6,247,190,1083
veselja01,Jan Veselý,POWER FORWARD,22,WASHINGTON WIZARDS,51,4,601,57,114,0,1,12,39,43,79,28,15,17,27,107,126
villach01,Charlie Villanueva,POWER FORWARD,28,DETROIT PISTONS,69,0,1092,175,464,90,259,27,49,49,192,54,31,39,39,96,467
vucevni01,Nikola Vučević,CENTER,22,ORLANDO MAGIC,77,77,2559,461,889,0,3,86,126,273,644,143,61,79,141,218,1008
wadedw01,Dwyane Wade,SHOOTING GUARD,31,MIAMI HEAT,69,69,2391,569,1093,17,66,308,425,86,258,352,128,56,194,140,1463
waitedi01,Dion Waiters,SHOOTING GUARD,21,CLEVELAND CAVALIERS,61,48,1756,336,815,63,203,159,213,22,127,183,59,16,121,113,894
walkeke02,Kemba Walker,POINT GUARD,22,CHARLOTTE BOBCATS,82,82,2859,526,1244,107,332,296,371,60,223,471,160,31,200,153,1455
walljo01,John Wall,POINT GUARD,22,WASHINGTON WIZARDS,49,42,1602,324,735,12,45,246,306,35,161,373,65,37,157,117,906
wallage01,Gerald Wallace,SMALL FORWARD,30,BROOKLYN NETS,69,68,2076,182,458,46,163,121,190,69,250,181,97,46,110,118,531
wallara01,Rasheed Wallace,CENTER,38,NEW YORK KNICKS,21,0,296,55,142,22,69,14,20,11,72,6,13,15,10,40,146
waltolu01,Luke Walton,POWER FORWARD,32,CLEVELAND CAVALIERS,50,0,857,71,181,20,67,10,20,38,107,166,42,13,60,98,172
warriha01,Hakim Warrick,POWER FORWARD,30,NEW ORLEANS HORNETS,1,0,7,1,2,0,0,2,2,0,0,0,1,0,0,0,4
warriha01,Hakim Warrick,POWER FORWARD,30,CHARLOTTE BOBCATS,27,14,482,66,163,0,3,58,86,21,68,25,12,6,29,37,190
watsocj01,C.J. Watson,POINT GUARD,28,BROOKLYN NETS,80,8,1521,192,459,88,214,71,91,38,107,161,66,12,69,123,543
watsoea01,Earl Watson,POINT GUARD,33,UTAH JAZZ,48,4,829,37,120,5,28,17,25,23,64,190,40,8,69,94,96
waynsma01,Maalik Wayns,POINT GUARD,21,PHILADELPHIA 76ERS,21,1,165,19,72,5,25,13,15,1,4,20,3,0,13,18,56
waynsma01,Maalik Wayns,POINT GUARD,21,LOS ANGELES CLIPPERS,6,0,37,7,16,2,6,4,4,0,2,7,3,0,2,8,20
webstma02,Martell Webster,SMALL FORWARD,26,WASHINGTON WIZARDS,76,62,2200,281,636,139,329,168,198,53,241,143,49,17,90,166,869
westda01,David West,POWER FORWARD,32,INDIANA PACERS,73,73,2435,502,1009,4,19,242,315,145,418,213,74,69,157,149,1250
westbru01,Russell Westbrook,POINT GUARD,24,OKLAHOMA CITY THUNDER,82,82,2861,673,1535,97,300,460,575,111,317,607,145,24,273,189,1903
whitedj01,D.J. White,POWER FORWARD,26,BOSTON CELTICS,12,0,86,12,23,0,0,5,9,4,9,4,1,6,2,5,29
whiteja02,James White,SMALL FORWARD,30,NEW YORK KNICKS,57,16,435,50,116,14,41,11,19,5,43,29,13,4,17,44,125
wilcoch01,Chris Wilcox,CENTER,30,BOSTON CELTICS,61,7,830,110,153,0,1,39,58,55,125,22,32,28,34,125,259
wilkida02,Damien Wilkins,SHOOTING GUARD,33,PHILADELPHIA 76ERS,61,21,1095,145,316,17,51,81,109,32,73,91,37,18,49,98,388
willide01,Deron Williams,POINT GUARD,28,BROOKLYN NETS,78,78,2842,495,1124,169,447,317,369,29,203,604,75,30,218,194,1476
willide02,Derrick Williams,POWER FORWARD,21,MINNESOTA TIMBERWOLVES,78,56,1916,338,786,65,196,192,272,96,334,46,44,37,101,127,933
willilo02,Lou Williams,SHOOTING GUARD,26,ATLANTA HAWKS,39,9,1119,187,443,72,196,105,121,8,72,139,44,10,74,55,551
willima02,Marvin Williams,SMALL FORWARD,26,UTAH JAZZ,73,51,1727,199,470,54,166,77,99,55,208,77,37,38,60,98,529
willima01,Mo Williams,POINT GUARD,30,UTAH JAZZ,46,46,1418,229,533,59,154,75,85,24,86,285,46,9,125,105,592
willire02,Reggie Williams,SMALL FORWARD,26,CHARLOTTE BOBCATS,40,0,380,57,132,22,72,10,21,8,43,39,12,1,19,19,146
willite01,Terrence Williams,SMALL FORWARD,25,BOSTON CELTICS,24,0,318,48,97,5,15,9,21,4,40,38,11,2,22,13,110
artesro01,Metta World Peace,SMALL FORWARD,33,LOS ANGELES LAKERS,75,66,2530,332,824,141,412,124,169,101,271,112,122,42,98,198,929
wrighbr03,Brandan Wright,CENTER,25,DALLAS MAVERICKS,64,16,1149,241,404,0,3,59,96,85,175,38,26,76,34,78,541
wrighch02,Chris Wright,SHOOTING GUARD,23,DALLAS MAVERICKS,3,0,4,1,2,0,0,0,0,0,0,0,0,0,1,0,2
wrighdo01,Dorell Wright,SMALL FORWARD,27,PHILADELPHIA 76ERS,79,8,1783,237,599,135,361,120,141,42,260,150,62,35,64,98,729
wroteto01,Tony Wroten,SHOOTING GUARD,19,MEMPHIS GRIZZLIES,35,0,272,33,86,4,16,21,29,13,15,43,8,4,29,34,91
youngni01,Nick Young,SHOOTING GUARD,27,PHILADELPHIA 76ERS,59,17,1411,224,542,75,210,105,128,24,106,84,36,14,50,84,628
youngsa01,Sam Young,SHOOTING GUARD,27,INDIANA PACERS,56,3,693,58,148,16,52,23,43,26,97,42,15,8,33,62,155
youngth01,Thaddeus Young,POWER FORWARD,24,PHILADELPHIA 76ERS,76,76,2629,509,958,1,8,108,188,182,389,125,133,55,90,191,1127
zellelu01,Luke Zeller,CENTER,25,PHOENIX SUNS,16,0,58,9,26,1,5,0,0,1,9,3,0,0,0,5,19
zellety01,Tyler Zeller,CENTER,23,CLEVELAND CAVALIERS,77,55,2033,245,559,0,4,120,157,159,279,96,35,70,95,251,610
