slug,name,positions,age,team,games_played,games_started,minutes_played,made_field_goals,attempted_field_goals,made_three_point_field_goals,attempted_three_point_field_goals,made_free_throws,attempted_free_throws,offensive_rebounds,defensive_rebounds,assists,steals,blocks,turnovers,personal_fouls,points
abdursh01,Shareef Abdur-Rahim,POWER FORWARD,27,ATLANTA HAWKS,53,53,1956,383,790,5,23,294,334,141,354,127,44,19,131,147,1065
abdursh01,Shareef Abdur-Rahim,POWER FORWARD,27,PORTLAND TRAIL BLAZERS,32,3,728,118,264,4,11,79,95,48,96,47,24,18,53,75,319
allenma01,Malik Allen,POWER FORWARD,25,MIAMI HEAT,45,6,616,83,198,0,0,25,33,42,77,16,12,28,27,81,191
allenra02,Ray Allen,SHOOTING GUARD,28,SEATTLE SUPERSONICS,56,56,2152,447,1017,148,378,245,271,69,217,268,71,11,156,132,1287
alstora01,Rafer Alston,POINT GUARD,27,MIAMI HEAT,82,28,2581,287,764,161,434,103,134,26,200,372,114,18,128,212,838
anderch01,Chris Andersen,POWER FORWARD,25,DENVER NUGGETS,71,0,1029,90,203,0,1,63,107,89,209,35,34,114,48,119,243
anderde01,Derek Anderson,SHOOTING GUARD,29,PORTLAND TRAIL BLAZERS,51,46,1810,230,612,79,259,155,188,26,156,228,66,3,90,79,694
anderke01,Kenny Anderson,POINT GUARD,33,INDIANA PACERS,44,31,905,113,256,1,4,35,48,19,62,125,26,5,50,73,262
andersh01,Shandon Anderson,SHOOTING GUARD,30,NEW YORK KNICKS,80,37,1974,238,564,36,128,123,161,53,169,122,68,17,118,182,635
anthoca01,Carmelo Anthony,SMALL FORWARD,19,DENVER NUGGETS,82,82,2995,624,1465,69,214,408,525,183,315,227,97,41,247,225,1725
archiro01,Robert Archibald,POWER FORWARD,23,PHOENIX SUNS,1,0,6,0,1,0,0,1,2,0,1,1,0,0,1,1,1
archiro01,Robert Archibald,POWER FORWARD,23,ORLANDO MAGIC,1,0,4,1,2,0,0,0,2,0,1,0,1,0,0,0,2
archiro01,Robert Archibald,CENTER,23,TORONTO RAPTORS,30,3,246,8,30,0,0,13,27,21,29,12,13,3,9,49,29
arenagi01,Gilbert Arenas,POINT GUARD,22,WASHINGTON WIZARDS,55,52,2066,358,914,125,333,237,317,55,199,275,103,12,226,176,1078
armstbr01,Brandon Armstrong,SHOOTING GUARD,23,NEW JERSEY NETS,56,0,434,65,175,19,52,2,4,12,31,14,12,2,24,49,151
armstda01,Darrell Armstrong,POINT GUARD,35,NEW ORLEANS HORNETS,79,22,2247,291,736,135,429,123,144,63,163,311,133,16,155,148,840
arroyca01,Carlos Arroyo,POINT GUARD,24,UTAH JAZZ,71,71,2008,339,768,38,117,181,225,41,144,355,63,5,156,165,897
atkinch01,Chucky Atkins,POINT GUARD,29,DETROIT PISTONS,40,0,751,88,235,42,130,31,43,6,42,95,19,1,48,60,249
atkinch01,Chucky Atkins,POINT GUARD,29,BOSTON CELTICS,24,24,793,104,249,39,111,42,54,3,42,128,26,1,44,42,289
augmost01,Stacey Augmon,SMALL FORWARD,35,NEW ORLEANS HORNETS,69,24,1416,143,347,1,7,110,139,52,122,85,55,15,76,114,397
bakervi01,Vin Baker,POWER FORWARD,32,BOSTON CELTICS,37,33,1000,168,333,0,1,82,112,76,134,54,22,23,52,98,418
bakervi01,Vin Baker,POWER FORWARD,32,NEW YORK KNICKS,17,0,313,40,99,1,2,32,45,36,34,12,7,9,25,62,113
banksma01,Marcus Banks,POINT GUARD,22,BOSTON CELTICS,81,2,1385,177,442,27,86,99,131,30,103,175,88,13,125,171,480
barbole01,Leandro Barbosa,POINT GUARD,21,PHOENIX SUNS,70,46,1500,210,470,83,210,47,61,23,100,165,93,7,120,184,550
barnema02,Matt Barnes,SMALL FORWARD,23,LOS ANGELES CLIPPERS,38,9,724,63,138,2,13,43,61,53,98,48,27,3,44,76,171
barroda01,Dana Barros,SHOOTING GUARD,36,BOSTON CELTICS,1,0,11,2,3,0,0,2,2,0,0,0,0,0,0,2,6
barrybr01,Brent Barry,SHOOTING GUARD,32,SEATTLE SUPERSONICS,59,53,1803,215,427,114,252,91,110,21,183,342,85,16,139,121,635
barryjo01,Jon Barry,SHOOTING GUARD,34,DENVER NUGGETS,57,9,1101,120,297,51,138,60,71,25,98,147,57,8,53,66,351
bateeme01,Mengke Bateer,CENTER,28,TORONTO RAPTORS,7,0,40,4,7,0,0,0,0,5,3,1,1,0,2,10,8
battito01,Tony Battie,CENTER,27,BOSTON CELTICS,23,6,501,56,117,1,1,23,33,39,79,21,8,20,24,55,136
battito01,Tony Battie,CENTER,27,CLEVELAND CAVALIERS,50,1,977,114,267,1,8,43,56,79,162,37,18,47,39,104,272
battish01,Shane Battier,SMALL FORWARD,25,MEMPHIS GRIZZLIES,79,1,1947,242,543,65,186,120,164,102,201,101,101,58,56,187,669
baxtelo01,Lonny Baxter,POWER FORWARD,25,CHICAGO BULLS,14,1,147,27,49,1,1,5,8,11,24,5,1,6,11,31,60
baxtelo01,Lonny Baxter,CENTER,25,TORONTO RAPTORS,36,4,487,60,128,0,1,30,56,42,79,10,14,18,22,69,150
baxtelo01,Lonny Baxter,POWER FORWARD,25,WASHINGTON WIZARDS,12,0,132,16,32,0,1,9,12,11,20,5,2,5,5,23,41
beaslje01,Jerome Beasley,POWER FORWARD,23,MIAMI HEAT,2,0,5,1,3,0,0,0,0,0,1,0,0,0,0,0,2
bellra01,Raja Bell,SHOOTING GUARD,27,UTAH JAZZ,82,4,2020,329,805,62,166,195,248,60,181,107,63,13,111,262,915
belltr01,Troy Bell,POINT GUARD,23,MEMPHIS GRIZZLIES,6,0,34,4,18,0,4,3,3,3,1,4,1,0,6,6,11
bendejo01,Jonathan Bender,SMALL FORWARD,23,INDIANA PACERS,21,0,271,50,106,9,22,39,47,9,31,9,5,11,33,23,148
besttr01,Travis Best,POINT GUARD,31,DALLAS MAVERICKS,61,1,762,64,172,3,20,40,46,17,51,112,31,4,33,66,171
bibbymi01,Mike Bibby,POINT GUARD,25,SACRAMENTO KINGS,82,82,2980,527,1170,148,378,304,373,67,210,444,112,18,175,146,1506
billuch01,Chauncey Billups,POINT GUARD,27,DETROIT PISTONS,78,78,2758,392,996,130,335,404,460,35,241,446,84,8,189,177,1318
blakest01,Steve Blake,POINT GUARD,23,WASHINGTON WIZARDS,75,14,1392,157,407,75,202,55,67,18,99,209,57,7,128,100,444
blounco01,Corie Blount,POWER FORWARD,35,CHICAGO BULLS,46,3,756,97,206,0,3,13,24,76,130,45,38,19,35,86,207
blounco01,Corie Blount,CENTER,35,TORONTO RAPTORS,16,0,294,18,47,0,0,2,3,22,47,10,11,5,8,49,38
blounma01,Mark Blount,CENTER,28,BOSTON CELTICS,82,73,2402,342,604,0,0,159,221,207,382,75,80,106,150,253,843
boganke01,Keith Bogans,SMALL FORWARD,23,ORLANDO MAGIC,73,36,1787,183,454,67,187,65,103,106,211,98,46,10,75,128,498
boothca01,Calvin Booth,CENTER,27,SEATTLE SUPERSONICS,71,35,1206,135,290,0,2,75,94,86,194,28,17,101,45,150,345
boozeca01,Carlos Boozer,POWER FORWARD,22,CLEVELAND CAVALIERS,75,75,2592,471,900,1,6,219,285,230,627,148,74,55,134,199,1162
borchcu01,Curtis Borchardt,CENTER,23,UTAH JAZZ,16,0,258,22,56,0,1,14,18,13,41,15,4,14,18,40,58
boshch01,Chris Bosh,CENTER,19,TORONTO RAPTORS,75,63,2510,327,712,5,14,202,288,191,366,78,59,106,107,215,861
boumtru01,Ruben Boumtje-Boumtje,CENTER,25,PORTLAND TRAIL BLAZERS,9,0,26,1,5,0,0,2,2,0,1,1,0,1,0,2,4
bowenbr01,Bruce Bowen,SMALL FORWARD,32,SAN ANTONIO SPURS,82,82,2624,211,502,77,212,66,114,45,208,113,84,33,90,166,565
bowenry01,Ryan Bowen,POWER FORWARD,28,DENVER NUGGETS,52,1,392,18,53,0,0,10,12,39,48,18,18,16,6,47,46
boykiea01,Earl Boykins,SHOOTING GUARD,27,DENVER NUGGETS,82,3,1849,321,766,55,171,142,162,42,101,295,51,3,100,84,839
bradlmi01,Michael Bradley,POWER FORWARD,24,TORONTO RAPTORS,5,0,38,1,3,0,0,1,2,1,10,1,1,0,3,6,3
bradlmi01,Michael Bradley,CENTER,24,ATLANTA HAWKS,11,1,60,6,12,0,0,0,0,5,7,0,2,0,4,8,12
bradlsh01,Shawn Bradley,CENTER,31,DALLAS MAVERICKS,66,5,773,89,188,0,1,41,49,72,101,20,33,74,17,130,219
braggto01,Torraye Braggs,POWER FORWARD,27,HOUSTON ROCKETS,11,0,132,13,28,0,0,8,12,15,19,6,4,2,12,21,34
braggto01,Torraye Braggs,POWER FORWARD,27,WASHINGTON WIZARDS,4,0,22,3,5,0,0,0,0,3,2,1,0,0,1,8,6
brandel01,Elton Brand,POWER FORWARD,24,LOS ANGELES CLIPPERS,69,68,2670,484,982,0,1,411,532,269,445,227,64,154,193,229,1379
bremejr01,J.R. Bremer,POINT GUARD,23,CLEVELAND CAVALIERS,31,2,403,39,137,19,66,13,20,7,26,39,18,4,19,27,110
bremejr01,J.R. Bremer,POINT GUARD,23,GOLDEN STATE WARRIORS,5,0,40,4,21,0,8,0,0,2,1,12,0,0,5,5,8
breweja01,Jamison Brewer,POINT GUARD,23,INDIANA PACERS,13,1,160,13,35,5,14,1,6,2,9,17,7,0,10,9,32
brezepr01,Primož Brezec,CENTER,24,INDIANA PACERS,18,0,72,12,26,0,0,4,6,5,10,3,0,3,6,13,28
brownda02,Damone Brown,POWER FORWARD,24,NEW JERSEY NETS,3,0,17,1,10,0,0,1,2,3,2,0,2,0,1,2,3
brownde02,Devin Brown,SHOOTING GUARD,25,SAN ANTONIO SPURS,58,0,627,85,196,4,14,60,74,38,92,33,15,4,38,61,234
brownke01,Kedrick Brown,SMALL FORWARD,22,BOSTON CELTICS,21,10,408,45,99,12,32,8,13,18,50,25,17,2,12,38,110
brownke01,Kedrick Brown,SMALL FORWARD,22,CLEVELAND CAVALIERS,34,16,561,72,155,26,67,9,14,23,55,39,13,5,17,42,179
brownkw01,Kwame Brown,POWER FORWARD,21,WASHINGTON WIZARDS,74,57,2239,288,589,1,2,228,334,178,372,112,66,52,140,144,805
brownpj01,P.J. Brown,POWER FORWARD,34,NEW ORLEANS HORNETS,80,80,2753,339,712,0,1,158,185,237,453,155,78,73,101,203,836
brownti01,Tierre Brown,POINT GUARD,24,NEW ORLEANS HORNETS,3,0,17,2,4,0,0,2,4,0,1,2,0,0,7,1,6
brunsri01,Rick Brunson,POINT GUARD,31,TORONTO RAPTORS,3,0,10,2,4,0,0,0,0,0,0,2,0,0,0,0,4
brunsri01,Rick Brunson,POINT GUARD,31,CHICAGO BULLS,37,0,402,38,101,11,23,27,31,9,28,80,25,3,33,44,114
bryanko01,Kobe Bryant,SHOOTING GUARD,25,LOS ANGELES LAKERS,65,64,2447,516,1178,71,217,454,533,103,256,330,112,28,171,176,1557
buckngr01,Greg Buckner,SHOOTING GUARD,27,PHILADELPHIA 76ERS,53,3,703,66,175,12,44,20,27,28,75,45,21,4,34,77,164
buforro01,Rodney Buford,SMALL FORWARD,26,SACRAMENTO KINGS,22,0,141,19,56,0,2,3,6,6,9,7,6,1,4,9,41
butleca01,Caron Butler,SMALL FORWARD,23,MIAMI HEAT,68,56,2030,240,631,10,42,133,176,92,234,126,75,13,91,162,623
butlemi02,Mitchell Butler,SHOOTING GUARD,33,WASHINGTON WIZARDS,41,4,552,54,124,11,30,15,24,24,47,32,22,4,24,54,134
butlera01,Rasual Butler,SMALL FORWARD,24,MIAMI HEAT,45,0,675,119,250,50,108,16,21,4,57,23,10,13,28,72,304
cabarza01,Žarko Čabarkapa,POWER FORWARD,22,PHOENIX SUNS,49,4,570,81,197,6,32,35,53,26,73,40,10,13,54,75,203
cambyma01,Marcus Camby,CENTER,29,DENVER NUGGETS,72,72,2162,262,549,0,2,98,136,211,516,132,86,187,98,239,622
campbel01,Elden Campbell,CENTER,35,DETROIT PISTONS,65,27,892,138,314,0,0,85,124,52,157,45,21,50,63,137,361
cardibr01,Brian Cardinal,POWER FORWARD,26,GOLDEN STATE WARRIORS,76,11,1634,220,466,55,124,238,271,100,217,103,66,20,84,206,733
carroma01,Matt Carroll,SHOOTING GUARD,23,PORTLAND TRAIL BLAZERS,13,0,48,5,11,1,3,2,2,0,3,1,0,0,2,3,13
carroma01,Matt Carroll,SHOOTING GUARD,23,SAN ANTONIO SPURS,3,0,22,2,5,0,0,2,4,1,2,1,1,0,4,5,6
cartean01,Anthony Carter,POINT GUARD,28,SAN ANTONIO SPURS,5,2,87,11,37,0,3,0,0,2,9,12,4,0,12,9,22
cartema01,Maurice Carter,SHOOTING GUARD,27,LOS ANGELES LAKERS,4,0,50,5,14,1,3,11,12,0,3,2,0,0,6,5,22
cartema01,Maurice Carter,SHOOTING GUARD,27,NEW ORLEANS HORNETS,6,0,60,6,21,3,8,5,8,2,6,2,0,0,3,5,20
cartevi01,Vince Carter,SHOOTING GUARD,27,TORONTO RAPTORS,73,73,2785,608,1457,93,243,336,417,95,254,348,88,65,223,212,1645
cassesa01,Sam Cassell,POINT GUARD,34,MINNESOTA TIMBERWOLVES,81,81,2838,620,1270,74,186,289,331,44,227,592,102,18,220,247,1603
catoke01,Kelvin Cato,POWER FORWARD,29,HOUSTON ROCKETS,69,67,1743,161,360,0,0,96,142,153,319,72,52,96,84,203,418
chandty01,Tyson Chandler,POWER FORWARD,21,CHICAGO BULLS,35,8,782,67,158,0,1,79,118,82,188,23,17,43,38,87,213
cheanca01,Calbert Cheaney,SMALL FORWARD,32,GOLDEN STATE WARRIORS,79,7,2067,278,578,0,10,47,77,77,183,136,60,12,85,184,603
chrisdo01,Doug Christie,SHOOTING GUARD,33,SACRAMENTO KINGS,82,82,2780,317,688,49,142,148,172,69,260,347,151,41,155,186,831
clarkke01,Keon Clark,POWER FORWARD,28,UTAH JAZZ,2,0,27,2,6,0,0,0,0,1,6,1,1,0,0,1,4
claxtsp01,Speedy Claxton,POINT GUARD,25,GOLDEN STATE WARRIORS,60,29,1595,224,524,4,22,182,224,38,118,267,97,9,102,146,634
cleavma01,Mateen Cleaves,POINT GUARD,26,CLEVELAND CAVALIERS,4,2,92,7,23,0,1,1,2,1,6,19,4,2,5,13,15
colemde01,Derrick Coleman,CENTER,36,PHILADELPHIA 76ERS,34,30,843,107,259,8,36,49,65,45,147,46,23,26,57,79,271
colesbi01,Bimbo Coles,POINT GUARD,35,MIAMI HEAT,22,1,170,12,34,0,0,4,6,2,8,15,3,0,9,27,28
collija02,Jason Collier,CENTER,26,ATLANTA HAWKS,20,16,545,79,165,1,4,67,85,36,75,17,11,11,31,71,226
collija03,Jarron Collins,CENTER,25,UTAH JAZZ,81,31,1732,147,295,0,1,188,262,117,199,77,26,18,79,255,482
collija04,Jason Collins,CENTER,25,NEW JERSEY NETS,78,78,2220,163,384,0,2,136,184,143,257,153,67,56,97,251,462
cookbr01,Brian Cook,CENTER,23,LOS ANGELES LAKERS,35,2,442,67,141,0,5,21,28,31,70,20,16,16,17,64,155
cookom01,Omar Cook,POINT GUARD,22,PORTLAND TRAIL BLAZERS,17,0,139,7,27,0,1,0,0,3,3,24,10,0,10,14,14
crawfch01,Chris Crawford,POWER FORWARD,28,ATLANTA HAWKS,56,25,1207,211,471,44,113,103,119,58,117,45,37,20,55,131,569
crawfja01,Jamal Crawford,SHOOTING GUARD,23,CHICAGO BULLS,80,73,2811,509,1318,165,521,200,240,46,237,405,111,29,193,161,1383
croshau01,Austin Croshere,POWER FORWARD,28,INDIANA PACERS,77,0,1051,119,307,56,144,93,104,60,183,52,24,14,55,101,387
curryed01,Eddy Curry,POWER FORWARD,21,CHICAGO BULLS,73,63,2154,417,840,1,1,235,350,143,308,68,24,83,177,258,1070
currymi01,Michael Curry,SMALL FORWARD,35,TORONTO RAPTORS,70,15,1229,76,196,3,15,49,58,22,65,53,23,5,48,153,204
dalemsa01,Samuel Dalembert,CENTER,22,PHILADELPHIA 76ERS,82,53,2197,270,499,0,1,112,174,194,432,21,44,189,86,273,652
dampier01,Erick Dampier,CENTER,28,GOLDEN STATE WARRIORS,74,74,2403,348,650,0,2,217,332,344,543,60,33,137,131,227,913
daniean01,Antonio Daniels,POINT GUARD,28,SEATTLE SUPERSONICS,71,32,1512,187,398,42,116,155,184,23,119,298,45,6,61,64,571
daniema01,Marquis Daniels,SHOOTING GUARD,23,DALLAS MAVERICKS,56,15,1039,203,411,11,36,60,78,66,80,116,53,12,44,51,477
davisan01,Antonio Davis,CENTER,35,TORONTO RAPTORS,15,15,538,46,120,0,0,37,49,49,94,14,8,8,21,45,129
davisan01,Antonio Davis,CENTER,35,CHICAGO BULLS,65,64,2032,220,540,0,0,139,181,158,370,123,29,57,93,161,579
davisba01,Baron Davis,POINT GUARD,24,NEW ORLEANS HORNETS,67,66,2686,554,1402,187,582,237,352,66,221,501,158,27,215,178,1532
davisda01,Dale Davis,CENTER,34,PORTLAND TRAIL BLAZERS,76,37,1682,133,281,0,0,65,106,158,240,72,43,62,40,154,331
davishu01,Hubert Davis,SHOOTING GUARD,33,DETROIT PISTONS,3,0,23,0,2,0,1,0,0,0,0,1,0,0,1,4,0
davishu01,Hubert Davis,SHOOTING GUARD,33,NEW JERSEY NETS,14,0,55,1,9,0,0,2,2,2,6,3,2,0,2,8,4
davisjo02,Josh Davis,POWER FORWARD,23,ATLANTA HAWKS,4,1,23,2,5,0,2,1,1,1,4,0,0,0,2,3,5
davisri01,Ricky Davis,SHOOTING GUARD,24,CLEVELAND CAVALIERS,22,22,796,134,311,17,48,51,75,18,103,111,25,8,68,51,336
davisri01,Ricky Davis,SMALL FORWARD,24,BOSTON CELTICS,57,5,1678,312,639,35,92,145,198,59,178,148,71,14,121,120,804
declean01,Andrew DeClercq,CENTER,30,ORLANDO MAGIC,71,53,1211,93,195,0,0,44,54,131,186,44,47,32,54,217,230
delkto01,Tony Delk,SHOOTING GUARD,30,DALLAS MAVERICKS,33,11,509,70,184,20,66,37,44,16,43,28,27,7,17,46,197
dialde01,Derrick Dial,SHOOTING GUARD,28,ORLANDO MAGIC,9,0,86,9,28,2,9,6,8,5,8,2,6,0,1,6,26
diawbo01,Boris Diaw,SHOOTING GUARD,21,ATLANTA HAWKS,76,37,1919,140,313,6,26,56,93,111,231,182,59,37,126,191,342
dickada01,Dan Dickau,POINT GUARD,25,ATLANTA HAWKS,23,0,143,21,49,3,10,4,6,4,12,18,9,0,13,22,49
dickada01,Dan Dickau,POINT GUARD,25,PORTLAND TRAIL BLAZERS,20,0,151,16,49,7,20,7,8,3,7,20,8,0,13,22,46
dickeka01,Kaniel Dickens,POWER FORWARD,25,PORTLAND TRAIL BLAZERS,3,0,12,3,3,0,0,1,2,2,0,0,0,0,1,3,7
diopde01,DeSagana Diop,CENTER,22,CLEVELAND CAVALIERS,56,3,730,57,147,0,0,12,20,72,127,34,26,51,29,116,126
divacvl01,Vlade Divac,CENTER,35,SACRAMENTO KINGS,81,81,2317,314,668,2,13,170,260,136,327,432,57,77,173,222,800
dixonju01,Juan Dixon,SHOOTING GUARD,25,WASHINGTON WIZARDS,71,16,1478,247,637,59,198,111,139,30,118,137,82,4,104,111,664
doleami01,Michael Doleac,CENTER,26,NEW YORK KNICKS,46,0,685,100,225,0,0,31,36,60,129,30,17,30,37,84,231
doleami01,Michael Doleac,CENTER,26,DENVER NUGGETS,26,0,344,40,97,0,0,14,16,28,48,14,6,6,11,58,94
doolike01,Keyon Dooling,POINT GUARD,23,LOS ANGELES CLIPPERS,58,24,1137,137,352,8,46,78,94,17,62,130,45,6,65,108,360
drewbr01,Bryce Drew,POINT GUARD,29,NEW ORLEANS HORNETS,15,0,78,4,18,1,7,3,3,0,6,13,4,0,8,1,12
drobnpr01,Predrag Drobnjak,CENTER,28,LOS ANGELES CLIPPERS,61,14,949,149,379,11,36,73,86,54,142,39,22,24,48,85,382
duncati01,Tim Duncan,POWER FORWARD,27,SAN ANTONIO SPURS,69,68,2527,592,1181,2,12,352,588,227,632,213,62,185,183,164,1538
dunlemi02,Mike Dunleavy,SMALL FORWARD,23,GOLDEN STATE WARRIORS,75,69,2336,323,720,94,254,137,185,87,355,220,68,13,143,169,877
duprero01,Ronald Dupree,SMALL FORWARD,23,CHICAGO BULLS,47,8,893,111,282,4,9,66,105,55,112,55,32,18,51,134,292
ebind01,Ndudi Ebi,SMALL FORWARD,19,MINNESOTA TIMBERWOLVES,17,0,32,6,14,0,0,1,4,2,1,3,0,4,3,6,13
eisleho01,Howard Eisley,POINT GUARD,31,NEW YORK KNICKS,33,23,730,80,202,28,85,32,36,7,59,156,30,3,50,85,220
eisleho01,Howard Eisley,POINT GUARD,31,PHOENIX SUNS,34,0,727,86,249,24,78,44,53,13,50,117,26,2,48,52,240
elsonfr01,Francisco Elson,CENTER,27,DENVER NUGGETS,62,14,875,94,199,0,1,30,45,65,138,32,35,39,35,145,218
elyme01,Melvin Ely,POWER FORWARD,25,LOS ANGELES CLIPPERS,42,2,510,66,153,0,1,25,42,48,53,22,9,17,20,68,157
evansre01,Reggie Evans,POWER FORWARD,23,SEATTLE SUPERSONICS,75,27,1280,67,165,0,3,83,148,156,252,33,54,10,65,176,217
fergude01,Desmond Ferguson,SMALL FORWARD,26,PORTLAND TRAIL BLAZERS,7,0,32,5,12,3,8,0,2,0,4,1,0,0,1,0,13
finlemi01,Michael Finley,SHOOTING GUARD,30,DALLAS MAVERICKS,72,72,2778,514,1159,150,370,164,193,78,247,212,84,39,83,118,1342
fishede01,Derek Fisher,SHOOTING GUARD,29,LOS ANGELES LAKERS,82,3,1769,203,576,52,179,122,153,30,122,187,103,4,79,115,580
fizerma01,Marcus Fizer,SMALL FORWARD,25,CHICAGO BULLS,46,2,738,134,350,2,17,90,120,61,141,43,16,8,51,97,360
fordal02,Alton Ford,POWER FORWARD,22,HOUSTON ROCKETS,9,0,41,6,11,0,0,3,6,3,8,3,0,1,3,9,15
fordtj01,T.J. Ford,POINT GUARD,20,MILWAUKEE BUCKS,55,55,1472,153,398,5,21,80,98,37,140,356,60,3,139,123,391
fortsda01,Danny Fortson,CENTER,27,DALLAS MAVERICKS,56,20,625,71,139,0,0,75,92,114,136,9,12,11,37,148,217
fosteje01,Jeff Foster,CENTER,27,INDIANA PACERS,82,79,1961,197,362,0,4,103,154,248,362,64,71,27,60,189,497
fowlktr01,Tremaine Fowlkes,SMALL FORWARD,27,DETROIT PISTONS,36,0,261,15,48,1,8,13,18,18,35,14,9,3,12,37,44
foxri01,Rick Fox,SMALL FORWARD,34,LOS ANGELES LAKERS,38,34,846,73,186,15,61,22,30,29,73,98,29,4,48,99,183
foylead01,Adonal Foyle,CENTER,28,GOLDEN STATE WARRIORS,44,8,572,59,130,0,0,19,35,54,113,17,6,46,21,68,137
frahmri01,Richie Frahm,SMALL FORWARD,26,SEATTLE SUPERSONICS,54,0,469,63,139,34,92,23,26,12,44,24,16,4,7,50,183
francst01,Steve Francis,POINT GUARD,26,HOUSTON ROCKETS,79,79,3194,450,1117,73,250,337,435,116,317,493,139,35,294,257,1310
fullehi01,Hiram Fuller,POWER FORWARD,22,ATLANTA HAWKS,4,0,43,3,8,0,0,2,6,4,7,2,0,1,4,5,8
gadzuda01,Dan Gadzuric,CENTER,25,MILWAUKEE BUCKS,75,0,1260,183,349,0,1,58,118,126,220,28,51,105,45,186,424
gainere01,Reece Gaines,POINT GUARD,23,ORLANDO MAGIC,38,1,364,25,86,3,10,16,25,8,31,40,11,2,18,22,69
garcial01,Alex Garcia,SHOOTING GUARD,23,SAN ANTONIO SPURS,2,0,13,1,7,0,0,1,2,0,0,0,2,0,1,0,3
garneke01,Kevin Garnett,POWER FORWARD,27,MINNESOTA TIMBERWOLVES,82,82,3231,804,1611,11,43,368,465,245,894,409,120,178,212,202,1987
garripa01,Pat Garrity,POWER FORWARD,27,ORLANDO MAGIC,2,0,22,1,3,0,0,0,0,0,0,1,0,0,0,2,2
gasolpa01,Pau Gasol,POWER FORWARD,23,MEMPHIS GRIZZLIES,78,78,2458,506,1049,4,15,365,511,206,394,198,44,132,187,185,1381
georgde01,Devean George,SMALL FORWARD,26,LOS ANGELES LAKERS,82,48,1951,233,571,65,186,73,96,87,245,112,81,38,88,189,604
gilled01,Eddie Gill,POINT GUARD,25,PORTLAND TRAIL BLAZERS,22,0,157,15,36,3,8,17,20,4,13,16,9,1,12,16,50
gillke01,Kendall Gill,SHOOTING GUARD,35,CHICAGO BULLS,56,35,1411,215,548,9,38,100,136,61,129,89,65,16,83,107,539
ginobma01,Manu Ginóbili,SHOOTING GUARD,26,SAN ANTONIO SPURS,77,38,2260,330,789,88,245,239,298,86,258,291,136,16,161,181,987
giricgo01,Gordan Giriček,SMALL FORWARD,26,ORLANDO MAGIC,48,25,1435,188,427,46,113,67,81,37,127,80,41,10,63,98,489
giricgo01,Gordan Giriček,SHOOTING GUARD,26,UTAH JAZZ,25,18,606,128,297,14,39,68,77,14,48,42,15,5,40,46,338
glovedi01,Dion Glover,SHOOTING GUARD,25,ATLANTA HAWKS,55,26,1465,205,524,36,105,110,142,54,183,115,40,17,83,106,556
glovedi01,Dion Glover,SHOOTING GUARD,25,TORONTO RAPTORS,14,4,178,25,65,4,14,10,14,4,25,15,10,2,19,17,64
goldwan01,Anthony Goldwire,POINT GUARD,32,MINNESOTA TIMBERWOLVES,5,0,66,5,14,2,6,1,1,1,5,10,3,0,2,5,13
goldwan01,Anthony Goldwire,POINT GUARD,32,NEW JERSEY NETS,6,0,19,2,8,0,2,0,0,0,1,1,2,0,1,0,4
goodedr01,Drew Gooden,POWER FORWARD,22,ORLANDO MAGIC,79,17,2134,369,829,9,42,167,262,160,356,89,62,72,126,196,914
grantbr01,Brian Grant,CENTER,31,MIAMI HEAT,76,76,2303,289,613,0,1,86,110,174,350,69,51,35,82,254,664
grantho01,Horace Grant,POWER FORWARD,38,LOS ANGELES LAKERS,55,10,1106,92,224,0,1,39,54,79,154,71,24,21,29,70,223
grantpa01,Paul Grant,CENTER,30,UTAH JAZZ,10,0,98,11,23,0,0,3,8,7,10,3,1,1,7,17,25
greenwi01,Willie Green,SHOOTING GUARD,22,PHILADELPHIA 76ERS,53,0,767,143,357,19,61,59,81,16,49,53,26,5,59,83,364
griffad01,Adrian Griffin,SHOOTING GUARD,29,HOUSTON ROCKETS,19,1,133,5,18,1,2,0,4,1,18,10,7,2,3,17,11
guglito01,Tom Gugliotta,POWER FORWARD,34,PHOENIX SUNS,30,3,304,31,99,0,1,6,8,15,41,21,14,4,20,34,68
guglito01,Tom Gugliotta,POWER FORWARD,34,UTAH JAZZ,25,24,515,39,104,1,3,14,20,50,81,42,17,8,19,47,93
haislma01,Marcus Haislip,POWER FORWARD,23,MILWAUKEE BUCKS,31,0,263,36,74,1,2,20,28,21,32,4,6,12,9,25,93
hamda01,Darvin Ham,SMALL FORWARD,30,DETROIT PISTONS,54,2,484,37,75,1,2,21,35,47,46,16,13,8,31,63,96
hamilri01,Richard Hamilton,SHOOTING GUARD,25,DETROIT PISTONS,78,78,2772,530,1166,18,68,297,342,78,201,310,103,17,210,222,1375
hamilze01,Zendon Hamilton,CENTER,28,PHILADELPHIA 76ERS,46,0,473,51,95,0,0,67,96,49,97,13,8,8,27,74,169
handlbe01,Ben Handlogten,CENTER,30,UTAH JAZZ,17,0,172,25,47,0,0,18,27,22,33,6,3,4,10,32,68
hansetr01,Travis Hansen,SMALL FORWARD,25,ATLANTA HAWKS,41,4,507,46,130,9,30,22,27,30,40,19,10,9,15,67,123
hardaan01,Anfernee Hardaway,SHOOTING GUARD,32,PHOENIX SUNS,34,10,876,120,271,14,35,42,49,27,71,97,28,8,42,65,296
hardaan01,Anfernee Hardaway,SHOOTING GUARD,32,NEW YORK KNICKS,42,4,1219,159,408,16,44,69,89,42,147,79,42,12,65,81,403
harprma01,Matt Harpring,SMALL FORWARD,27,UTAH JAZZ,31,31,1134,193,410,8,33,108,157,91,156,63,22,2,65,102,502
harrial01,Al Harrington,POWER FORWARD,23,INDIANA PACERS,79,15,2441,421,909,21,77,185,252,163,345,131,80,22,163,250,1048
harriot01,Othella Harrington,POWER FORWARD,30,NEW YORK KNICKS,56,3,872,100,202,0,0,58,78,58,119,29,12,14,65,134,258
harrilu01,Lucious Harris,POINT GUARD,33,NEW JERSEY NETS,69,15,1504,187,463,38,101,66,78,39,101,135,41,2,53,74,478
hartja01,Jason Hart,POINT GUARD,25,SAN ANTONIO SPURS,53,5,660,71,159,2,9,33,43,10,69,81,28,5,29,59,177
harvedo01,Donnell Harvey,POWER FORWARD,23,ORLANDO MAGIC,24,1,345,36,89,0,3,26,39,29,43,8,10,11,22,44,98
harvedo01,Donnell Harvey,POWER FORWARD,23,PHOENIX SUNS,36,7,438,53,112,0,0,35,44,19,73,13,14,16,23,85,141
hasleud01,Udonis Haslem,POWER FORWARD,23,MIAMI HEAT,75,24,1795,205,447,0,3,140,183,189,284,51,33,24,74,197,550
hassetr01,Trenton Hassell,SHOOTING GUARD,24,MINNESOTA TIMBERWOLVES,81,74,2264,177,381,4,13,48,61,68,189,133,36,54,46,200,406
hayesja01,Jarvis Hayes,SMALL FORWARD,22,WASHINGTON WIZARDS,70,42,2044,278,695,40,131,77,98,71,193,106,71,11,110,157,673
haywobr01,Brendan Haywood,CENTER,24,WASHINGTON WIZARDS,77,59,1484,200,388,0,1,137,234,186,201,43,32,100,80,154,537
healsh01,Shane Heal,POINT GUARD,33,SAN ANTONIO SPURS,6,0,72,7,24,4,18,4,5,1,3,5,1,0,5,2,22
hendeal01,Alan Henderson,POWER FORWARD,31,ATLANTA HAWKS,6,0,68,10,21,0,0,4,6,11,10,2,1,2,3,1,24
hilarne01,Nenê,POWER FORWARD,21,DENVER NUGGETS,77,77,2504,334,630,0,2,240,352,154,349,168,116,41,183,280,908
hillty01,Tyrone Hill,POWER FORWARD,35,MIAMI HEAT,5,0,38,3,5,0,0,3,4,5,3,0,0,1,2,10,9
hinriki01,Kirk Hinrich,POINT GUARD,23,CHICAGO BULLS,76,66,2706,318,823,144,369,135,168,42,217,517,101,21,204,276,915
hoibefr01,Fred Hoiberg,SHOOTING GUARD,31,MINNESOTA TIMBERWOLVES,79,3,1804,178,383,76,172,98,116,21,247,109,66,10,44,136,530
horryro01,Robert Horry,POWER FORWARD,33,SAN ANTONIO SPURS,81,1,1290,141,348,41,108,69,107,108,164,101,48,49,55,165,392
houseed01,Eddie House,SHOOTING GUARD,25,LOS ANGELES CLIPPERS,60,10,1188,161,449,51,136,36,45,28,110,148,65,4,63,92,409
houstal01,Allan Houston,SHOOTING GUARD,32,NEW YORK KNICKS,50,50,1799,340,781,87,202,157,172,20,101,99,38,2,102,105,924
howarjo01,Josh Howard,SMALL FORWARD,23,DALLAS MAVERICKS,67,29,1589,229,532,20,66,97,138,149,219,97,69,54,67,168,575
howarju01,Juwan Howard,POWER FORWARD,30,ORLANDO MAGIC,81,77,2877,529,1169,0,1,318,393,171,399,158,54,22,178,284,1376
hudsotr01,Troy Hudson,POINT GUARD,27,MINNESOTA TIMBERWOLVES,29,1,503,80,207,31,77,27,33,4,31,70,7,0,34,32,218
hughela01,Larry Hughes,SHOOTING GUARD,25,WASHINGTON WIZARDS,61,61,2061,401,1009,79,232,267,335,96,230,148,95,26,152,147,1148
humphry01,Ryan Humphrey,POWER FORWARD,24,MEMPHIS GRIZZLIES,2,0,11,1,4,0,1,0,0,2,1,1,1,0,2,3,2
huntebr01,Brandon Hunter,POWER FORWARD,23,BOSTON CELTICS,36,12,406,53,116,0,3,19,43,50,68,19,13,1,22,40,125
hunteli01,Lindsey Hunter,SHOOTING GUARD,33,DETROIT PISTONS,33,8,661,49,143,14,50,5,8,13,54,85,39,6,34,45,117
huntest01,Steven Hunter,CENTER,22,ORLANDO MAGIC,59,23,789,82,155,0,0,23,69,54,116,12,5,73,29,101,187
ilgauzy01,Zydrunas Ilgauskas,CENTER,28,CLEVELAND CAVALIERS,81,81,2539,466,965,2,7,303,406,279,374,109,39,201,163,277,1237
iversal01,Allen Iverson,SHOOTING GUARD,28,PHILADELPHIA 76ERS,48,47,2040,435,1125,57,199,339,455,34,144,324,115,5,209,87,1266
jacksbo01,Bobby Jackson,SHOOTING GUARD,30,SACRAMENTO KINGS,50,0,1185,263,592,81,219,82,109,55,119,105,49,8,63,106,689
jacksji01,Jim Jackson,SMALL FORWARD,33,HOUSTON ROCKETS,80,80,3119,382,900,162,405,107,127,52,435,226,86,23,175,227,1033
jacksma02,Marc Jackson,POWER FORWARD,29,PHILADELPHIA 76ERS,22,13,598,71,171,0,1,64,81,45,81,18,12,6,24,45,206
jacksma01,Mark Jackson,POINT GUARD,38,HOUSTON ROCKETS,42,3,577,34,100,7,41,28,39,10,60,119,17,1,53,41,103
jacksst02,Stephen Jackson,SMALL FORWARD,25,ATLANTA HAWKS,80,78,2940,536,1261,145,427,233,297,97,273,244,142,20,223,216,1450
jacobca01,Casey Jacobsen,SMALL FORWARD,22,PHOENIX SUNS,78,13,1828,150,360,75,180,91,111,42,159,98,48,9,68,144,466
jamesje01,Jerome James,CENTER,28,SEATTLE SUPERSONICS,65,24,990,129,259,0,0,66,100,78,152,32,20,60,82,180,324
jamesle01,LeBron James,SHOOTING GUARD,19,CLEVELAND CAVALIERS,79,79,3122,622,1492,63,217,347,460,99,333,465,130,58,273,149,1654
jamesmi01,Mike James,POINT GUARD,28,BOSTON CELTICS,55,55,1684,213,510,86,226,76,95,20,156,244,70,2,83,113,588
jamesmi01,Mike James,POINT GUARD,28,DETROIT PISTONS,26,0,512,59,147,20,55,27,32,8,50,95,26,1,41,43,165
jamisan01,Antawn Jamison,SMALL FORWARD,27,DALLAS MAVERICKS,82,2,2376,488,913,16,40,220,294,233,287,70,83,30,81,174,1212
jaricma01,Marko Jarić,POINT GUARD,25,LOS ANGELES CLIPPERS,58,50,1760,185,477,51,150,74,101,44,131,281,93,20,115,132,495
jeffech01,Chris Jefferies,SHOOTING GUARD,23,TORONTO RAPTORS,2,0,8,3,6,1,3,1,1,0,1,1,0,0,1,0,8
jeffech01,Chris Jefferies,SMALL FORWARD,23,CHICAGO BULLS,19,2,187,24,66,16,39,12,19,5,23,6,4,7,18,36,76
jefferi01,Richard Jefferson,SMALL FORWARD,23,NEW JERSEY NETS,82,82,3133,555,1115,48,132,357,468,109,355,315,92,28,198,224,1515
jeffrja01,Jared Jeffries,POWER FORWARD,22,WASHINGTON WIZARDS,82,38,1913,177,469,5,30,105,171,180,244,93,48,28,107,212,464
johnsbr01,Britton Johnsen,CENTER,24,ORLANDO MAGIC,20,4,290,17,59,1,12,7,16,15,30,12,7,1,14,28,42
johnsan02,Anthony Johnson,POINT GUARD,29,INDIANA PACERS,73,7,1598,167,411,41,122,75,94,28,102,202,64,8,75,138,450
johnsav01,Avery Johnson,POINT GUARD,38,GOLDEN STATE WARRIORS,46,1,637,80,199,0,3,52,78,3,30,111,26,3,51,34,212
johnsde03,DerMarr Johnson,SMALL FORWARD,23,NEW YORK KNICKS,21,1,287,36,97,13,36,28,31,5,34,11,8,7,16,32,113
johnser02,Ervin Johnson,CENTER,36,MINNESOTA TIMBERWOLVES,66,47,965,55,103,0,1,17,28,61,171,24,27,43,30,156,127
johnsjo02,Joe Johnson,SHOOTING GUARD,22,PHOENIX SUNS,82,77,3331,555,1291,83,272,174,232,80,305,362,93,26,199,177,1367
johnsli01,Linton Johnson,SMALL FORWARD,23,CHICAGO BULLS,41,20,734,72,203,7,33,22,37,59,124,27,37,32,37,90,173
jonesda02,Dahntay Jones,SHOOTING GUARD,23,MEMPHIS GRIZZLIES,20,0,154,15,53,1,4,5,11,7,16,12,5,6,12,23,36
jonesda01,Damon Jones,POINT GUARD,27,MILWAUKEE BUCKS,82,26,2016,210,524,98,273,55,72,15,155,478,30,4,103,92,573
jonesed02,Eddie Jones,SHOOTING GUARD,32,MIAMI HEAT,81,81,2998,473,1156,177,479,278,333,38,270,258,92,34,129,226,1401
jonesfr01,Fred Jones,SHOOTING GUARD,24,INDIANA PACERS,81,2,1508,123,311,27,89,124,149,25,101,173,65,18,73,132,397
jonesja02,James Jones,SMALL FORWARD,23,INDIANA PACERS,6,0,26,2,9,1,4,2,2,0,2,0,1,0,0,1,7
jonesju01,Jumaine Jones,SHOOTING GUARD,24,BOSTON CELTICS,42,2,373,33,96,13,44,14,23,24,44,14,12,9,19,48,93
jonespo01,Popeye Jones,POWER FORWARD,33,GOLDEN STATE WARRIORS,5,0,10,0,2,0,0,0,0,1,0,0,0,0,0,2,0
kamanch01,Chris Kaman,CENTER,21,LOS ANGELES CLIPPERS,82,61,1843,200,435,0,2,99,142,126,335,85,23,73,155,211,499
kaponja01,Jason Kapono,SMALL FORWARD,22,CLEVELAND CAVALIERS,41,3,427,52,129,21,44,20,24,19,36,14,13,2,21,41,145
kiddja01,Jason Kidd,POINT GUARD,30,NEW JERSEY NETS,67,66,2450,368,959,94,293,206,249,85,343,618,122,14,214,110,1036
kirilan01,Andrei Kirilenko,POWER FORWARD,22,UTAH JAZZ,78,78,2895,412,931,68,201,392,496,226,403,244,150,215,215,174,1284
kittlke01,Kerry Kittles,SHOOTING GUARD,29,NEW JERSEY NETS,82,82,2842,434,959,97,276,107,136,56,271,206,125,40,95,144,1072
knighbr01,Brevin Knight,POINT GUARD,28,PHOENIX SUNS,3,0,19,1,3,0,0,0,0,0,3,4,3,1,3,1,2
knighbr01,Brevin Knight,POINT GUARD,28,WASHINGTON WIZARDS,32,12,598,58,138,1,5,19,27,11,50,102,52,0,44,50,136
knighbr01,Brevin Knight,POINT GUARD,28,MILWAUKEE BUCKS,21,1,420,46,105,1,3,30,38,3,45,98,29,0,25,56,123
korveky01,Kyle Korver,SMALL FORWARD,22,PHILADELPHIA 76ERS,74,0,882,115,327,81,207,19,24,30,81,40,25,8,41,102,330
kukocto01,Toni Kukoč,POWER FORWARD,35,MILWAUKEE BUCKS,73,0,1522,211,506,49,168,145,199,60,211,200,59,21,110,110,616
laettch01,Christian Laettner,POWER FORWARD,34,WASHINGTON WIZARDS,48,18,984,119,256,6,21,40,50,50,182,89,37,28,42,102,284
lafrera01,Raef LaFrentz,CENTER,27,BOSTON CELTICS,17,1,328,57,124,8,40,10,13,30,49,24,8,13,11,47,132
lampema01,Maciej Lampe,CENTER,18,PHOENIX SUNS,21,0,224,43,88,0,4,10,13,9,35,9,3,3,15,28,96
lamplse01,Sean Lampley,SMALL FORWARD,24,GOLDEN STATE WARRIORS,10,0,63,13,20,0,0,8,12,2,9,2,0,1,3,2,34
langhda01,Dan Langhi,SMALL FORWARD,26,GOLDEN STATE WARRIORS,4,0,17,2,6,0,0,2,2,0,3,0,0,0,2,5,6
langhda01,Dan Langhi,SMALL FORWARD,26,MILWAUKEE BUCKS,2,0,20,3,8,1,2,0,0,0,1,0,0,0,0,2,7
larueru01,Rusty LaRue,POINT GUARD,30,GOLDEN STATE WARRIORS,4,0,22,1,3,1,1,1,2,0,3,2,2,0,4,2,4
lenarvo01,Voshon Lenard,SHOOTING GUARD,30,DENVER NUGGETS,73,70,2233,394,933,106,289,144,182,46,154,151,61,12,101,177,1038
lewisqu01,Quincy Lewis,SMALL FORWARD,26,MINNESOTA TIMBERWOLVES,14,0,65,7,20,2,5,0,0,1,6,2,2,2,3,10,16
lewisra02,Rashard Lewis,SMALL FORWARD,24,SEATTLE SUPERSONICS,80,80,2931,535,1229,145,386,206,270,133,385,175,99,54,135,233,1421
livinra01,Randy Livingston,POINT GUARD,28,LOS ANGELES CLIPPERS,4,0,48,2,10,0,3,4,6,2,5,4,2,0,4,7,8
lopezra01,Raül López,POINT GUARD,23,UTAH JAZZ,82,11,1617,223,517,25,85,101,117,24,131,305,62,2,174,200,572
luety01,Tyronn Lue,POINT GUARD,26,ORLANDO MAGIC,76,69,2332,309,714,80,209,101,131,26,161,317,61,5,124,185,799
lynchge01,George Lynch,SMALL FORWARD,33,NEW ORLEANS HORNETS,78,51,1701,149,375,43,139,34,51,96,216,117,48,18,64,159,375
madsema01,Mark Madsen,CENTER,28,MINNESOTA TIMBERWOLVES,72,12,1246,101,204,0,6,57,118,134,138,28,33,18,47,175,259
maggeco01,Corey Maggette,SMALL FORWARD,24,LOS ANGELES CLIPPERS,73,72,2628,453,1013,76,231,526,620,96,334,224,65,16,207,217,1508
magloja01,Jamaal Magloire,CENTER,25,NEW ORLEANS HORNETS,82,82,2777,383,809,0,1,353,470,268,579,86,43,101,201,278,1119
malonka01,Karl Malone,POWER FORWARD,40,LOS ANGELES LAKERS,42,42,1373,193,400,0,1,168,225,61,306,163,50,20,103,116,554
marbust01,Stephon Marbury,POINT GUARD,26,PHOENIX SUNS,34,34,1415,262,606,37,118,147,185,19,98,281,64,5,97,74,708
marbust01,Stephon Marbury,POINT GUARD,26,NEW YORK KNICKS,47,47,1839,336,780,50,156,209,251,39,107,438,65,4,152,98,931
mariosh01,Shawn Marion,SMALL FORWARD,25,PHOENIX SUNS,79,79,3217,590,1341,90,265,228,268,212,525,214,167,104,156,203,1498
marshdo01,Donyell Marshall,POWER FORWARD,30,CHICAGO BULLS,16,8,408,57,136,11,27,14,20,28,71,28,13,20,22,47,139
marshdo01,Donyell Marshall,POWER FORWARD,30,TORONTO RAPTORS,66,66,2580,413,884,120,298,120,162,182,527,94,80,104,95,200,1066
martida01,Darrick Martin,POINT GUARD,32,MINNESOTA TIMBERWOLVES,16,0,172,20,67,6,26,9,9,2,5,23,2,1,7,23,55
martike01,Kenyon Martin,POWER FORWARD,26,NEW JERSEY NETS,65,62,2252,439,900,7,25,201,294,133,484,160,95,82,168,230,1086
mashbja01,Jamal Mashburn,SMALL FORWARD,31,NEW ORLEANS HORNETS,19,18,730,156,398,19,67,65,80,19,98,47,14,5,37,42,396
masonde01,Desmond Mason,SMALL FORWARD,26,MILWAUKEE BUCKS,82,31,2534,409,867,9,39,356,463,93,266,152,60,24,148,191,1183
masonro01,Roger Mason,SHOOTING GUARD,23,CHICAGO BULLS,3,0,43,1,11,1,6,0,0,0,3,3,1,0,2,5,3
masonro01,Roger Mason,SHOOTING GUARD,23,TORONTO RAPTORS,23,3,285,31,87,12,33,19,22,1,27,23,10,6,18,31,93
masseto01,Tony Massenburg,POWER FORWARD,36,SACRAMENTO KINGS,59,0,789,104,219,0,1,43,63,57,131,29,14,18,45,144,251
mccarwa01,Walter McCarty,POWER FORWARD,29,BOSTON CELTICS,77,23,1900,203,523,137,366,62,82,28,211,124,72,22,91,179,605
mccasam01,Amal McCaskill,CENTER,30,PHILADELPHIA 76ERS,59,3,636,47,117,0,1,19,27,48,85,20,12,20,25,89,113
mccoyje01,Jelani McCoy,CENTER,26,CLEVELAND CAVALIERS,2,0,12,0,0,0,0,0,0,1,3,0,0,0,1,4,0
mcdyean01,Antonio McDyess,POWER FORWARD,29,NEW YORK KNICKS,18,6,421,65,142,0,0,22,38,31,88,20,12,11,27,46,152
mcdyean01,Antonio McDyess,POWER FORWARD,29,PHOENIX SUNS,24,14,506,61,126,0,0,16,31,39,99,16,25,13,30,71,138
mcgratr01,Tracy McGrady,SHOOTING GUARD,24,ORLANDO MAGIC,67,67,2675,653,1566,174,513,398,500,95,307,370,93,42,179,129,1878
mcinnje01,Jeff McInnis,SHOOTING GUARD,29,PORTLAND TRAIL BLAZERS,39,26,1269,196,416,15,47,58,76,16,78,196,36,2,61,94,465
mcinnje01,Jeff McInnis,POINT GUARD,29,CLEVELAND CAVALIERS,31,31,1096,138,331,31,80,56,67,17,65,234,36,4,59,69,363
mckieaa01,Aaron McKie,SMALL FORWARD,31,PHILADELPHIA 76ERS,75,41,2112,265,577,75,172,84,111,45,208,195,85,23,103,142,689
mcleoke01,Keith McLeod,POINT GUARD,24,MINNESOTA TIMBERWOLVES,33,0,391,27,82,1,10,33,43,5,29,59,16,1,29,39,88
medvest01,Stanislav Medvedenko,POWER FORWARD,24,LOS ANGELES LAKERS,68,38,1442,237,537,0,3,89,116,148,195,57,38,18,59,191,563
mercero01,Ron Mercer,SHOOTING GUARD,27,SAN ANTONIO SPURS,39,0,516,90,211,2,7,13,17,10,39,22,14,5,26,37,195
mihmch01,Chris Mihm,POWER FORWARD,24,CLEVELAND CAVALIERS,22,1,391,59,127,0,0,34,48,47,93,10,9,22,25,58,152
mihmch01,Chris Mihm,CENTER,24,BOSTON CELTICS,54,16,939,127,254,0,0,76,118,109,164,11,28,41,65,150,330
milesda01,Darius Miles,SMALL FORWARD,22,CLEVELAND CAVALIERS,37,16,888,143,331,5,30,39,72,48,119,80,25,27,56,84,330
milesda01,Darius Miles,SMALL FORWARD,22,PORTLAND TRAIL BLAZERS,42,40,1191,222,422,2,10,85,121,64,128,82,42,34,74,84,531
milicda01,Darko Miličić,CENTER,18,DETROIT PISTONS,34,0,159,17,65,0,1,14,24,11,32,7,7,15,13,33,48
millean02,Andre Miller,POINT GUARD,27,DENVER NUGGETS,82,82,2838,430,941,12,65,342,411,127,239,501,142,25,215,194,1214
millebr01,Brad Miller,POWER FORWARD,27,SACRAMENTO KINGS,72,53,2621,373,731,12,38,256,329,191,552,312,68,86,144,247,1014
millemi01,Mike Miller,SMALL FORWARD,23,MEMPHIS GRIZZLIES,65,65,1770,270,616,80,215,102,141,42,174,232,59,14,107,162,722
milleol01,Oliver Miller,CENTER,33,MINNESOTA TIMBERWOLVES,48,1,506,53,100,0,1,15,23,46,84,36,19,26,33,91,121
millere01,Reggie Miller,SHOOTING GUARD,38,INDIANA PACERS,80,80,2254,260,594,134,334,146,165,18,170,249,65,11,68,96,800
mingya01,Yao Ming,CENTER,23,HOUSTON ROCKETS,82,82,2692,535,1025,0,2,361,446,197,538,122,22,156,204,273,1431
moblecu01,Cuttino Mobley,SHOOTING GUARD,28,HOUSTON ROCKETS,80,80,3229,460,1081,164,420,176,217,40,322,258,107,33,180,179,1260
mohamna01,Nazr Mohammed,CENTER,26,ATLANTA HAWKS,53,1,938,138,280,0,0,69,110,101,166,20,22,27,55,113,345
mohamna01,Nazr Mohammed,CENTER,26,NEW YORK KNICKS,27,23,673,108,192,0,0,31,59,77,130,16,33,25,41,82,247
moisoje01,Jérôme Moïso,POWER FORWARD,25,TORONTO RAPTORS,35,1,417,40,84,0,1,22,38,41,72,8,17,12,25,42,102
mooremi01,Mikki Moore,CENTER,28,NEW JERSEY NETS,4,0,10,1,5,0,0,0,0,1,1,0,0,0,0,1,2
mooremi01,Mikki Moore,POWER FORWARD,28,UTAH JAZZ,28,0,385,49,94,0,0,30,35,28,54,19,7,13,22,64,128
mournal01,Alonzo Mourning,CENTER,33,NEW JERSEY NETS,12,0,215,33,71,0,0,30,34,8,19,8,2,6,10,32,96
murphtr01,Troy Murphy,POWER FORWARD,23,GOLDEN STATE WARRIORS,28,0,610,107,243,5,17,60,80,48,125,20,12,17,34,58,279
murrala01,Lamond Murray,SMALL FORWARD,30,TORONTO RAPTORS,33,4,518,76,215,21,60,24,35,14,76,28,15,7,38,47,197
murraro01,Ronald Murray,POINT GUARD,24,SEATTLE SUPERSONICS,82,18,2021,389,915,67,229,168,235,45,159,205,81,28,149,158,1013
murratr01,Tracy Murray,SMALL FORWARD,32,PORTLAND TRAIL BLAZERS,7,0,35,3,12,2,5,0,1,3,2,1,1,0,2,3,8
mutomdi01,Dikembe Mutombo,CENTER,37,NEW YORK KNICKS,65,56,1494,141,295,0,0,81,119,145,292,25,17,123,54,141,363
ndiayma02,Mamadou N'Diaye,CENTER,28,DALLAS MAVERICKS,3,0,7,0,1,0,0,0,0,0,1,0,0,1,1,1,0
ndiayma02,Mamadou N'Diaye,CENTER,28,ATLANTA HAWKS,25,1,359,27,68,0,0,44,59,43,68,0,8,24,17,58,98
nachbbo01,Boštjan Nachbar,SMALL FORWARD,23,HOUSTON ROCKETS,45,3,516,47,132,23,63,21,29,8,62,30,14,14,23,72,138
nailole01,Lee Nailon,POWER FORWARD,28,ATLANTA HAWKS,27,0,300,63,138,0,0,16,19,26,37,17,10,7,24,48,142
nailole01,Lee Nailon,SMALL FORWARD,28,ORLANDO MAGIC,8,0,83,11,27,0,0,7,9,8,6,4,1,0,0,9,29
nailole01,Lee Nailon,SMALL FORWARD,28,CLEVELAND CAVALIERS,22,4,397,73,162,0,3,24,30,30,36,17,4,1,21,36,170
najered01,Eduardo Nájera,SMALL FORWARD,27,DALLAS MAVERICKS,58,7,720,72,162,2,4,30,46,67,89,25,35,19,29,90,176
nashst01,Steve Nash,POINT GUARD,29,DALLAS MAVERICKS,78,78,2612,397,845,104,257,230,251,59,173,687,67,8,209,139,1128
nestera01,Rasho Nesterović,CENTER,27,SAN ANTONIO SPURS,82,82,2353,328,700,0,0,54,114,257,376,114,51,165,107,247,710
newblir01,Ira Newble,SMALL FORWARD,29,CLEVELAND CAVALIERS,64,25,1245,108,276,2,19,36,46,65,90,72,25,19,54,109,254
norrimo01,Moochie Norris,POINT GUARD,30,HOUSTON ROCKETS,30,0,401,27,87,8,23,18,24,2,28,48,16,2,30,16,80
norrimo01,Moochie Norris,POINT GUARD,30,NEW YORK KNICKS,36,0,446,53,130,12,35,36,47,8,27,73,28,3,34,35,154
nowitdi01,Dirk Nowitzki,CENTER,25,DALLAS MAVERICKS,77,77,2915,605,1310,99,290,371,423,90,580,207,92,104,135,216,1680
onealje01,Jermaine O'Neal,POWER FORWARD,25,INDIANA PACERS,78,78,2788,608,1400,2,18,348,460,193,585,164,59,199,181,248,1566
onealsh01,Shaquille O'Neal,CENTER,31,LOS ANGELES LAKERS,67,67,2464,554,948,0,0,331,676,246,523,196,34,166,195,225,1439
oaklech01,Charles Oakley,POWER FORWARD,40,HOUSTON ROCKETS,7,0,25,2,6,0,0,5,6,0,5,2,0,0,1,8,9
odomla01,Lamar Odom,POWER FORWARD,24,MIAMI HEAT,80,80,3003,485,1127,61,205,340,458,160,616,327,85,71,236,273,1371
okurme01,Mehmet Okur,POWER FORWARD,24,DETROIT PISTONS,71,33,1580,251,542,18,48,162,209,160,261,69,36,63,101,138,682
ollieke01,Kevin Ollie,POINT GUARD,31,CLEVELAND CAVALIERS,82,7,1401,95,257,4,9,147,176,23,147,234,51,8,81,119,341
olowomi01,Michael Olowokandi,CENTER,28,MINNESOTA TIMBERWOLVES,43,25,925,121,285,0,0,36,61,78,167,24,16,68,54,137,278
ostergr01,Greg Ostertag,CENTER,30,UTAH JAZZ,78,51,2153,208,437,0,1,113,195,221,357,123,30,139,99,228,529
outlabo01,Bo Outlaw,POWER FORWARD,32,MEMPHIS GRIZZLIES,82,1,1606,159,312,0,4,61,116,125,217,90,73,70,69,170,379
outlatr01,Travis Outlaw,POWER FORWARD,19,PORTLAND TRAIL BLAZERS,8,0,19,3,7,0,0,2,4,2,2,1,1,0,1,1,8
overtdo01,Doug Overton,POINT GUARD,34,NEW JERSEY NETS,6,0,22,3,8,0,0,2,2,0,1,4,1,0,2,4,8
overtdo01,Doug Overton,POINT GUARD,34,LOS ANGELES CLIPPERS,55,11,1011,96,237,3,23,21,29,16,69,134,25,2,56,85,216
pachuza01,Zaza Pachulia,CENTER,19,ORLANDO MAGIC,59,2,664,68,175,0,0,58,90,69,105,13,21,12,34,87,194
packro01,Robert Pack,POINT GUARD,34,NEW JERSEY NETS,26,0,220,22,52,0,0,5,6,4,14,27,12,1,16,20,49
padgesc01,Scott Padgett,POWER FORWARD,27,HOUSTON ROCKETS,58,5,547,74,167,28,65,24,32,46,93,23,12,13,22,73,200
palacmi01,Milt Palacio,POINT GUARD,25,TORONTO RAPTORS,59,13,1211,104,298,4,26,45,68,15,87,184,41,11,87,90,257
pargoja01,Jannero Pargo,POINT GUARD,24,LOS ANGELES LAKERS,13,0,63,6,16,2,4,0,0,0,6,11,2,0,12,5,14
pargoja01,Jannero Pargo,POINT GUARD,24,TORONTO RAPTORS,5,0,71,9,29,0,5,0,0,0,4,12,4,1,5,7,18
pargoja01,Jannero Pargo,POINT GUARD,24,CHICAGO BULLS,13,1,345,66,154,20,53,23,27,8,19,47,7,5,30,38,175
parketo01,Tony Parker,POINT GUARD,21,SAN ANTONIO SPURS,75,75,2577,423,946,62,199,191,272,43,194,411,61,7,179,148,1099
parksch02,Cherokee Parks,CENTER,31,GOLDEN STATE WARRIORS,12,0,64,4,10,0,0,4,6,4,6,1,0,3,2,7,12
patteru01,Ruben Patterson,SMALL FORWARD,28,PORTLAND TRAIL BLAZERS,73,1,1651,200,395,2,12,105,190,129,139,139,84,21,105,152,507
pavloal01,Sasha Pavlović,SMALL FORWARD,20,UTAH JAZZ,79,14,1144,149,376,19,70,65,84,44,115,60,41,16,67,187,382
paytoga01,Gary Payton,POINT GUARD,35,LOS ANGELES LAKERS,82,82,2825,482,1024,55,165,180,252,72,270,449,96,19,151,169,1199
peelean01,Anthony Peeler,SHOOTING GUARD,34,SACRAMENTO KINGS,75,0,1391,156,348,68,141,51,61,31,122,120,56,10,77,103,431
penigde01,Desmond Penigar,POWER FORWARD,22,ORLANDO MAGIC,10,0,89,14,28,0,0,4,4,6,18,3,2,2,6,14,32
penneki01,Kirk Penney,SHOOTING GUARD,23,MIAMI HEAT,2,0,18,1,6,1,3,0,0,0,1,1,1,0,3,1,3
perkike01,Kendrick Perkins,CENTER,19,BOSTON CELTICS,10,0,35,8,15,0,0,6,9,5,9,3,0,2,5,6,22
persowe01,Wesley Person,SHOOTING GUARD,32,MEMPHIS GRIZZLIES,16,0,284,33,107,11,43,6,8,2,16,23,5,2,16,11,83
persowe01,Wesley Person,SHOOTING GUARD,32,PORTLAND TRAIL BLAZERS,33,0,621,80,168,36,76,19,25,12,62,38,11,6,18,22,215
persowe01,Wesley Person,SHOOTING GUARD,32,ATLANTA HAWKS,9,0,132,13,39,8,19,6,6,2,23,5,3,1,4,5,40
petermo01,Morris Peterson,SMALL FORWARD,26,TORONTO RAPTORS,82,29,2148,238,587,126,340,76,94,35,226,113,88,14,69,206,678
piatker01,Eric Piatkowski,SMALL FORWARD,33,HOUSTON ROCKETS,49,0,703,72,191,43,122,14,16,10,63,26,16,5,29,42,201
piercpa01,Paul Pierce,SHOOTING GUARD,26,BOSTON CELTICS,80,80,3099,602,1497,115,384,517,631,69,453,410,131,52,303,234,1836
pietrmi01,Mickaël Piétrus,POINT GUARD,21,GOLDEN STATE WARRIORS,53,22,748,96,231,35,105,52,75,48,71,27,32,12,40,100,279
pippesc01,Scottie Pippen,SMALL FORWARD,38,CHICAGO BULLS,23,6,412,53,140,13,48,17,27,20,48,50,21,9,29,38,136
planizo01,Zoran Planinić,SHOOTING GUARD,21,NEW JERSEY NETS,49,1,473,53,129,9,32,38,60,14,41,68,13,3,36,70,153
pollasc01,Scot Pollard,CENTER,28,INDIANA PACERS,61,3,678,47,114,0,0,12,21,67,97,10,23,26,22,110,106
polynol01,Olden Polynice,CENTER,39,LOS ANGELES CLIPPERS,2,0,12,0,0,0,0,0,0,1,1,1,1,0,4,2,0
popema01,Mark Pope,POWER FORWARD,31,DENVER NUGGETS,4,0,20,1,2,0,0,0,1,0,3,0,1,0,3,8,2
poseyja01,James Posey,SHOOTING GUARD,27,MEMPHIS GRIZZLIES,82,82,2451,368,770,112,290,278,335,92,311,122,137,40,112,248,1126
potapvi01,Vitaly Potapenko,CENTER,28,SEATTLE SUPERSONICS,65,39,1419,200,409,0,0,59,92,101,188,53,22,28,77,161,459
princta01,Tayshaun Prince,SMALL FORWARD,23,DETROIT PISTONS,82,80,2701,338,723,57,157,108,141,93,297,191,63,69,119,149,841
przybjo01,Joel Przybilla,CENTER,24,MILWAUKEE BUCKS,5,0,33,0,0,0,0,1,2,1,9,3,0,0,2,5,1
przybjo01,Joel Przybilla,CENTER,24,ATLANTA HAWKS,12,12,314,18,50,0,0,12,29,31,70,4,5,17,16,48,48
radmavl01,Vladimir Radmanović,POWER FORWARD,23,SEATTLE SUPERSONICS,77,38,2321,345,812,140,377,95,127,104,302,142,80,42,109,187,925
randoza01,Zach Randolph,POWER FORWARD,22,PORTLAND TRAIL BLAZERS,81,80,3067,663,1368,1,5,299,393,242,609,163,68,41,247,227,1626
ratlith01,Theo Ratliff,CENTER,30,ATLANTA HAWKS,53,52,1648,171,373,0,0,96,147,105,276,51,30,166,86,189,438
ratlith01,Theo Ratliff,CENTER,30,PORTLAND TRAIL BLAZERS,32,31,1016,95,176,0,0,44,70,90,143,20,24,141,34,111,234
rebraze01,Željko Rebrača,CENTER,31,DETROIT PISTONS,21,2,222,22,54,0,0,22,28,19,30,4,5,9,13,45,66
rebraze01,Željko Rebrača,CENTER,31,ATLANTA HAWKS,3,0,51,12,23,0,0,1,2,4,5,2,0,2,4,7,25
reddmi01,Michael Redd,SHOOTING GUARD,24,MILWAUKEE BUCKS,82,82,3021,633,1439,127,363,383,441,118,289,185,81,6,116,152,1776
ricegl01,Glen Rice,SMALL FORWARD,36,LOS ANGELES CLIPPERS,18,0,262,22,76,5,28,17,17,9,32,24,6,0,13,22,66
richaja01,Jason Richardson,SHOOTING GUARD,23,GOLDEN STATE WARRIORS,78,78,2936,563,1284,77,273,258,377,124,400,226,86,41,196,182,1461
richaqu01,Quentin Richardson,SHOOTING GUARD,23,LOS ANGELES CLIPPERS,65,64,2338,425,1068,120,341,151,204,146,268,139,67,19,141,130,1121
ridnolu01,Luke Ridnour,POINT GUARD,22,SEATTLE SUPERSONICS,69,6,1114,145,350,27,80,65,79,35,73,163,52,7,80,105,382
robincl02,Clifford Robinson,POWER FORWARD,37,GOLDEN STATE WARRIORS,82,82,2846,366,945,112,314,123,173,54,268,271,68,73,173,237,967
robined01,Eddie Robinson,SMALL FORWARD,27,CHICAGO BULLS,51,4,1024,157,326,1,5,28,43,27,77,58,33,10,45,57,343
robingl01,Glenn Robinson,SMALL FORWARD,31,PHILADELPHIA 76ERS,42,42,1336,275,614,34,100,114,137,46,143,57,42,9,106,96,698
rogerro01,Rodney Rogers,POWER FORWARD,32,NEW JERSEY NETS,69,15,1409,207,505,50,152,75,98,100,207,137,59,27,98,183,539
rooksse01,Sean Rooks,CENTER,34,NEW ORLEANS HORNETS,35,0,325,34,94,0,0,12,15,10,40,11,9,5,15,48,80
rooksse01,Sean Rooks,CENTER,34,ORLANDO MAGIC,20,0,270,20,57,0,1,21,22,14,33,18,5,5,7,41,61
roseja01,Jalen Rose,SMALL FORWARD,31,CHICAGO BULLS,16,14,529,75,200,23,54,39,51,7,57,56,12,4,37,45,212
roseja01,Jalen Rose,POINT GUARD,31,TORONTO RAPTORS,50,50,1968,308,752,46,148,148,180,27,175,273,39,18,171,139,810
rosema01,Malik Rose,POWER FORWARD,29,SAN ANTONIO SPURS,67,13,1256,173,404,0,3,183,225,110,210,69,36,24,112,164,529
ruffimi01,Michael Ruffin,POWER FORWARD,27,UTAH JAZZ,41,23,733,38,117,0,0,16,38,78,129,41,22,21,42,103,92
rushka01,Kareem Rush,SHOOTING GUARD,23,LOS ANGELES LAKERS,72,15,1244,190,432,48,138,31,52,20,77,59,33,20,48,109,459
russebr01,Bryon Russell,SMALL FORWARD,33,LOS ANGELES LAKERS,72,1,945,98,244,43,112,50,65,32,114,71,32,12,37,110,289
salmojo01,John Salmons,SHOOTING GUARD,24,PHILADELPHIA 76ERS,77,24,1603,161,416,50,147,71,92,38,158,134,62,16,77,122,443
sampsja01,Jamal Sampson,CENTER,20,LOS ANGELES LAKERS,10,2,130,11,23,0,0,7,12,23,29,7,2,4,6,16,29
santida01,Daniel Santiago,CENTER,27,MILWAUKEE BUCKS,54,28,708,78,163,0,0,61,90,35,97,24,19,21,32,98,217
scalabr01,Brian Scalabrine,POWER FORWARD,25,NEW JERSEY NETS,69,2,928,86,218,10,41,58,70,42,131,65,21,14,42,113,240
sesayan01,Ansu Sesay,SMALL FORWARD,27,SEATTLE SUPERSONICS,57,2,583,81,178,6,21,32,46,43,49,19,19,20,23,66,200
shirlpa01,Paul Shirley,POWER FORWARD,26,CHICAGO BULLS,7,0,86,10,23,0,1,1,3,8,8,4,1,1,9,9,21
simmobo01,Bobby Simmons,SMALL FORWARD,23,LOS ANGELES CLIPPERS,56,8,1376,147,373,2,12,141,169,115,147,96,51,17,73,169,437
skinnbr01,Brian Skinner,CENTER,27,MILWAUKEE BUCKS,56,54,1577,255,513,0,0,79,138,119,292,49,30,61,78,165,589
slayta01,Tamar Slay,SHOOTING GUARD,23,NEW JERSEY NETS,22,0,165,21,60,4,12,7,14,10,15,14,7,1,11,20,53
smithja01,Jabari Smith,CENTER,26,SACRAMENTO KINGS,31,0,168,26,70,0,3,12,20,11,20,11,2,6,7,25,64
smithjo02,Joe Smith,POWER FORWARD,28,MILWAUKEE BUCKS,76,76,2254,311,708,1,5,207,241,230,413,78,47,94,82,209,830
smithle01,Leon Smith,CENTER,23,SEATTLE SUPERSONICS,1,0,4,1,2,0,0,0,0,1,1,0,0,0,0,1,2
smithst01,Steve Smith,SHOOTING GUARD,34,NEW ORLEANS HORNETS,71,4,929,119,293,43,107,77,83,27,54,56,15,6,42,91,358
smithth01,Theron Smith,SMALL FORWARD,23,MEMPHIS GRIZZLIES,20,0,178,16,43,6,12,6,8,13,28,7,5,5,14,18,44
snower01,Eric Snow,POINT GUARD,30,PHILADELPHIA 76ERS,82,82,2966,295,715,2,18,252,316,62,219,563,97,6,187,213,844
songada01,Darius Songaila,POWER FORWARD,25,SACRAMENTO KINGS,73,7,976,133,273,0,0,71,88,91,134,48,42,12,43,126,337
sprewla01,Latrell Sprewell,SMALL FORWARD,33,MINNESOTA TIMBERWOLVES,82,82,3100,518,1266,99,299,240,295,56,254,286,88,21,158,101,1375
stackje01,Jerry Stackhouse,SMALL FORWARD,29,WASHINGTON WIZARDS,26,17,774,128,321,23,65,83,103,16,78,103,24,3,88,49,362
stepavl01,Vladimir Stepania,CENTER,27,PORTLAND TRAIL BLAZERS,42,2,453,43,103,0,0,22,36,50,75,23,11,15,19,61,108
stevede01,DeShawn Stevenson,SHOOTING GUARD,22,UTAH JAZZ,54,54,1511,261,586,7,30,89,133,43,135,92,28,16,80,86,618
stevede01,DeShawn Stevenson,SMALL FORWARD,22,ORLANDO MAGIC,26,24,933,115,285,12,41,49,71,36,84,66,24,1,40,54,291
stewami01,Michael Stewart,POWER FORWARD,28,CLEVELAND CAVALIERS,8,2,76,3,7,0,0,2,2,5,13,0,1,8,1,21,8
stewami01,Michael Stewart,CENTER,28,BOSTON CELTICS,17,0,71,2,5,0,0,1,2,3,8,0,1,2,2,13,5
stojape01,Peja Stojaković,SMALL FORWARD,26,SACRAMENTO KINGS,81,81,3264,665,1386,240,554,394,425,91,417,173,108,14,153,159,1964
stoudda01,Damon Stoudamire,POINT GUARD,30,PORTLAND TRAIL BLAZERS,82,82,3118,408,1018,156,427,127,145,52,256,500,99,9,180,173,1099
stoudam01,Amar'e Stoudemire,POWER FORWARD,21,PHOENIX SUNS,55,53,2025,411,865,1,5,310,435,157,339,78,64,89,177,188,1133
stricer01,Erick Strickland,POINT GUARD,30,MILWAUKEE BUCKS,43,0,571,79,196,29,66,44,51,13,58,90,26,2,54,63,231
stricro02,Rod Strickland,POINT GUARD,37,ORLANDO MAGIC,46,9,915,122,269,10,33,57,76,24,94,185,27,7,67,59,311
stricro02,Rod Strickland,POINT GUARD,37,TORONTO RAPTORS,15,1,282,28,84,0,3,15,22,10,27,59,8,4,18,17,71
sundobr01,Bruno Šundov,CENTER,23,CLEVELAND CAVALIERS,4,0,29,3,9,0,0,3,6,2,8,0,0,0,3,7,9
sundobr01,Bruno Šundov,CENTER,23,NEW YORK KNICKS,1,0,4,1,1,0,0,0,0,0,0,1,0,0,0,2,2
surabo01,Bob Sura,SHOOTING GUARD,30,DETROIT PISTONS,53,0,707,71,173,9,36,48,69,30,73,89,37,9,39,86,199
surabo01,Bob Sura,SHOOTING GUARD,30,ATLANTA HAWKS,27,18,956,131,312,12,43,123,157,70,153,144,25,5,66,72,397
sweetmi01,Mike Sweetney,POWER FORWARD,21,NEW YORK KNICKS,42,1,494,69,140,0,1,42,58,68,89,14,18,12,32,57,180
swiftst01,Stromile Swift,POWER FORWARD,24,MEMPHIS GRIZZLIES,77,10,1528,268,571,1,4,190,262,141,237,38,56,118,88,188,727
szczewa02,Wally Szczerbiak,SMALL FORWARD,26,MINNESOTA TIMBERWOLVES,28,0,622,106,236,20,46,53,64,24,64,33,12,1,28,42,285
tayloma01,Maurice Taylor,POWER FORWARD,27,HOUSTON ROCKETS,75,10,2081,367,765,0,2,128,174,131,253,107,43,47,149,253,862
terryja01,Jason Terry,POINT GUARD,26,ATLANTA HAWKS,81,78,3018,499,1196,146,421,215,260,49,287,437,124,16,229,192,1359
thomaet01,Etan Thomas,CENTER,25,WASHINGTON WIZARDS,79,15,1901,257,526,0,0,191,295,183,345,68,36,123,113,219,705
thomake01,Kenny Thomas,POWER FORWARD,26,PHILADELPHIA 76ERS,74,72,2699,381,813,1,5,243,323,261,489,111,82,33,172,219,1006
thomaku01,Kurt Thomas,POWER FORWARD,31,NEW YORK KNICKS,80,75,2548,392,829,0,3,106,127,145,517,149,56,80,132,298,890
thomati01,Tim Thomas,SMALL FORWARD,26,MILWAUKEE BUCKS,42,42,1343,226,510,47,130,93,122,38,167,90,40,15,73,127,592
thomati01,Tim Thomas,SMALL FORWARD,26,NEW YORK KNICKS,24,23,746,137,303,26,64,78,96,26,89,34,24,5,43,69,378
tinslja01,Jamaal Tinsley,POINT GUARD,25,INDIANA PACERS,52,43,1378,153,370,77,207,49,67,28,108,303,84,17,110,132,432
traylro01,Robert Traylor,CENTER,26,NEW ORLEANS HORNETS,71,0,942,145,287,2,5,70,128,106,156,43,39,37,62,161,362
trentga01,Gary Trent,CENTER,29,MINNESOTA TIMBERWOLVES,68,2,1025,155,328,0,6,69,91,83,133,49,12,17,54,129,379
trepaje01,Jeff Trepagnier,SHOOTING GUARD,24,DENVER NUGGETS,11,0,96,10,38,2,4,3,6,6,9,4,3,0,6,7,25
trybace01,Cezary Trybański,CENTER,24,PHOENIX SUNS,4,0,10,0,2,0,0,0,0,0,1,0,0,1,2,1,0
trybace01,Cezary Trybański,CENTER,24,NEW YORK KNICKS,3,0,5,0,2,0,0,1,2,0,0,0,1,0,0,2,1
tsakaja01,Jake Tsakalidis,CENTER,24,MEMPHIS GRIZZLIES,40,28,533,67,133,0,0,36,61,37,91,18,9,22,23,79,170
tskitni01,Nikoloz Tskitishvili,POWER FORWARD,20,DENVER NUGGETS,39,0,307,40,122,3,11,23,29,24,39,10,6,8,17,50,106
turkohe01,Hedo Türkoğlu,SMALL FORWARD,24,SAN ANTONIO SPURS,80,44,2073,262,645,101,241,114,161,52,306,154,80,32,94,165,739
udokaim01,Ime Udoka,SMALL FORWARD,26,LOS ANGELES LAKERS,4,0,28,3,9,0,1,2,4,1,4,2,2,1,3,3,8
vanexni01,Nick Van Exel,POINT GUARD,32,GOLDEN STATE WARRIORS,39,29,1255,187,479,46,150,70,99,16,88,206,20,2,78,57,490
vanhoke01,Keith Van Horn,SMALL FORWARD,28,NEW YORK KNICKS,47,47,1574,273,613,60,161,163,199,98,245,83,52,18,119,151,769
vanhoke01,Keith Van Horn,SMALL FORWARD,28,MILWAUKEE BUCKS,25,15,766,137,290,33,72,86,91,51,107,37,16,15,50,64,393
vaughja01,Jacque Vaughn,POINT GUARD,28,ATLANTA HAWKS,71,6,1271,107,277,3,20,53,68,12,104,195,44,2,84,126,270
voskuja01,Jake Voskuhl,CENTER,26,PHOENIX SUNS,66,43,1606,152,300,0,0,134,181,123,220,57,42,25,77,258,438
vranesl01,Slavko Vraneš,CENTER,21,PORTLAND TRAIL BLAZERS,1,0,3,0,1,0,0,0,0,0,0,0,0,0,0,1,0
wadedw01,Dwyane Wade,POINT GUARD,22,MIAMI HEAT,61,56,2126,371,798,16,53,233,312,85,162,275,86,34,196,140,991
wagneda02,Dajuan Wagner,SHOOTING GUARD,20,CLEVELAND CAVALIERS,44,4,708,112,306,31,86,32,47,9,49,51,26,7,41,89,287
walkean02,Antoine Walker,POWER FORWARD,27,DALLAS MAVERICKS,82,82,2840,483,1129,82,305,103,186,198,486,369,65,65,202,212,1151
walkesa01,Samaki Walker,POWER FORWARD,27,MIAMI HEAT,33,0,418,38,99,0,2,29,44,42,70,6,9,11,15,54,105
wallabe01,Ben Wallace,CENTER,29,DETROIT PISTONS,81,81,3050,315,748,1,8,142,290,324,682,138,143,246,123,162,773
wallage01,Gerald Wallace,SMALL FORWARD,21,SACRAMENTO KINGS,37,1,337,32,89,0,2,11,24,35,39,19,14,14,8,37,75
wallajo01,John Wallace,SMALL FORWARD,29,MIAMI HEAT,37,0,368,61,145,5,13,31,40,12,47,14,5,8,24,38,158
wallara01,Rasheed Wallace,POWER FORWARD,29,PORTLAND TRAIL BLAZERS,45,44,1675,296,669,59,173,115,155,69,229,114,36,72,87,131,766
wallara01,Rasheed Wallace,POWER FORWARD,29,ATLANTA HAWKS,1,1,42,8,24,1,6,3,3,1,5,2,1,5,3,0,20
wallara01,Rasheed Wallace,POWER FORWARD,29,DETROIT PISTONS,22,21,673,121,281,22,69,38,54,32,123,40,24,45,29,59,302
waltolu01,Luke Walton,POWER FORWARD,23,LOS ANGELES LAKERS,72,2,730,65,153,13,39,31,44,39,88,113,28,8,44,70,174
wardch01,Charlie Ward,POINT GUARD,33,NEW YORK KNICKS,35,10,827,115,260,59,138,16,21,10,86,170,47,8,69,74,305
wardch01,Charlie Ward,POINT GUARD,33,SAN ANTONIO SPURS,36,0,425,45,130,25,68,4,6,2,46,45,17,3,27,33,119
watsoea01,Earl Watson,POINT GUARD,24,MEMPHIS GRIZZLIES,81,14,1669,172,464,26,106,90,138,49,129,402,91,19,146,175,460
weathcl01,Clarence Weatherspoon,POWER FORWARD,33,NEW YORK KNICKS,15,1,216,18,40,0,0,18,19,14,36,13,8,2,9,19,54
weathcl01,Clarence Weatherspoon,POWER FORWARD,33,HOUSTON ROCKETS,37,0,652,86,171,0,1,35,53,60,94,17,22,13,26,56,207
webbech01,Chris Webber,POWER FORWARD,30,SACRAMENTO KINGS,23,23,831,174,421,1,5,81,114,48,152,105,31,20,60,76,430
wellsbo01,Bonzi Wells,SHOOTING GUARD,27,PORTLAND TRAIL BLAZERS,13,10,404,68,175,1,8,21,27,21,40,35,20,3,32,38,158
wellsbo01,Bonzi Wells,SHOOTING GUARD,27,MEMPHIS GRIZZLIES,59,17,1468,295,675,21,61,117,156,57,142,104,71,16,129,159,728
welscji01,Jiří Welsch,SHOOTING GUARD,24,BOSTON CELTICS,81,68,2179,262,612,69,181,153,206,60,236,183,101,7,129,176,746
wesleda01,David Wesley,SHOOTING GUARD,33,NEW ORLEANS HORNETS,61,60,2001,311,800,92,285,137,182,28,106,175,71,14,100,147,851
westda01,David West,POWER FORWARD,23,NEW ORLEANS HORNETS,71,1,930,108,228,0,2,57,80,117,180,60,27,28,48,117,273
whiteja01,Jahidi White,CENTER,27,WASHINGTON WIZARDS,1,0,4,0,1,0,0,0,0,0,0,0,0,1,1,0,0
whiteja01,Jahidi White,CENTER,27,PHOENIX SUNS,61,17,861,99,189,0,0,63,126,97,164,7,25,50,65,176,261
whitero02,Rodney White,SMALL FORWARD,23,DENVER NUGGETS,72,0,985,215,468,33,87,78,104,44,121,60,32,20,78,105,541
whitnch01,Chris Whitney,POINT GUARD,32,WASHINGTON WIZARDS,16,5,186,17,45,8,18,5,5,3,12,14,6,2,6,6,47
wilcoch01,Chris Wilcox,CENTER,21,LOS ANGELES CLIPPERS,65,17,1340,227,436,0,1,105,150,125,180,51,29,20,80,183,559
wilksmi01,Mike Wilks,POINT GUARD,24,HOUSTON ROCKETS,26,0,145,17,36,6,10,10,12,3,13,17,3,0,7,15,50
williaa01,Aaron Williams,CENTER,32,NEW JERSEY NETS,72,7,1337,172,342,1,3,105,155,101,193,81,34,46,89,187,450
willial02,Alvin Williams,SHOOTING GUARD,29,TORONTO RAPTORS,56,54,1730,201,496,26,89,66,85,18,132,224,55,10,78,114,494
willier01,Eric Williams,SMALL FORWARD,31,BOSTON CELTICS,21,0,513,77,177,11,32,78,109,21,74,25,22,1,31,52,243
willier01,Eric Williams,SMALL FORWARD,31,CLEVELAND CAVALIERS,50,36,1373,154,421,24,95,137,174,44,147,95,48,8,57,128,469
willifr02,Frank Williams,POINT GUARD,23,NEW YORK KNICKS,56,3,714,80,208,18,60,41,48,8,45,121,25,6,63,58,219
willija02,Jason Williams,POINT GUARD,28,MEMPHIS GRIZZLIES,72,68,2115,290,713,120,364,82,98,25,122,492,92,5,136,97,782
willije01,Jerome Williams,POWER FORWARD,30,TORONTO RAPTORS,15,12,407,28,57,0,1,21,29,35,93,11,19,3,23,30,77
willije01,Jerome Williams,POWER FORWARD,30,CHICAGO BULLS,53,32,1230,130,279,0,7,85,126,142,205,61,71,5,51,104,345
willima01,Mo Williams,SHOOTING GUARD,21,UTAH JAZZ,57,0,772,115,303,10,39,44,56,23,49,76,28,2,51,87,284
willisc01,Scott Williams,CENTER,35,PHOENIX SUNS,16,10,267,53,101,2,2,9,13,23,49,6,15,7,6,45,117
willisc01,Scott Williams,CENTER,35,DALLAS MAVERICKS,27,11,260,37,85,0,1,7,14,15,45,11,5,9,10,50,81
willish01,Shammond Williams,SHOOTING GUARD,28,ORLANDO MAGIC,37,2,525,59,151,25,74,40,45,9,34,64,23,1,26,40,183
willish01,Shammond Williams,POINT GUARD,28,NEW ORLEANS HORNETS,16,2,238,28,81,5,26,11,13,0,17,52,14,1,21,22,72
willico02,Corliss Williamson,POWER FORWARD,30,DETROIT PISTONS,79,0,1574,304,602,0,0,144,197,88,168,57,30,20,113,204,752
willike02,Kevin Willis,CENTER,41,SAN ANTONIO SPURS,48,0,373,70,150,0,1,24,39,37,61,11,21,9,32,61,164
woodslo01,Loren Woods,CENTER,25,MIAMI HEAT,38,2,506,44,96,0,0,33,55,65,69,10,11,19,26,52,121
woodsqy01,Qyntel Woods,SMALL FORWARD,22,PORTLAND TRAIL BLAZERS,62,8,673,88,237,10,29,38,60,46,90,46,20,14,52,88,224
artesro01,Metta World Peace,SMALL FORWARD,24,INDIANA PACERS,73,71,2714,468,1112,75,242,322,439,100,285,272,152,50,202,194,1333
wrighlo02,Lorenzen Wright,CENTER,28,MEMPHIS GRIZZLIES,65,46,1674,257,586,0,5,96,131,144,301,71,45,58,77,192,610
zhizhwa01,Wang Zhizhi,CENTER,26,LOS ANGELES CLIPPERS,2,0,9,0,1,0,0,4,4,0,4,0,0,1,0,0,4
zhizhwa01,Wang Zhizhi,CENTER,26,MIAMI HEAT,14,0,105,17,45,4,14,5,6,4,10,2,3,4,6,13,43
